benchmark,method,gate_checkpoint,task_id,passed,status,raw_output_sha256
ClassEval,CoreFlow-q185,41,ClassEval_11::add,False,RUNTIME_FAILURE,eefb28f262ae83a1ba539def213b6b276d2d268294aea9d646eac1230fc284a2
ClassEval,CoreFlow-q185,41,ClassEval_11::check,True,PASS,fe37ae8dab4bb2eb2589d93a70041f7b0bf12e2b1f330f63429126f61c9da6cd
ClassEval,CoreFlow-q185,41,ClassEval_11::has,True,PASS,ab42655994707ee0f7408b144b670c626920fae4c6e01890c22c5b478d74fb48
ClassEval,CoreFlow-q185,41,ClassEval_11::remove,False,RUNTIME_FAILURE,e3ef05098b0a6db402131488ba756ecffb61225447f9bda8dce7b50b7f2b9130
ClassEval,CoreFlow-q185,41,ClassEval_12::calculate_hand_value,False,ASSERTION_FAILURE,515f13d1f06e6dbcd58b4ae102874dcb36a16d71c48405abe35e099429e34843
ClassEval,CoreFlow-q185,41,ClassEval_12::check_winner,False,RUNTIME_FAILURE,e7681638ccb9b5045a2b3ac115549d9a3153383299cfbbf94b77a92460d94e50
ClassEval,CoreFlow-q185,41,ClassEval_12::create_deck,False,ASSERTION_FAILURE,28b069ccbff1a7416ddcd53eb03ab6f049b8ecc66cddcb1b5e89092ce470ff95
ClassEval,CoreFlow-q185,41,ClassEval_14::add_book,False,RUNTIME_FAILURE,2b485c5c7896b02c36bcbaa99c9748adbae83e2b1a0ef07a4110f8bda676c82c
ClassEval,CoreFlow-q185,41,ClassEval_14::borrow_book,False,RUNTIME_FAILURE,5d9a5829b5ee39a2c45f886d7b5af3530a406dbe069ad057d5e8bb65acc36de6
ClassEval,CoreFlow-q185,41,ClassEval_14::create_table,False,PARSE_FAILURE,0f5deb6c093e16ba459b03b4e3796a0a8e39dba72563b4850870386a83a182f8
ClassEval,CoreFlow-q185,41,ClassEval_14::remove_book,False,RUNTIME_FAILURE,eb123327cbc54667130895f0d84e1f96155d547bbbe3f2c32740778303200e33
ClassEval,CoreFlow-q185,41,ClassEval_14::return_book,False,RUNTIME_FAILURE,707144ec8d6ef6b82e6c175e3b16d84054eacdb33f37db81d21b9cf10e591858
ClassEval,CoreFlow-q185,41,ClassEval_14::search_books,False,RUNTIME_FAILURE,753f2d9aa70a113a1b937105f4a617ae93ff833ff6ccd735d0ccd027feadbe4e
ClassEval,CoreFlow-q185,41,ClassEval_15::bad_character_heuristic,False,ASSERTION_FAILURE,17ea1849df3a80a63d23689592fb5ff499e651ed3bb53580d694518c807be4aa
ClassEval,CoreFlow-q185,41,ClassEval_15::match_in_pattern,False,RUNTIME_FAILURE,164bf5984ced6805aaeb56088a9376794ef14b19dc322aac757c6fe5896be956
ClassEval,CoreFlow-q185,41,ClassEval_15::mismatch_in_text,False,ASSERTION_FAILURE,2924a25840c2a4ec7afb976c1b223c78e0748368fc31164f54fe72c7ca06eb9c
ClassEval,CoreFlow-q185,41,ClassEval_19::generate_primes,False,ASSERTION_FAILURE,9b5b6de22299ac65c0559a78dd915cb07928efe0b655b9eb66e1d87b9c78bb2c
ClassEval,CoreFlow-q185,41,ClassEval_19::get_primes,False,ASSERTION_FAILURE,656c4ce05c1c69bfacee81486d7f999081dbbb42572e724713d0d1dc144ab34f
ClassEval,CoreFlow-q185,41,ClassEval_1::calculate_annulus_area,False,ASSERTION_FAILURE,5c30c30744cbc634a8ba9a210e8df5b571edbb27857bf07a67ac03cd6ac8610e
ClassEval,CoreFlow-q185,41,ClassEval_1::calculate_circle_area,True,PASS,03908d4bc67e730730e7f1ec91a608862da0abf2ba934649d0a15f5711c12a96
ClassEval,CoreFlow-q185,41,ClassEval_1::calculate_cylinder_area,False,ASSERTION_FAILURE,d2fc9e8b7d011bd4f93fdd775afb8ca639cc32b4d27fed75af1823366a155c3a
ClassEval,CoreFlow-q185,41,ClassEval_1::calculate_sector_area,False,ASSERTION_FAILURE,82abf372d8bdf7f06972f67020fa4cfba329028827ef48530c049f199e5a6de6
ClassEval,CoreFlow-q185,41,ClassEval_1::calculate_sphere_area,False,ASSERTION_FAILURE,0ee86144c8c1e4d042c06c212b3524a19d677f5cfef11a1822af404e6647c851
ClassEval,CoreFlow-q185,41,ClassEval_22::get_all_major,False,ASSERTION_FAILURE,68332cdb315543f0f21954d9f6635b6a332a09731c2191060a3ec20bdbfdd4ae
ClassEval,CoreFlow-q185,41,ClassEval_22::get_most_popular_class_in_major,False,RUNTIME_FAILURE,42fcfacfe4d9c66e2ec6c4f3ea7cfed639eed68745191e45244bd8e4cba6873f
ClassEval,CoreFlow-q185,41,ClassEval_22::get_students_by_major,True,PASS,5c633b2c00c9c364007ad80d622c0b13b00c22777b5be6a1cbc29125740cf5c2
ClassEval,CoreFlow-q185,41,ClassEval_22::register_class,True,PASS,68eedb0064833a613767fc30d721c0a6570bf13d3205321cc2014d85badade2e
ClassEval,CoreFlow-q185,41,ClassEval_22::register_student,False,RUNTIME_FAILURE,694306ebdf7f3a34106f345332528b5103739c7bfe1d5cf44fb3abf2828ec175
ClassEval,CoreFlow-q185,41,ClassEval_27::add_currency_rate,True,PASS,f1319c0acabcf092e2850ac8397841a22ce161e9ca0da12176903f7198f2a3e2
ClassEval,CoreFlow-q185,41,ClassEval_27::convert,False,RUNTIME_FAILURE,d4ac290833e57dc3a31b4c74c365b2a1501f9df3de176ab8333c6fbaee5454bf
ClassEval,CoreFlow-q185,41,ClassEval_27::get_supported_currencies,False,ASSERTION_FAILURE,90b64159e0997d7f3242ea0ff68695241c8963fe4c35c0e10cd47bf5adec5d20
ClassEval,CoreFlow-q185,41,ClassEval_27::update_currency_rate,True,PASS,74b0b36dba0b39f4cf2f50669a615beb16a8e348991fd440267df6f0259f7de3
ClassEval,CoreFlow-q185,41,ClassEval_29::mean,False,ASSERTION_FAILURE,9bec6c394128c018435165edb2dcccec053cd4827172a76c57664b8410939c7b
ClassEval,CoreFlow-q185,41,ClassEval_29::median,True,PASS,573ae095e92cb78913a2cea82ff073f9919cad62130d86b8c1d305484fc2524f
ClassEval,CoreFlow-q185,41,ClassEval_29::mode,False,ASSERTION_FAILURE,fcc0ad8b9e1a170bc5b09ed2b85ffaa437bad31a7d8fb6f02d89c131c553d065
ClassEval,CoreFlow-q185,41,ClassEval_2::_convert_type,False,RUNTIME_FAILURE,7261c1ccd9fe04cd01fdc65c16264c5c9bd647020fd3119a736e17d1cfafd2b3
ClassEval,CoreFlow-q185,41,ClassEval_2::add_argument,False,RUNTIME_FAILURE,d2e55d3e2dc18f530d9b49be1e597eb249870feccba04d140a390fb56c6b227e
ClassEval,CoreFlow-q185,41,ClassEval_2::get_argument,False,RUNTIME_FAILURE,0ade8e9e5e26a800f2768a1f545b36df6b3409fabbf80d78da09a1b013d52287
ClassEval,CoreFlow-q185,41,ClassEval_2::parse_arguments,False,RUNTIME_FAILURE,305e84d632943a5ec62034874142bd3bdb8a92173d6c0d51dad4c44a0adcccc1
ClassEval,CoreFlow-q185,41,ClassEval_30::get_correlation,False,RUNTIME_FAILURE,d192320c8589f8cee5f1a8c88b543ac8ddd2181629c83aace6762aa43ab74615
ClassEval,CoreFlow-q185,41,ClassEval_30::get_max,True,PASS,e2e3d3e973065644540df498912593e1ef05e7fbe9ba8c49119f0fd5a5ed12ad
ClassEval,CoreFlow-q185,41,ClassEval_30::get_min,True,PASS,1fc6a16d66263b77f43c350407cb203e23626268b27ea4b8fbba66fb0af76ecb
ClassEval,CoreFlow-q185,41,ClassEval_30::get_std_deviation,False,ASSERTION_FAILURE,4b745ef0bb372aa333ce694011f498e25ead13673c111cc25ce906a5b82940c9
ClassEval,CoreFlow-q185,41,ClassEval_30::get_sum,True,PASS,fccc1c844abb08d2c1fb6d5db6610401771b6317c416566e7d3f694e0f9550c5
ClassEval,CoreFlow-q185,41,ClassEval_30::get_variance,True,PASS,1b33535f4a64ca3be01847009d869d1593ffd90652fee00963941a5f644c2988
ClassEval,CoreFlow-q185,41,ClassEval_32::caesar_decipher,False,ASSERTION_FAILURE,029cb433109ceafd246610b5ca1e7adfebd649f15e0d05ec00629ac7b8631fbb
ClassEval,CoreFlow-q185,41,ClassEval_32::rail_fence_decipher,False,ASSERTION_FAILURE,e82f24aa21f89d408f50d3273becf08464d0c4c81b5157fb78c868e076131e7c
ClassEval,CoreFlow-q185,41,ClassEval_32::vigenere_decipher,False,ASSERTION_FAILURE,26d136ce5d9233005d64f6aa04debec0419bed03cc279525024c36c45a9bedc1
ClassEval,CoreFlow-q185,41,ClassEval_33::BulkItemPromo,False,COMPILE_FAILURE:10,ceda21dfd71952dee61cedd6b86926bd02976467fbcb444303d70290ef98b9fc
ClassEval,CoreFlow-q185,41,ClassEval_33::FidelityPromo,False,CLASS_COMPILE_FAILURE:47,01bfb68b35f76eb059d49663cd73da20665e5f6fa473bc4af0b5b38bf1a044f0
ClassEval,CoreFlow-q185,41,ClassEval_33::LargeOrderPromo,False,CLASS_COMPILE_FAILURE:47,98cd5f916577dbe57dd931276625023605da221c6a7af6a314c78f632e24549c
ClassEval,CoreFlow-q185,41,ClassEval_33::due,False,COMPILE_FAILURE:13,eb6061e9bcb0ad0b4b8869941c61f45579eedc8ba735d99311032b8c21985f18
ClassEval,CoreFlow-q185,41,ClassEval_33::total,False,CLASS_COMPILE_FAILURE:47,f2a74b15c4b2ebe19d7c614ea7fe9cbf8074d008736e0a2645ebe834cee68d9f
ClassEval,CoreFlow-q185,41,ClassEval_35::find_blank,False,ASSERTION_FAILURE,faa30848c5b60dfcfb3afbd68ddb83f9fa077a7d074ca611277c0ed4726d379c
ClassEval,CoreFlow-q185,41,ClassEval_35::get_possible_moves,False,ASSERTION_FAILURE,d5ccd3c614445bb17a6f90843506eeded163eb3f0dbd5866c009a1ff1d0edb91
ClassEval,CoreFlow-q185,41,ClassEval_35::move,False,RUNTIME_FAILURE,36f4e98de6d74b3624fb7f09cef9ed62f92e8f9d559b86366644d3dd8cd1f185
ClassEval,CoreFlow-q185,41,ClassEval_35::solve,False,RUNTIME_FAILURE,b73c055a0fda710446f0ed869d88eb4a08557b930651b2733b8c206b3e7ecf1a
ClassEval,CoreFlow-q185,41,ClassEval_37::caesar_cipher,False,ASSERTION_FAILURE,177112a16b9f11f667035372a5541bd24b5b161c4a859d7cf5a4181b15bbf273
ClassEval,CoreFlow-q185,41,ClassEval_37::rail_fence_cipher,False,RUNTIME_FAILURE,f84fa5fb9e1b486e94c88c694ff21419151798e02e34245e7d49f530f3a52ccc
ClassEval,CoreFlow-q185,41,ClassEval_37::vigenere_cipher,False,ASSERTION_FAILURE,9246b3b5f34da0b3d60d160c9b1e64a60086b33f28fb311a7377519d30d542d6
ClassEval,CoreFlow-q185,41,ClassEval_39::_calculate,False,PARSE_FAILURE,2d80758c7ddeebc28d57561fff161c7e7b3b08ddf2e26849333286f78d16cd32
ClassEval,CoreFlow-q185,41,ClassEval_39::calculate,False,CLASS_COMPILE_FAILURE:108,fc576240661366437bfaad9c72f37beca1a78000fc1e229eab5bd4f59ec01933
ClassEval,CoreFlow-q185,41,ClassEval_39::compare,False,CLASS_COMPILE_FAILURE:108,76fbbf06139e1ebefd0bb8629a053626f07eebba994a390c8807440efcb6ce68
ClassEval,CoreFlow-q185,41,ClassEval_39::is_operator,False,CLASS_COMPILE_FAILURE:108,fbddcf7f9f189c2ef9baffef6a0dbeef5d0b836c77f9b20dda636df51bb08e7d
ClassEval,CoreFlow-q185,41,ClassEval_39::prepare,False,COMPILE_FAILURE:74,8ef72064cf575c4549e54dddcb116c78c679562329355bf9de559fb6544cab48
ClassEval,CoreFlow-q185,41,ClassEval_39::transform,False,CLASS_COMPILE_FAILURE:108,64def8e4adf3e9f5302c70f9777a1c020e3e6cb846cbaee9448c810f89581680
ClassEval,CoreFlow-q185,41,ClassEval_3::count,False,CLASS_COMPILE_FAILURE:122,29e61b413afcddb6b470803bb84055faa19d3f9795a5a409f30c44443d6d7932
ClassEval,CoreFlow-q185,41,ClassEval_3::count_all,False,COMPILE_FAILURE:102,ce716fa047db50a1ce1b13fe01c2876f6e512e2fbde6f78478576e0a54a87062
ClassEval,CoreFlow-q185,41,ClassEval_3::factorial,False,CLASS_COMPILE_FAILURE:122,7e0878acd489e1d9c4920f32906f419f30be08f905a59a9fbbd5251a01aa5bc6
ClassEval,CoreFlow-q185,41,ClassEval_3::select,False,CLASS_COMPILE_FAILURE:122,071839bbaee9fdc80caceb1805482510ce5dbb587c580acf4b59db12842bb789
ClassEval,CoreFlow-q185,41,ClassEval_3::select_all,False,CLASS_COMPILE_FAILURE:122,f89eee9e755e4776337475314e7e99694ca63bf660f4504756079d80aac70f08
ClassEval,CoreFlow-q185,41,ClassEval_41::_check_five_in_a_row,False,ASSERTION_FAILURE,8c72f88d1a3a2a84b03c752e40e09863b978a5bf7e18ae40bede7300d7d54542
ClassEval,CoreFlow-q185,41,ClassEval_41::check_winner,False,ASSERTION_FAILURE,159aef8a35144c5a56765a27715d792a06f8d191f9882ded797639d643b6762b
ClassEval,CoreFlow-q185,41,ClassEval_41::make_move,True,PASS,964b7e04da6f95832558138d0cdb31e4a987441c74a987b869570b754232b84d
ClassEval,CoreFlow-q185,41,ClassEval_42::book_room,False,RUNTIME_FAILURE,657789e7864f8672e4b26ae6e63cd129326c3fb6576f37a8006ab683bc3a717f
ClassEval,CoreFlow-q185,41,ClassEval_42::check_in,False,ASSERTION_FAILURE,efadc7d537e23a4054ed5b633864649d2a6cfb8193fdb45f1b81a5a1475af398
ClassEval,CoreFlow-q185,41,ClassEval_42::check_out,False,RUNTIME_FAILURE,22f480742fe99f23fdf0e7c008aa4391dce7288dd06a2f1f4dd9c60f93f60a20
ClassEval,CoreFlow-q185,41,ClassEval_42::get_available_rooms,False,RUNTIME_FAILURE,ed51a910d3acf71c85e4366f7d9d312bd2f80620a38e6f130363b67c02b039d5
ClassEval,CoreFlow-q185,41,ClassEval_43::add_employee,True,PASS,34bb1233edb5fdf418ad6b3360a6258b4fbc5ceceefa7bf832b62192e997dc10
ClassEval,CoreFlow-q185,41,ClassEval_43::get_employee,True,PASS,eda803c0c1b07ecdfb0b0af4a0c55cf62c9c1ee1cefaf7149804dae89bec0b0e
ClassEval,CoreFlow-q185,41,ClassEval_43::list_employees,False,ASSERTION_FAILURE,7541e55259dfda464d3530c48cfc22983a1dc01cb269bbee0fe4985e685c361f
ClassEval,CoreFlow-q185,41,ClassEval_43::remove_employee,True,PASS,4c5fbabe48e1a17bf11a68f28a172000a620c6d08e31f2920dabee69e4d6c890
ClassEval,CoreFlow-q185,41,ClassEval_43::update_employee,False,ASSERTION_FAILURE,2deec0401c76121cc65e2da90ba802bb29c5f15c2041a3e2d1924ac43d53a674
ClassEval,CoreFlow-q185,41,ClassEval_46::interpolate_1d,False,ASSERTION_FAILURE,e72a5d00e1177b105f63a47f4e8e4b529fabaa8ee0788ee3a7bd8842f65ee86a
ClassEval,CoreFlow-q185,41,ClassEval_46::interpolate_2d,False,ASSERTION_FAILURE,d9220a6c119a3a0e3e44dc36329e51f6a2b56d7d89f2446825aea7ba29499fb1
ClassEval,CoreFlow-q185,41,ClassEval_47::get_binary,False,ASSERTION_FAILURE,bb276bcbf11e68c2673ed9c956984640927f88b998ed18fa403a5c040c82b26c
ClassEval,CoreFlow-q185,41,ClassEval_47::get_octets,False,ASSERTION_FAILURE,fbd27dba495f988c810e7bf608041d63bb18910018f5cba4ba0952f98dc44c2c
ClassEval,CoreFlow-q185,41,ClassEval_47::is_valid,False,ASSERTION_FAILURE,425fb53d4cffe679024c294feacad8eed61225584fa63e2530adcd7ae1764ddc
ClassEval,CoreFlow-q185,41,ClassEval_53::add_word,True,PASS,e7586f5e2c706dc883cdb00c8efc26c15d6049a8bee710148ec163d2455de749
ClassEval,CoreFlow-q185,41,ClassEval_53::find_longest_word,False,ASSERTION_FAILURE,46d054f0aebbd14e67fca04a1559eb2a9061f75a3642749cd811905b5687cd50
ClassEval,CoreFlow-q185,41,ClassEval_54::create_board,True,PASS,53667dde0dda8caccf405190e9a72457f3da344d667df4d50af9fd80d9f22dc3
ClassEval,CoreFlow-q185,41,ClassEval_54::has_path,False,ASSERTION_FAILURE,805d4ad4ab33d6f2c2279e1e3675a03c25227352caaf8480dc9412eb250fe162
ClassEval,CoreFlow-q185,41,ClassEval_54::is_game_over,False,ASSERTION_FAILURE,811ce13dec6f31cbcc37665a3c7b74fbce61d94a05f75305e659b72698b8e405
ClassEval,CoreFlow-q185,41,ClassEval_54::is_valid_move,False,RUNTIME_FAILURE,3bd37ee0d6c746ab074146bc89fb05ed579b5c300375f96a078b19e718ac0b3d
ClassEval,CoreFlow-q185,41,ClassEval_54::remove_icons,False,ASSERTION_FAILURE,c9ceb9ae43e2028907aaae771c86923f4fec8f5ee1a51249a14e62b664d27c6d
ClassEval,CoreFlow-q185,41,ClassEval_55::palindromic_length,False,RUNTIME_FAILURE,17cecb6c0d7c7405956ea136f5274afceb76ac643621417e1ee725dbd31b8062
ClassEval,CoreFlow-q185,41,ClassEval_55::palindromic_string,False,PARSE_FAILURE,2757158683db7b1b5d0de4fa396d36dee64ada2e4a3629535e811d700c84d6c4
ClassEval,CoreFlow-q185,41,ClassEval_56::accuracy,False,ASSERTION_FAILURE,4a9e564d0d7c346108e9ac5fd3c8737ad73d018bc389599d06da00fdfa0d6d1c
ClassEval,CoreFlow-q185,41,ClassEval_56::f1_score,False,RUNTIME_FAILURE,0c9e98cc3ac69b3e9d02b21b08221a9db1360a516b0ee58c94be4adf000a39fb
ClassEval,CoreFlow-q185,41,ClassEval_56::precision,False,RUNTIME_FAILURE,3349a67f3fac32dd6f9f70697a7a2efa9294b3266ffab6417c32e613dcb07c4d
ClassEval,CoreFlow-q185,41,ClassEval_56::recall,False,ASSERTION_FAILURE,5bcf14d43140d18586927a63754ce19e59b287d9a76991bae60e2dc8319d717e
ClassEval,CoreFlow-q185,41,ClassEval_56::update,False,ASSERTION_FAILURE,123d425226721aa147613c5b9df679089fdf2fdc80c89e01706f72e8ef97e795
ClassEval,CoreFlow-q185,41,ClassEval_57::map,False,RUNTIME_FAILURE,e9e4632d8a659d7925685fe7d34452b4acf0d90d3568a4b801f45305d3452e4a
ClassEval,CoreFlow-q185,41,ClassEval_57::mrr,False,RUNTIME_FAILURE,fc7e38f4fe183c3a14acf92aa94a965ff5f135924ef6b31567dbd25e7a65968f
ClassEval,CoreFlow-q185,41,ClassEval_58::check_won,False,RUNTIME_FAILURE,3924d5c3143bbf2023b6e32901427b793c6fc173f09d6c5142e6cfd5bfc14243
ClassEval,CoreFlow-q185,41,ClassEval_58::generate_mine_sweeper_map,False,RUNTIME_FAILURE,977570f8c00b8bc00ef9928d9feffa994c156f349eccdd4f7bb7648613579bad
ClassEval,CoreFlow-q185,41,ClassEval_58::generate_playerMap,False,PARSE_FAILURE,ec5e9a404596f3919e8f5881b7d7309ea0f4b0b543a49996f72a08459d2c5ba7
ClassEval,CoreFlow-q185,41,ClassEval_58::sweep,False,RUNTIME_FAILURE,f0cd06c7f76078a238c975c41cc01f5ea69b65fb9034a0b93b4bd87bcd195fd1
ClassEval,CoreFlow-q185,41,ClassEval_59::add_movie,False,ASSERTION_FAILURE,c213fca7d554ba5919cc4cad31584105e00cbea88d4a255255b2075830ab595a
ClassEval,CoreFlow-q185,41,ClassEval_59::available_movies,False,ASSERTION_FAILURE,6ab679006eb47215271bb9dd1def860f6e12410696ff03efe12232530346220e
ClassEval,CoreFlow-q185,41,ClassEval_59::book_ticket,False,ASSERTION_FAILURE,69e030f9abf4dd8b5a0f00c36846aa319418beefa112f8bdb2a68fba17b2190c
ClassEval,CoreFlow-q185,41,ClassEval_61::add_song,True,PASS,980f20d58386f497a24cfbf36f60cc725914f2887e0210c33279b15bda6b1cd0
ClassEval,CoreFlow-q185,41,ClassEval_61::play,False,RUNTIME_FAILURE,4b73ebc59176148e6dd4207248b571f2eadacdca0dc8ab65afc94d532fc73182
ClassEval,CoreFlow-q185,41,ClassEval_61::previous_song,False,ASSERTION_FAILURE,50e63d1aae7c32096dfd8e1203030b03e2ceefc8b7a73610cde465926b361108
ClassEval,CoreFlow-q185,41,ClassEval_61::remove_song,False,RUNTIME_FAILURE,c9c0705173f500da99c2476782d60fdc2ecfd932464a0009e02b4e8958075a3c
ClassEval,CoreFlow-q185,41,ClassEval_61::set_volume,False,ASSERTION_FAILURE,ca1ca712cf03053915faee912c4f21e9accb7e9da5da89ef94626f95ab6c79fd
ClassEval,CoreFlow-q185,41,ClassEval_61::shuffle,True,PASS,0994de83765b0dd9c7e5ec1b3f3248beb4e94c98226ac882dd0ee8cc09568b90
ClassEval,CoreFlow-q185,41,ClassEval_61::stop,True,PASS,108fc98305452e22ef72e071cbb9051f27cc0ce3179c9dff135f9c57120d77e0
ClassEval,CoreFlow-q185,41,ClassEval_61::switch_song,False,ASSERTION_FAILURE,a619f6aad57456943c7586ada9894370f8d6530aabb3a9287de997f8798919d0
ClassEval,CoreFlow-q185,41,ClassEval_64::binary_to_decimal,True,PASS,1ac854a2070daeb1cb00f593285d04e1ab96846f8266537dd6f31ab66b2e311d
ClassEval,CoreFlow-q185,41,ClassEval_64::decimal_to_binary,False,ASSERTION_FAILURE,83fb1968218518336510ce5f799ff6d49c891b73ec332b63c0000eadafa6c351
ClassEval,CoreFlow-q185,41,ClassEval_64::decimal_to_hex,False,ASSERTION_FAILURE,f37fb2354a5fc2612560685a454feb65564b0e0fd080e46f06766bf447235f8a
ClassEval,CoreFlow-q185,41,ClassEval_64::decimal_to_octal,False,ASSERTION_FAILURE,4a1694bb0b121fd1381c0c7bd486c0c8cf4f7a01f9df892ad5101d9ebc262254
ClassEval,CoreFlow-q185,41,ClassEval_64::hex_to_decimal,False,ASSERTION_FAILURE,7bdf20429acbd7792b9480c05d62c6553d0f725e35fd71b7ddc8ae30deaaa999
ClassEval,CoreFlow-q185,41,ClassEval_64::octal_to_decimal,True,PASS,a9375f2203a6935811b910058e5fb987ef76b2a7d226df0752815337d1229a0c
ClassEval,CoreFlow-q185,41,ClassEval_65::format,False,RUNTIME_FAILURE,c6e5e529771f890a95160ee1db92a6d77574059d188efdab57df95df79324c6d
ClassEval,CoreFlow-q185,41,ClassEval_65::format_string,False,ASSERTION_FAILURE,c274f8e80bfed83a6c10ac70c8cd9314bc93e783eb67d6bd9a802160c604ba80
ClassEval,CoreFlow-q185,41,ClassEval_65::parse_more,False,ASSERTION_FAILURE,f2dd6e4a23649956b9924d25cdf855e459b3b5a3754b92948aa9072ba44ba7ad
ClassEval,CoreFlow-q185,41,ClassEval_65::trans_three,False,ASSERTION_FAILURE,31f21640bc2043a313b7f2a9149ca8bc2c7165063d7431940cf861e8ccf1f294
ClassEval,CoreFlow-q185,41,ClassEval_65::trans_two,False,ASSERTION_FAILURE,4ce2aec491a6f3ef0c301d9fa752ad9a5886f37320283a2e665a3aff6b0afa27
ClassEval,CoreFlow-q185,41,ClassEval_68::get_page,False,RUNTIME_FAILURE,2ad70d5acdb4941a31e2c1ebd05ca2af9673acb71a3a5a7d2cd381636a7b32f0
ClassEval,CoreFlow-q185,41,ClassEval_68::get_page_info,False,ASSERTION_FAILURE,c29dd225353e0f67f23c43db926ac8b8cf43169761e30c5c18f8770c2621bb47
ClassEval,CoreFlow-q185,41,ClassEval_68::search,False,ASSERTION_FAILURE,5b555840a908a5d634967746467fc311971a5d04e32c1ec5e70facaccbc6c867
ClassEval,CoreFlow-q185,41,ClassEval_70::_validate_name,True,PASS,b9fcddf3e80606f8d9621b5e4e4eb78a79cb20d80781e98d71a4c298ff7c93d1
ClassEval,CoreFlow-q185,41,ClassEval_70::_validate_phoneNumber,True,PASS,b504afe53b9f1914e4ef8562012d5737d9abf95aa8046f85776b269ec04137f9
ClassEval,CoreFlow-q185,41,ClassEval_70::_validate_sex,False,ASSERTION_FAILURE,aaf55f1eae971a5c586bf3d87ca7596fd0b8dafc8b87663a188c0383b23fefe3
ClassEval,CoreFlow-q185,41,ClassEval_71::check_win,False,RUNTIME_FAILURE,f2a656797a628b9e23172f2993fe35761d3937c62b1f4edadfff83f5dcf8763f
ClassEval,CoreFlow-q185,41,ClassEval_71::init_game,False,RUNTIME_FAILURE,2b6fb602b3653b31faa79eb9a8c0b586023029d53a21d73cd4706c78f6f73a9c
ClassEval,CoreFlow-q185,41,ClassEval_71::move,False,RUNTIME_FAILURE,e572c5b59b12f3d49440767aeebc3a9be7527a23351ea1700e962f6cf5ed3461
ClassEval,CoreFlow-q185,41,ClassEval_73::attack,True,PASS,42dbc578101449a8c3f99375e4cb3162d6bf484c67afb2a05e469bd4d46166b1
ClassEval,CoreFlow-q185,41,ClassEval_73::gain_exp,False,ASSERTION_FAILURE,c8604f6a00cf98e110fb396a695707208777fa85c849b68ebed7c2eb35de59e2
ClassEval,CoreFlow-q185,41,ClassEval_73::heal,True,PASS,338989b002c1cca25b47a2d6b4a6aaa39c107a4d787467d6ab4319f3b1d401ca
ClassEval,CoreFlow-q185,41,ClassEval_73::is_alive,True,PASS,05813699de928b0b57e675e34d0674fd360d40588869067b013240b6559f7320
ClassEval,CoreFlow-q185,41,ClassEval_73::level_up,False,ASSERTION_FAILURE,343f7ed89c8a216575a94b9cc0f221261f87c4c63d034429eeb061e68f57166e
ClassEval,CoreFlow-q185,41,ClassEval_75::add_item,True,PASS,9d3b1c9c50270d9d9429aea16eee549e5a7920c36f091e70d174b15367685069
ClassEval,CoreFlow-q185,41,ClassEval_75::remove_item,True,PASS,d0ac465d9a05a1400a747b13f4ee4f189108c8b57327fec4b1ebd7b364754c32
ClassEval,CoreFlow-q185,41,ClassEval_75::total_price,True,PASS,e52f259f0fcc3ca000042100f3cd48d22eb2af70c4449d840615e5ce9a47038c
ClassEval,CoreFlow-q185,41,ClassEval_75::view_items,True,PASS,8ffa22c04cc85102016fe1e6874ec75c402ca25745e1b1b837a51a00c98f3db7
ClassEval,CoreFlow-q185,41,ClassEval_76::add_user,True,PASS,368b34d18a024417c8558b7fd52ae05034e8be8d83ee3b82f14a6afe2ef9ad64
ClassEval,CoreFlow-q185,41,ClassEval_76::all_not_signed_in,False,RUNTIME_FAILURE,8c766c7f756756e5469d39ffecf578eca5c602aa51355790582d013f95db97b5
ClassEval,CoreFlow-q185,41,ClassEval_76::all_signed_in,False,ASSERTION_FAILURE,25cb71fa57b82db776ffca5789fe975acf1746abbc2e449ce0c8efe9d92b6c34
ClassEval,CoreFlow-q185,41,ClassEval_76::check_sign_in,False,ASSERTION_FAILURE,91172c5d1dd33d079060bf0e809442c4ed974ed16f0750bc4f88c03b59f8ced2
ClassEval,CoreFlow-q185,41,ClassEval_76::sign_in,True,PASS,022f887b30f61df889cde269eed4d2090e980e82bf3bded7bd15fece791d5926
ClassEval,CoreFlow-q185,41,ClassEval_79::delete,False,ASSERTION_FAILURE,3e6dee186024fe369c989e317359f756cda3342f02264184cb77909944fbe264
ClassEval,CoreFlow-q185,41,ClassEval_79::insert,False,ASSERTION_FAILURE,1dba9da4993d1951ac695d0977447b1d6d1e3abc865176377300b9ee477fef36
ClassEval,CoreFlow-q185,41,ClassEval_79::select,False,ASSERTION_FAILURE,707c541dfb35a9da10056681e03a4b07600069da69c954ed01ee2bc7e8d43fe2
ClassEval,CoreFlow-q185,41,ClassEval_79::select_by_age_range,True,PASS,02ba2173c6146b3e96a73b2784f707dcf145f55181166d463410702db7e2b908
ClassEval,CoreFlow-q185,41,ClassEval_79::select_female_under_age,True,PASS,16542afd05e62c7f152955a90c27ca66d910df228ee0c08baa830269a0054390
ClassEval,CoreFlow-q185,41,ClassEval_79::update,False,RUNTIME_FAILURE,1e2c02ee8574e0eb21a08c1f2917b6ee2fbac778ea1163ef3216067ed9f75d7f
ClassEval,CoreFlow-q185,41,ClassEval_7::check_balanced_brackets,False,ASSERTION_FAILURE,03f1d86e4c739aab4b5a81e286530afe2960d14699c36e71b1b38d91eddd5084
ClassEval,CoreFlow-q185,41,ClassEval_7::clear_expr,True,PASS,d1ad2f0b70cd3f627de5475480500ba1a0091555e0deb372d6b82d1e4e2efb85
ClassEval,CoreFlow-q185,41,ClassEval_81::correlation,False,RUNTIME_FAILURE,35789a7e4971fef156cb51da99b10fbdab07104c7920bdd648b1263eb96006b6
ClassEval,CoreFlow-q185,41,ClassEval_81::correlation_matrix,False,ASSERTION_FAILURE,6fffb98a5aea5c5f0ff9f78df7d6ca8b7595829df6784c4984938f9c6e00a3cb
ClassEval,CoreFlow-q185,41,ClassEval_81::mean,False,RUNTIME_FAILURE,834c0963cfa52649b6c0bfa197b23d3a55933f5f66a78e32ed4ededdde52001d
ClassEval,CoreFlow-q185,41,ClassEval_81::median,True,PASS,68416bd5f011a2602d4d0ace88c194c90eb959645538d6e1e170787ad34c2707
ClassEval,CoreFlow-q185,41,ClassEval_81::mode,False,ASSERTION_FAILURE,27232c4202f4d30e429d01aeb18a494207fd0289e8258603b415fbe72f19bfcb
ClassEval,CoreFlow-q185,41,ClassEval_81::standard_deviation,False,RUNTIME_FAILURE,b752fbdc8f8cd7b2bd580d9ab630bb3db0b91aacbd223522f91a55e5f1aea8d4
ClassEval,CoreFlow-q185,41,ClassEval_81::z_score,False,RUNTIME_FAILURE,9fa4a7b926e6fa128cf3b675975538b50d336b4c731110f7260c8386713c885d
ClassEval,CoreFlow-q185,41,ClassEval_82::add_stock,False,ASSERTION_FAILURE,84c59629ade0e48035f6e023b006cee549200dcf4fdfbedd1f6f1ecb42d732f1
ClassEval,CoreFlow-q185,41,ClassEval_82::buy_stock,False,ASSERTION_FAILURE,4fd3525898d898f72275cd2da0a1a08145ca039a408d8e90cde7ba486c67bea7
ClassEval,CoreFlow-q185,41,ClassEval_82::calculate_portfolio_value,False,ASSERTION_FAILURE,b1b7762317094221f468385e3f860f7d0f9d22e5c26fd5758ad726c875507de9
ClassEval,CoreFlow-q185,41,ClassEval_82::get_portfolio_summary,False,ASSERTION_FAILURE,62436c4da25ede4f8d60410efd2ef000a26fb529a0bc8f905c75c52a0a896139
ClassEval,CoreFlow-q185,41,ClassEval_82::get_stock_value,True,PASS,914590fb0b5f8411bb0abf77e54c3167516749a88a2eb74573de92e06cdf1748
ClassEval,CoreFlow-q185,41,ClassEval_82::remove_stock,False,ASSERTION_FAILURE,b38f5b06c3c416fd202d64441005627b5b82804441faa1389a8e48f3da65b075
ClassEval,CoreFlow-q185,41,ClassEval_82::sell_stock,False,RUNTIME_FAILURE,de0e9e62d12c4b7764f8e3df01c27817f0afb6e05ff04e2e64420f34613c3b6f
ClassEval,CoreFlow-q185,41,ClassEval_84::process_file,False,RUNTIME_FAILURE,45b3165ac69bc37e28ec03265cedc3798b1bfd0665c6cfd9201f7a3973de668c
ClassEval,CoreFlow-q185,41,ClassEval_84::read_file,True,PASS,a3afb0f004482a02d9c3ad1aaf527bac8540a3f09ad8004f5d5241c8d675b6ce
ClassEval,CoreFlow-q185,41,ClassEval_84::read_file_as_json,True,PASS,a2cbbc0f7358490e1214536c8c5141e22d2084f51efa86d68ecb26f5c4ca425f
ClassEval,CoreFlow-q185,41,ClassEval_84::write_file,True,PASS,0ee39411eeb09450d43818f25bb2e55cf3d2201523b2c4ce3b22c878ee0bc8ac
ClassEval,CoreFlow-q185,41,ClassEval_85::auto_check_conflict,False,ASSERTION_FAILURE,69b7058f506c0573401badce611dacde7cfb15ad0a31f6ee954d190661bf120d
ClassEval,CoreFlow-q185,41,ClassEval_85::auto_set_mode,True,PASS,b2cb4300ee3f3abcc7849ef1caf19502aa54a93c21b9287b5cbca1065cfdce49
ClassEval,CoreFlow-q185,41,ClassEval_85::get_mode,True,PASS,e196cbab95eb8b71d921618a1c7d81c936ece8ae2f1d538d7df042aa7b677a28
ClassEval,CoreFlow-q185,41,ClassEval_85::get_target_temperature,True,PASS,e1bd1bcce134b780c8ec0933486fe09f92ada8b8f2fe5a98152b198d7a083525
ClassEval,CoreFlow-q185,41,ClassEval_85::set_mode,True,PASS,429e6fc2e9cef2c7f3b2d70815ebc8a29c282367ddefaa3e806d8c3d730674a8
ClassEval,CoreFlow-q185,41,ClassEval_85::set_target_temperature,True,PASS,1f5a0c12174e3a40fb1068fab90e368bbb6872791f9e188ed4088eedae123a43
ClassEval,CoreFlow-q185,41,ClassEval_85::simulate_operation,False,ASSERTION_FAILURE,065f554c421372a21680dab0a7d3f76991052dbbc52e5904889068a3306453fb
ClassEval,CoreFlow-q185,41,ClassEval_86::check_winner,False,RUNTIME_FAILURE,57880ea9221faccb5560fa0aee4f1554862d5664d898295b13d47f5a136d8df3
ClassEval,CoreFlow-q185,41,ClassEval_86::is_board_full,False,ASSERTION_FAILURE,d36516b11b2c236a349b04f64dfb810f4ce124e3f187828648531a007e2b9633
ClassEval,CoreFlow-q185,41,ClassEval_86::make_move,False,ASSERTION_FAILURE,29bc7aeddab4b8df6ce99ed8279a33253ba0ccd23426ab72ca6859c2fd72c57f
ClassEval,CoreFlow-q185,41,ClassEval_8::deposit,True,PASS,38631022e158f8d45d45f2e4cac5a13d787594ca3dd9ac13b4c96d609fc24d4d
ClassEval,CoreFlow-q185,41,ClassEval_8::transfer,False,ASSERTION_FAILURE,412fa9254d284ea717f66e50f4c7dc61c37a72859de03c4ff4fb84d962daf2e9
ClassEval,CoreFlow-q185,41,ClassEval_8::view_balance,True,PASS,d8c554b1b37eed59f1cda8adb134685196898b68ac0fbbdb8e481b92f82ad054
ClassEval,CoreFlow-q185,41,ClassEval_8::withdraw,False,ASSERTION_FAILURE,a48b5d8b213b292119990973aecbd0ab76d21d1a44901191acd9f3397ca530a4
ClassEval,CoreFlow-q185,41,ClassEval_90::get_fragment,False,ASSERTION_FAILURE,289eafa74ea7145b1f5d180f0bbfbfbed050c0af356faa54282fc19e35a37e24
ClassEval,CoreFlow-q185,41,ClassEval_90::get_host,False,ASSERTION_FAILURE,8073e6353828ae7cb0ea9fdf27538313f778927c2b3ede8f6f3d8a69d3c07ef1
ClassEval,CoreFlow-q185,41,ClassEval_90::get_path,False,ASSERTION_FAILURE,5baa9d6faa70f4c624a071f7279627adc568d64f6849a103916a46a1d548c5e8
ClassEval,CoreFlow-q185,41,ClassEval_90::get_query_params,False,ASSERTION_FAILURE,f6fae44ee811f8e49c92c0c09c678b82596ba092266377c9dd62ab656f9f0528
ClassEval,CoreFlow-q185,41,ClassEval_90::get_scheme,False,RUNTIME_FAILURE,94d3ecd47129a73da4e9d2ac654300866977df005bd584d7884288a75c5e710e
ClassEval,CoreFlow-q185,41,ClassEval_92::delete_user_by_username,False,ASSERTION_FAILURE,83162cab2d6798db08f2b1a17e32d0d5e94fccb1d372d370b3271d538ffe6069
ClassEval,CoreFlow-q185,41,ClassEval_92::insert_user,False,ASSERTION_FAILURE,2fe4db2b7a7d96235c2853a5e66a2573996c6ef934fcf1ac30303b38a3d82c91
ClassEval,CoreFlow-q185,41,ClassEval_92::search_user_by_username,False,ASSERTION_FAILURE,e41a9d36e6e157a5ca7a44d4fbe9b4a99b990c233fc6651d7f9a34f2f16b3a7b
ClassEval,CoreFlow-q185,41,ClassEval_92::validate_user_login,False,ASSERTION_FAILURE,0865fb0582ec3c9d6ef65fd5e609dcbb12794bff1ad7b67493c43017230faf32
ClassEval,CoreFlow-q185,42,ClassEval_11::add,False,RUNTIME_FAILURE,b4aa17803de45625014ba08126a8a57156450d5e87189c97f8f123c68544c4b1
ClassEval,CoreFlow-q185,42,ClassEval_11::check,False,RUNTIME_FAILURE,d91e75d89e81c03a61f4aab247a775f40c0cdd2600d1b243c46299eff7392417
ClassEval,CoreFlow-q185,42,ClassEval_11::has,True,PASS,86424d39fc19a165206f9f12ee5fb56e68cf9e4446a74d7e7c7d9f361ef5dba3
ClassEval,CoreFlow-q185,42,ClassEval_11::remove,False,RUNTIME_FAILURE,9c06d0ade43d9d04caf61975989cc5b56b4ec99f6b500f2298b9ab9997b5c5c9
ClassEval,CoreFlow-q185,42,ClassEval_12::calculate_hand_value,False,ASSERTION_FAILURE,cbf349389829eac08e87a0a06804534bf90c477a801362f709f18a731d920a3f
ClassEval,CoreFlow-q185,42,ClassEval_12::check_winner,False,RUNTIME_FAILURE,ba617e841a2d860287a47d47c96e2dbe2e42d4ae7b8511174a6900da2aec45b0
ClassEval,CoreFlow-q185,42,ClassEval_12::create_deck,False,ASSERTION_FAILURE,f53d67b2159c082743ca760123d8d07df691b8ff816e306ee81c8994b7ae24fa
ClassEval,CoreFlow-q185,42,ClassEval_14::add_book,False,RUNTIME_FAILURE,8047e50d1124b0fb2b1ae92cd8d9dc25aa8adeea7460ed596bddd029523f0cf6
ClassEval,CoreFlow-q185,42,ClassEval_14::borrow_book,False,RUNTIME_FAILURE,000a7e307714e93866f5d2cb40c8716db901ca2f70543ed1159a8f309cda3a36
ClassEval,CoreFlow-q185,42,ClassEval_14::create_table,False,ASSERTION_FAILURE,399f2ea66d2cb2095dec50683fd678cc9af5f86d85f67980b2338ca7ae2ff7d8
ClassEval,CoreFlow-q185,42,ClassEval_14::remove_book,False,RUNTIME_FAILURE,38cc01eb4656d38c58c61c1dd2f250b6597f1eced3bca11c47304434dcd52457
ClassEval,CoreFlow-q185,42,ClassEval_14::return_book,False,RUNTIME_FAILURE,a9a2bdc769cefedefa830889df03954955868d3a057e26d0302d3879e06e871e
ClassEval,CoreFlow-q185,42,ClassEval_14::search_books,False,RUNTIME_FAILURE,cec52d4e93fa353f1560c1827a0a0ac323c5cff57708f9f7f4c87b4bb01d1a5f
ClassEval,CoreFlow-q185,42,ClassEval_15::bad_character_heuristic,False,ASSERTION_FAILURE,fa0779a9e81c8d4ab0e03724b707e1c81efdfcef3bd646f05a947ac03ac8e395
ClassEval,CoreFlow-q185,42,ClassEval_15::match_in_pattern,False,RUNTIME_FAILURE,8ae7bc67c5abd6cd6670f71effb14e4c0c79ee51c618ae4f3c305ef9ceeb7a62
ClassEval,CoreFlow-q185,42,ClassEval_15::mismatch_in_text,False,RUNTIME_FAILURE,e8cea8e60c5043e118ba5415fe028ae3c22604dd3cdff2bbf81ae0f04d2e377a
ClassEval,CoreFlow-q185,42,ClassEval_19::generate_primes,False,ASSERTION_FAILURE,9b5b6de22299ac65c0559a78dd915cb07928efe0b655b9eb66e1d87b9c78bb2c
ClassEval,CoreFlow-q185,42,ClassEval_19::get_primes,False,ASSERTION_FAILURE,7ea6e24b7b8b37331d090ff6eb6203bc6843509c66bc78656eac3b07b512ef89
ClassEval,CoreFlow-q185,42,ClassEval_1::calculate_annulus_area,False,PARSE_FAILURE,ccb1be512e1df50f3e13c17db96f1d96365ea3f29cbb0d8b80111c7520b9bce6
ClassEval,CoreFlow-q185,42,ClassEval_1::calculate_circle_area,True,PASS,e1c09103fd87de13100f0d9ebb457b677a846158c9732d718ddc934fe96e57fd
ClassEval,CoreFlow-q185,42,ClassEval_1::calculate_cylinder_area,False,ASSERTION_FAILURE,6dd0b403fee3585ec0d68057f8916b0fc12e431a3bbd172ed86969332825c9a0
ClassEval,CoreFlow-q185,42,ClassEval_1::calculate_sector_area,False,ASSERTION_FAILURE,264f6fa3d51c54e1a13c1b59eabbd7d1d7d7712695fe0b1a01e7c8c87c47838e
ClassEval,CoreFlow-q185,42,ClassEval_1::calculate_sphere_area,False,ASSERTION_FAILURE,576d8223d8b2a38b71e5bd029ceecc366fb42704cfe6e1bf98eb78a1836e8939
ClassEval,CoreFlow-q185,42,ClassEval_22::get_all_major,False,CLASS_COMPILE_FAILURE:38,13a621222fb92c394abebcb1f053fd1ea0eff487c422f71137b9502f3c091123
ClassEval,CoreFlow-q185,42,ClassEval_22::get_most_popular_class_in_major,False,CLASS_COMPILE_FAILURE:38,b2d1d598411ad999f8fe8f0530988a54772826cb9feb99e2b2109ef602ba3090
ClassEval,CoreFlow-q185,42,ClassEval_22::get_students_by_major,False,CLASS_COMPILE_FAILURE:38,5c633b2c00c9c364007ad80d622c0b13b00c22777b5be6a1cbc29125740cf5c2
ClassEval,CoreFlow-q185,42,ClassEval_22::register_class,False,COMPILE_FAILURE:13,1dd697ca13833284360c183cac6a6e407b008f76aac2e934df4ca2c6dab18c37
ClassEval,CoreFlow-q185,42,ClassEval_22::register_student,False,CLASS_COMPILE_FAILURE:38,c874a3d0f291e6663bb5aab42cd1fb52027bcfe5a96855f4b6982f5316a62864
ClassEval,CoreFlow-q185,42,ClassEval_27::add_currency_rate,True,PASS,9787f4788fbd0b5811ee434abb62ecd61208530f8bf37deadb3397cd680eec4b
ClassEval,CoreFlow-q185,42,ClassEval_27::convert,False,RUNTIME_FAILURE,39210d59be72056de9bb0c4df2fc964f06518a069a5e2433e17404e7ae617097
ClassEval,CoreFlow-q185,42,ClassEval_27::get_supported_currencies,False,ASSERTION_FAILURE,90b64159e0997d7f3242ea0ff68695241c8963fe4c35c0e10cd47bf5adec5d20
ClassEval,CoreFlow-q185,42,ClassEval_27::update_currency_rate,True,PASS,f2343badca20881dabe330271af0130bb691ea0046c623a922cc7ffc5340ea9a
ClassEval,CoreFlow-q185,42,ClassEval_29::mean,False,ASSERTION_FAILURE,e91e54bfeee2a3b16ef116d8a7e8429f7fd6a0777ad508e49acd0b00774cdca6
ClassEval,CoreFlow-q185,42,ClassEval_29::median,True,PASS,9efed25f38715c227d82a80761b5b78b17c900f22963d6e57531f3c96b8459ec
ClassEval,CoreFlow-q185,42,ClassEval_29::mode,False,ASSERTION_FAILURE,9a1115649e408c5b940a2643224815581c2c25b1febe5cb3b90a1e5f787b2634
ClassEval,CoreFlow-q185,42,ClassEval_2::_convert_type,False,RUNTIME_FAILURE,0588e58ac8fe5b31163f53718a4f26f39eea810f369b986c33a0ee8c9f901210
ClassEval,CoreFlow-q185,42,ClassEval_2::add_argument,False,RUNTIME_FAILURE,2159c0d00103f91de5ab9b6d6f6f1356089e61e1f25179c9108f3897f1cf8028
ClassEval,CoreFlow-q185,42,ClassEval_2::get_argument,True,PASS,a0c298ca5311d89e705d2c0c729119a78bc4a7e4327b62326a960f4304f49f3b
ClassEval,CoreFlow-q185,42,ClassEval_2::parse_arguments,False,RUNTIME_FAILURE,bfc295e121b462f4e669f153f48aba75cf786ecd690f7d4e2a8761779c6b4159
ClassEval,CoreFlow-q185,42,ClassEval_30::get_correlation,False,RUNTIME_FAILURE,d1cb5e9edc2fbeb8bd8893f40fb4d60124c2ff882b9e10df0a975e6ffbafcfc0
ClassEval,CoreFlow-q185,42,ClassEval_30::get_max,True,PASS,bfee9ea74e86b600c4aafa43f98f7bfbb2079394d531f82a380ca26582a0a03b
ClassEval,CoreFlow-q185,42,ClassEval_30::get_min,True,PASS,b5617caf338f1858d4b77ca6733a8ddf9e52703243368626b9f7b5f04d8a7479
ClassEval,CoreFlow-q185,42,ClassEval_30::get_std_deviation,False,ASSERTION_FAILURE,cf20c65d5de6b0bb8ce04b2e828147538b5730e16f9d04274ffd1681c16d5de8
ClassEval,CoreFlow-q185,42,ClassEval_30::get_sum,True,PASS,fccc1c844abb08d2c1fb6d5db6610401771b6317c416566e7d3f694e0f9550c5
ClassEval,CoreFlow-q185,42,ClassEval_30::get_variance,True,PASS,54bd659608075023dd15772a5f6f456801bcefb4d870aa5587d458a4d1f7c189
ClassEval,CoreFlow-q185,42,ClassEval_32::caesar_decipher,False,ASSERTION_FAILURE,ebe8142095fc9be5ec209f2272e0a54ec799c6084534c0d055ea06433c3650eb
ClassEval,CoreFlow-q185,42,ClassEval_32::rail_fence_decipher,False,ASSERTION_FAILURE,9f97fd7aaa67a7afe6e2cfb74200e7342d2b063b5422a008d26cd9c6f96d4c4a
ClassEval,CoreFlow-q185,42,ClassEval_32::vigenere_decipher,False,ASSERTION_FAILURE,e938691b49268bbc81583aa086f82de608df93e18270a7fb3e894af6c4d9f6cb
ClassEval,CoreFlow-q185,42,ClassEval_33::BulkItemPromo,False,ASSERTION_FAILURE,fbfea63bd600bc1e05cb09096c24412a1a071bc861c354bf6c2a6164a237b56e
ClassEval,CoreFlow-q185,42,ClassEval_33::FidelityPromo,False,ASSERTION_FAILURE,5cfc36c9c224278a0eeac912a25e40d69cf22ca29074af53621b54c766e950a3
ClassEval,CoreFlow-q185,42,ClassEval_33::LargeOrderPromo,True,PASS,34fd27203d4b261b7f3c593d0ab0c46b8c1196e5b84b55ada9620bf04f20cc36
ClassEval,CoreFlow-q185,42,ClassEval_33::due,False,ASSERTION_FAILURE,340a0103e42fdf1b9d90a0ae378a61aa0bab8f8b0320787ce76a2b94a933b779
ClassEval,CoreFlow-q185,42,ClassEval_33::total,True,PASS,43e90b7c5e9f85201cbd23c3dd65429ca2ba27c0219753c05aaad54a9aef8304
ClassEval,CoreFlow-q185,42,ClassEval_35::find_blank,False,ASSERTION_FAILURE,c7f3939f80ebe7f2c9fcc569d92d3f53b5f1b8edc0300454cded488dec3f083a
ClassEval,CoreFlow-q185,42,ClassEval_35::get_possible_moves,False,ASSERTION_FAILURE,32337c7a62214f866ffca829c6b4f42a86c38af29fad8658286adaa28e0e794b
ClassEval,CoreFlow-q185,42,ClassEval_35::move,False,ASSERTION_FAILURE,94fdcadf47a292cbc36165b4587c9b4809bf1fef66e76b925d13000bb1b4327f
ClassEval,CoreFlow-q185,42,ClassEval_35::solve,False,ASSERTION_FAILURE,56c7717d865b9ff18867bd2a6cf65cf24ce094efa96654f9c2f29e7699bee7fc
ClassEval,CoreFlow-q185,42,ClassEval_37::caesar_cipher,False,ASSERTION_FAILURE,893754ba82fe2d151113c1cf7d609ea98ad9e28f5f255bf273d6c7f2c6bdedd5
ClassEval,CoreFlow-q185,42,ClassEval_37::rail_fence_cipher,False,RUNTIME_FAILURE,5f6fca0d2329db2edeae236357bd42c59d8a2e525a208f60c65db3da22c4b488
ClassEval,CoreFlow-q185,42,ClassEval_37::vigenere_cipher,False,ASSERTION_FAILURE,882edd407a67c5827446535680eafbf5aa004caa1e6d91f53f7ee25b1f08be8c
ClassEval,CoreFlow-q185,42,ClassEval_39::_calculate,True,PASS,8c98018ce90209711ecc4e6025cf7ccdf2f3456d20002b4106e6b1aa26bf30ed
ClassEval,CoreFlow-q185,42,ClassEval_39::calculate,False,RUNTIME_FAILURE,2948aa07aa4e69306efcb2790cf42bd9e42e97a38b1e2d8e91b4059c42f86dd2
ClassEval,CoreFlow-q185,42,ClassEval_39::compare,False,RUNTIME_FAILURE,d6062d961ec08626f103ea2deb8323bb7e5c8d5899cf0e4471b5cb7cf685864b
ClassEval,CoreFlow-q185,42,ClassEval_39::is_operator,True,PASS,9186c797bbe36ef3b0d5b5dc630510e9d931128b9375463de4aed844f22ada25
ClassEval,CoreFlow-q185,42,ClassEval_39::prepare,False,ASSERTION_FAILURE,53ccb303851cb5458e5e4772c5900f61d1b0ac1b601b5bb80adb9a6d074c2968
ClassEval,CoreFlow-q185,42,ClassEval_39::transform,False,RUNTIME_FAILURE,4cbe72785ec0e8f5ff2ec045b9546f269da06e44ed6d432dc83d9f8303862353
ClassEval,CoreFlow-q185,42,ClassEval_3::count,False,CLASS_COMPILE_FAILURE:122,6b716069358ba39a020d42d9f1c0242c6fe4f1360ac499cabb6e5ce45e1678d7
ClassEval,CoreFlow-q185,42,ClassEval_3::count_all,False,COMPILE_FAILURE:102,ce716fa047db50a1ce1b13fe01c2876f6e512e2fbde6f78478576e0a54a87062
ClassEval,CoreFlow-q185,42,ClassEval_3::factorial,False,CLASS_COMPILE_FAILURE:122,b5ded6decad8838216f6cbbdaced51dc3bb162748467f7f1370a412a13de67f3
ClassEval,CoreFlow-q185,42,ClassEval_3::select,False,CLASS_COMPILE_FAILURE:122,f131d8df0546defe40c89aa627c8912997c2617ad6a72d11029621d479d20e62
ClassEval,CoreFlow-q185,42,ClassEval_3::select_all,False,CLASS_COMPILE_FAILURE:122,016e33d68805ff764bcb4c91e36e42db1449678e11e55aca439f783a4bc44219
ClassEval,CoreFlow-q185,42,ClassEval_41::_check_five_in_a_row,False,ASSERTION_FAILURE,0a7e5344547cba79aebaf3092290b80e0c88f71333dabd0d51107abe8d1ccc8c
ClassEval,CoreFlow-q185,42,ClassEval_41::check_winner,False,ASSERTION_FAILURE,0525e979447ff3e67029ce6c1f03b482c657d0cb6ef7db80e621d73e9612bd30
ClassEval,CoreFlow-q185,42,ClassEval_41::make_move,True,PASS,7288c0e4766cc3804fe0c0d5eb9083665f4cef36ca59816871a4575b06997be3
ClassEval,CoreFlow-q185,42,ClassEval_42::book_room,False,RUNTIME_FAILURE,f7e5d632d6bba4a6ec38aded0197c2dbaa9ed2d67ef7c11b9be6ed45d7761dea
ClassEval,CoreFlow-q185,42,ClassEval_42::check_in,False,RUNTIME_FAILURE,15169aa212758a78d342399c643362179bd1fa989048b5fa1d3aefd594e00b24
ClassEval,CoreFlow-q185,42,ClassEval_42::check_out,False,RUNTIME_FAILURE,7ee77f82f66746a30b0a15cdff0141ea865c6d15e919e89b22a888123f393f3f
ClassEval,CoreFlow-q185,42,ClassEval_42::get_available_rooms,False,RUNTIME_FAILURE,aad11b35f2e2a0918e460c544159ba6d0cf0959b4c3a07b62de3b43ffc899ebf
ClassEval,CoreFlow-q185,42,ClassEval_43::add_employee,True,PASS,e96c587b70c4a4f688754ede486addeb64afabba4b4d8e2faca3a5dba3f8ba24
ClassEval,CoreFlow-q185,42,ClassEval_43::get_employee,True,PASS,eda803c0c1b07ecdfb0b0af4a0c55cf62c9c1ee1cefaf7149804dae89bec0b0e
ClassEval,CoreFlow-q185,42,ClassEval_43::list_employees,False,ASSERTION_FAILURE,0d4b2d8a4d5bce5cdd52b9a87f66597c13d72e1aea56ce2cea6919b8a6c1a403
ClassEval,CoreFlow-q185,42,ClassEval_43::remove_employee,True,PASS,4c5fbabe48e1a17bf11a68f28a172000a620c6d08e31f2920dabee69e4d6c890
ClassEval,CoreFlow-q185,42,ClassEval_43::update_employee,False,ASSERTION_FAILURE,011343da021ad7bfb51ae79b8cafb0490a42fa37f87284564acb93b007ab5aa0
ClassEval,CoreFlow-q185,42,ClassEval_46::interpolate_1d,False,ASSERTION_FAILURE,0df521cd227111e293310575b903e11926475fad8c7cf986c20f96ed884d40c5
ClassEval,CoreFlow-q185,42,ClassEval_46::interpolate_2d,False,RUNTIME_FAILURE,447ab924ba5b788b74528f5c0f52b58c785f25e2850423b47e664384017ebecf
ClassEval,CoreFlow-q185,42,ClassEval_47::get_binary,False,ASSERTION_FAILURE,9f49500551511b31d4062798733114cb3df20474b3c8ce596eeff4c62f56eeb3
ClassEval,CoreFlow-q185,42,ClassEval_47::get_octets,False,ASSERTION_FAILURE,fbd27dba495f988c810e7bf608041d63bb18910018f5cba4ba0952f98dc44c2c
ClassEval,CoreFlow-q185,42,ClassEval_47::is_valid,False,ASSERTION_FAILURE,13553704f08958068f25e0d3b2e3e5d054450737dd9f7ce3128a9fcaeb8dbc42
ClassEval,CoreFlow-q185,42,ClassEval_53::add_word,True,PASS,1be212ba743e1f9ec3d47b994f8152401edf9062666d059ac93d98c1214a4337
ClassEval,CoreFlow-q185,42,ClassEval_53::find_longest_word,False,ASSERTION_FAILURE,5d3c34b5b03ba46effe4a2f57da930cb8290aadd42241ed338038cbb2a457070
ClassEval,CoreFlow-q185,42,ClassEval_54::create_board,True,PASS,f8a1973ca48fa8f6f4e5cf8b0ef57877c02a6b3bf8422b0618b0d663474308f5
ClassEval,CoreFlow-q185,42,ClassEval_54::has_path,False,ASSERTION_FAILURE,c46aab0f1e6ec285f90dab5ee5c69db7964c72b79a4c82d5dffe5b49de10bd98
ClassEval,CoreFlow-q185,42,ClassEval_54::is_game_over,True,PASS,1fcc399ef7644a37a473ebc272abe270410860bd7403c407b7eeffe25d327376
ClassEval,CoreFlow-q185,42,ClassEval_54::is_valid_move,False,RUNTIME_FAILURE,444a0fdb89f30b1b09d2b1f216116e84665b1a03cfa37b816b2700e5a8073dcc
ClassEval,CoreFlow-q185,42,ClassEval_54::remove_icons,False,ASSERTION_FAILURE,3117d6e94d38ef884c70270270d3c8080272328cbd45f4f0513f261126bc0211
ClassEval,CoreFlow-q185,42,ClassEval_55::palindromic_length,False,ASSERTION_FAILURE,0dc492e6b370c0a3742ba58483b20d6444392971094a81ba1275700759b41728
ClassEval,CoreFlow-q185,42,ClassEval_55::palindromic_string,False,RUNTIME_FAILURE,b3a24e0d2d989c30bb5805d8da8eb4ca890a21c664d56dcb32cfb2508ce3db94
ClassEval,CoreFlow-q185,42,ClassEval_56::accuracy,False,ASSERTION_FAILURE,b04c4ed0f410d3a1c9ac7c95a7053d69ccbb28158d874859f98d98c3d9246728
ClassEval,CoreFlow-q185,42,ClassEval_56::f1_score,False,RUNTIME_FAILURE,aa1099a3442ca88edf28ed0e1727555dac722e4ffe8dd8700f495e005adb62e0
ClassEval,CoreFlow-q185,42,ClassEval_56::precision,False,RUNTIME_FAILURE,8bd072d38bb4b11168c68696669972320c1301bec175562d612918b3fac513a3
ClassEval,CoreFlow-q185,42,ClassEval_56::recall,False,ASSERTION_FAILURE,8df6307ac4419d9597c7aff5185cbc137b98b1641efea0555d1029a72d8d4e53
ClassEval,CoreFlow-q185,42,ClassEval_56::update,False,ASSERTION_FAILURE,97e5f4d7cff75c0194d053021ffc4b0a63de2433999048ef244b8ca36568031a
ClassEval,CoreFlow-q185,42,ClassEval_57::map,False,RUNTIME_FAILURE,c042b3144ced459a978678b5a4be3b3774d9788418919cbfeb8188074173c494
ClassEval,CoreFlow-q185,42,ClassEval_57::mrr,False,RUNTIME_FAILURE,aa6c59b8c25ad84d2ff27b091e3fe09ca1ffd84631c27e6b86053b24975baf62
ClassEval,CoreFlow-q185,42,ClassEval_58::check_won,False,RUNTIME_FAILURE,29dc395da400262fbffc29589631233cac751ada07329f48216853f34602222a
ClassEval,CoreFlow-q185,42,ClassEval_58::generate_mine_sweeper_map,False,RUNTIME_FAILURE,df3f5b1368cf9a856ec7ab65893d7d6516810665e071cbc6cd54dcf830d4b6e1
ClassEval,CoreFlow-q185,42,ClassEval_58::generate_playerMap,False,RUNTIME_FAILURE,96cdeae4c7ae102bc2c1dcaa2553c76f8876d24e1dff53dcdd7feb19b02942c8
ClassEval,CoreFlow-q185,42,ClassEval_58::sweep,False,RUNTIME_FAILURE,87fc8ec3653c3690099bff14f9c6432fdec9f9bf98dbcc83c588772d3d9a2267
ClassEval,CoreFlow-q185,42,ClassEval_59::add_movie,False,ASSERTION_FAILURE,18f4bd32d42d092cb0cc413c1efb3aad1fadda43c225599520a8f7b25b3ddd91
ClassEval,CoreFlow-q185,42,ClassEval_59::available_movies,False,ASSERTION_FAILURE,a5d53206346bcf9528015b8e7fe39ff4cc1483aaf55ae1a9f947769697a7d87d
ClassEval,CoreFlow-q185,42,ClassEval_59::book_ticket,False,ASSERTION_FAILURE,1693789fe64aea5c89f4df2958790e821c26daadd054de86c67a3b68ee730ea1
ClassEval,CoreFlow-q185,42,ClassEval_61::add_song,True,PASS,114140f42d7560e7d6372feec531fa7b93486ac0d58e27e790df54a1ce3d2ec6
ClassEval,CoreFlow-q185,42,ClassEval_61::play,False,RUNTIME_FAILURE,4b73ebc59176148e6dd4207248b571f2eadacdca0dc8ab65afc94d532fc73182
ClassEval,CoreFlow-q185,42,ClassEval_61::previous_song,False,ASSERTION_FAILURE,f4d14539aa63b9d8b119dd8206af1d930c782bbdb0a41155e8f16a1ee7d81ee0
ClassEval,CoreFlow-q185,42,ClassEval_61::remove_song,False,RUNTIME_FAILURE,6523057c5ca0b1aaa96df3b3d6b29f4fc2d4fda419edd24a4658aae724aff2ec
ClassEval,CoreFlow-q185,42,ClassEval_61::set_volume,False,ASSERTION_FAILURE,57d47aad0b5ff91c32861fed41d49b018dd1e4e885dc6f3cbdf76f4d20b6672f
ClassEval,CoreFlow-q185,42,ClassEval_61::shuffle,True,PASS,060b80abb5983727cb817141e699e43a362fee3ba4a09f4563d719bf97729ca8
ClassEval,CoreFlow-q185,42,ClassEval_61::stop,False,RUNTIME_FAILURE,ff3bcdf4b5fac626c59a3d40f58208037abf7210ebd8d88ac2ac294c5507a2a7
ClassEval,CoreFlow-q185,42,ClassEval_61::switch_song,False,ASSERTION_FAILURE,130b7213ba7a9c5537858a6c55b24dc04f78e5f70cac625124ca14d17f207aa4
ClassEval,CoreFlow-q185,42,ClassEval_64::binary_to_decimal,True,PASS,fa16b56731e887c165f827b8ed9d665ea7276381394232099ae03fb1f42ebf4b
ClassEval,CoreFlow-q185,42,ClassEval_64::decimal_to_binary,True,PASS,e30c65f486d940525546e85a2c7b0fdefe7a4ec245142349bb86e44e40577a53
ClassEval,CoreFlow-q185,42,ClassEval_64::decimal_to_hex,False,ASSERTION_FAILURE,f03e814bf7821c8b0db8fd0532ef1cf9ba121ea5dfdd125b405242a0f574bca9
ClassEval,CoreFlow-q185,42,ClassEval_64::decimal_to_octal,True,PASS,5ac834238cc7f6701cfd5a3b31a5b58610783c0ae2798addd2c34499df874fec
ClassEval,CoreFlow-q185,42,ClassEval_64::hex_to_decimal,False,ASSERTION_FAILURE,8865b56cceb486e8f9b354442bd16509446f834194d1135bac0f1121d5f07ff5
ClassEval,CoreFlow-q185,42,ClassEval_64::octal_to_decimal,False,ASSERTION_FAILURE,d51719b2a2191e94588a0727a31c0b75be8916b73b9e3aec36541888e66e7be5
ClassEval,CoreFlow-q185,42,ClassEval_65::format,False,COMPILE_FAILURE:28,672cc0551b62933ce4b0796c40ba19b062a219f23b02a879ad81d98753fc0398
ClassEval,CoreFlow-q185,42,ClassEval_65::format_string,False,CLASS_COMPILE_FAILURE:44,170a865aeb7534bd3c61512c1595bba64858c346fa625d6dddfa5104016285fb
ClassEval,CoreFlow-q185,42,ClassEval_65::parse_more,False,CLASS_COMPILE_FAILURE:44,727ad9a4de43fd7b691848f2f7ac18b98fe77fe8cac225a448abb77c5f4675c1
ClassEval,CoreFlow-q185,42,ClassEval_65::trans_three,False,CLASS_COMPILE_FAILURE:44,5105efc1a1e8026b054690847e4336239ed968a33226e8b62c29cb086469215c
ClassEval,CoreFlow-q185,42,ClassEval_65::trans_two,False,CLASS_COMPILE_FAILURE:44,f91fe0af3cd6274e19c12bd1683dce52d0cddea39b15d7573fe5869647639d21
ClassEval,CoreFlow-q185,42,ClassEval_68::get_page,False,RUNTIME_FAILURE,36264015feaa08fa1a158273218e2de840942b11d519b51e46b8a38eeb60b620
ClassEval,CoreFlow-q185,42,ClassEval_68::get_page_info,False,ASSERTION_FAILURE,6f0a296ceaea5545b5126b78a29f7b6e86b1fc80ebc3acef016521891cc8627b
ClassEval,CoreFlow-q185,42,ClassEval_68::search,False,ASSERTION_FAILURE,5b555840a908a5d634967746467fc311971a5d04e32c1ec5e70facaccbc6c867
ClassEval,CoreFlow-q185,42,ClassEval_70::_validate_name,True,PASS,4ba8adf53b0f832df18ef63e5cad77735a232148739cd0c3bc98f09ed7b45fcb
ClassEval,CoreFlow-q185,42,ClassEval_70::_validate_phoneNumber,True,PASS,ac029e060169cad93522d9c53b7a34b483499fe275d909d998b4bb7f46b12059
ClassEval,CoreFlow-q185,42,ClassEval_70::_validate_sex,True,PASS,9e0312e631bc8432c5554a4bc58d5f7921ea00956b94ca51a4dafd3a92bd9f2c
ClassEval,CoreFlow-q185,42,ClassEval_71::check_win,False,RUNTIME_FAILURE,9dd445b889ef8914d594c6e8300914219cc9cd18d1bfd408dd70dd143fd77516
ClassEval,CoreFlow-q185,42,ClassEval_71::init_game,False,RUNTIME_FAILURE,b45413ec44d82e2adbff777725e7cac3a02192cad3dde79bd3aeb1fb1bed6c17
ClassEval,CoreFlow-q185,42,ClassEval_71::move,False,RUNTIME_FAILURE,4c263c16198392207061c7e95d8805bb342ba6520845d0528ec94049a36ae854
ClassEval,CoreFlow-q185,42,ClassEval_73::attack,True,PASS,7dc96c5bf80b9d59074316d8ed131f71cde94fcb74ebe00402291b7d4eee85bd
ClassEval,CoreFlow-q185,42,ClassEval_73::gain_exp,False,ASSERTION_FAILURE,a205c3de081e0e8aba4219e6b531b1a690a85bf2b90c29e228a05c38e2191fe1
ClassEval,CoreFlow-q185,42,ClassEval_73::heal,True,PASS,338989b002c1cca25b47a2d6b4a6aaa39c107a4d787467d6ab4319f3b1d401ca
ClassEval,CoreFlow-q185,42,ClassEval_73::is_alive,True,PASS,fe6097e410fc924d6e469f13d5bddcd8891a8697afcf9643220af04bf7190702
ClassEval,CoreFlow-q185,42,ClassEval_73::level_up,False,ASSERTION_FAILURE,343f7ed89c8a216575a94b9cc0f221261f87c4c63d034429eeb061e68f57166e
ClassEval,CoreFlow-q185,42,ClassEval_75::add_item,True,PASS,a14fe5c78752139201778f23ae3f1293ac92ed3f3472bc76b486ea744f375040
ClassEval,CoreFlow-q185,42,ClassEval_75::remove_item,True,PASS,ac7887f387ba868a93cb1e44ea2a4b27b97760b24ab04a59096971532434650d
ClassEval,CoreFlow-q185,42,ClassEval_75::total_price,True,PASS,e52f259f0fcc3ca000042100f3cd48d22eb2af70c4449d840615e5ce9a47038c
ClassEval,CoreFlow-q185,42,ClassEval_75::view_items,True,PASS,8ffa22c04cc85102016fe1e6874ec75c402ca25745e1b1b837a51a00c98f3db7
ClassEval,CoreFlow-q185,42,ClassEval_76::add_user,True,PASS,f8c95886c0c676d23af899aa86b0e0b2c8f055a215e5db1881bbdc766c421faa
ClassEval,CoreFlow-q185,42,ClassEval_76::all_not_signed_in,False,ASSERTION_FAILURE,4b0809fc18cfa867d96cdd8d1466743d72ef68052006a3fd6be7e0d5620c5ae1
ClassEval,CoreFlow-q185,42,ClassEval_76::all_signed_in,False,ASSERTION_FAILURE,7c03812803f184d603936c2ff91aaca2c1d71b5d86308cfd62c32d1df78f8328
ClassEval,CoreFlow-q185,42,ClassEval_76::check_sign_in,False,ASSERTION_FAILURE,cb7c7f663c80d8f17088d8fd337357be2567da2121cda670916453f7a5fd20f9
ClassEval,CoreFlow-q185,42,ClassEval_76::sign_in,True,PASS,9d372c54fe326e0cbc70db636beafd6aa6bb454f81012184d8f53f3f039a030a
ClassEval,CoreFlow-q185,42,ClassEval_79::delete,False,ASSERTION_FAILURE,3e6dee186024fe369c989e317359f756cda3342f02264184cb77909944fbe264
ClassEval,CoreFlow-q185,42,ClassEval_79::insert,False,ASSERTION_FAILURE,7238f7efdde08b73417a164e60f241a547d1bd63b0fb517ca10cf5f46abbe4db
ClassEval,CoreFlow-q185,42,ClassEval_79::select,False,ASSERTION_FAILURE,21984e314f9ffca3c9a01ba3aecf0a35817cc4cb763bcd67b9335eed496bbd98
ClassEval,CoreFlow-q185,42,ClassEval_79::select_by_age_range,True,PASS,02ba2173c6146b3e96a73b2784f707dcf145f55181166d463410702db7e2b908
ClassEval,CoreFlow-q185,42,ClassEval_79::select_female_under_age,True,PASS,16542afd05e62c7f152955a90c27ca66d910df228ee0c08baa830269a0054390
ClassEval,CoreFlow-q185,42,ClassEval_79::update,False,ASSERTION_FAILURE,cfce41a5ca6eaac56410d5e4d3eddf4cc16b3ba7822af89e86bcb2851fa5295f
ClassEval,CoreFlow-q185,42,ClassEval_7::check_balanced_brackets,False,ASSERTION_FAILURE,4ac895dd0dbcf03b9551c83f490407ce04822090e2e9c1a745d80fb76e7fd023
ClassEval,CoreFlow-q185,42,ClassEval_7::clear_expr,True,PASS,37cb6d212df0d4921906ff7ec5c906dfd73303ba539b16d312a8e58831d2408a
ClassEval,CoreFlow-q185,42,ClassEval_81::correlation,False,ASSERTION_FAILURE,16d83c801636bf4f75c75ae1c2ce7b504508e57c56e45f9a93edf0706188cf54
ClassEval,CoreFlow-q185,42,ClassEval_81::correlation_matrix,False,ASSERTION_FAILURE,f0be0741bfa7918d92e6f0fbda82832fc37614413e405db6b4a88dcccd4b8c43
ClassEval,CoreFlow-q185,42,ClassEval_81::mean,False,PARSE_FAILURE,c9fc6d307fe5c91e58c3c7963f089c851f641bae6822bdb505fe7263ccdb1386
ClassEval,CoreFlow-q185,42,ClassEval_81::median,True,PASS,0553fc90c46d4b118e1541d548bce45aa3010d4f5ac91b19bf0bd5f28a78853e
ClassEval,CoreFlow-q185,42,ClassEval_81::mode,False,ASSERTION_FAILURE,466db2f365594cf179d829be4f330cda0f7e62207feb0e96d4dd582ae5e820d8
ClassEval,CoreFlow-q185,42,ClassEval_81::standard_deviation,False,RUNTIME_FAILURE,affe596c0ea5db1f50c06b6a00cfa464ebdde9a3b158631e6f6c130a4f20bb44
ClassEval,CoreFlow-q185,42,ClassEval_81::z_score,False,ASSERTION_FAILURE,c24fec2982b9b78d9dbc5be03f4491443aec2a704d859a8ac03792675d7686f7
ClassEval,CoreFlow-q185,42,ClassEval_82::add_stock,False,ASSERTION_FAILURE,998b8b041166447d6ce08bd0728e432a0d6c2d12dc502ccf82d63f383d974fde
ClassEval,CoreFlow-q185,42,ClassEval_82::buy_stock,False,ASSERTION_FAILURE,4fd3525898d898f72275cd2da0a1a08145ca039a408d8e90cde7ba486c67bea7
ClassEval,CoreFlow-q185,42,ClassEval_82::calculate_portfolio_value,False,ASSERTION_FAILURE,c0621caff8a178f6963a78dd98c2a47c7a6148a248b731484c6996141b9baa87
ClassEval,CoreFlow-q185,42,ClassEval_82::get_portfolio_summary,False,ASSERTION_FAILURE,07c1927930b51c9a69ce20d9d8f1702e571abeff6bdde4b69f8c7386e9cf755f
ClassEval,CoreFlow-q185,42,ClassEval_82::get_stock_value,True,PASS,914590fb0b5f8411bb0abf77e54c3167516749a88a2eb74573de92e06cdf1748
ClassEval,CoreFlow-q185,42,ClassEval_82::remove_stock,False,ASSERTION_FAILURE,0700577f2dfec9c7e0df1e0f04a79322a5d36c109304a9a5b86715d6bb632054
ClassEval,CoreFlow-q185,42,ClassEval_82::sell_stock,False,RUNTIME_FAILURE,de0e9e62d12c4b7764f8e3df01c27817f0afb6e05ff04e2e64420f34613c3b6f
ClassEval,CoreFlow-q185,42,ClassEval_84::process_file,False,RUNTIME_FAILURE,f31c6c0b8338fe15a741a11df091d817da24cf31713f9b3e3abc26007eefd092
ClassEval,CoreFlow-q185,42,ClassEval_84::read_file,True,PASS,303f65753f627a38abccfb94801b998cd8a7e5bbb434ba348a0cf58924ec4386
ClassEval,CoreFlow-q185,42,ClassEval_84::read_file_as_json,True,PASS,27cd7f09360814fd30d668f0d03919117c72332d78548dab5a5aed551e910285
ClassEval,CoreFlow-q185,42,ClassEval_84::write_file,True,PASS,70f43b33fad1fab2fc565003e85a9d2599f736305efad782a0482a8836bced81
ClassEval,CoreFlow-q185,42,ClassEval_85::auto_check_conflict,False,ASSERTION_FAILURE,7707ee7f437ca790357517414e7d88da8f15f92b4747341fb34a6e5f89a0ed90
ClassEval,CoreFlow-q185,42,ClassEval_85::auto_set_mode,True,PASS,b2cb4300ee3f3abcc7849ef1caf19502aa54a93c21b9287b5cbca1065cfdce49
ClassEval,CoreFlow-q185,42,ClassEval_85::get_mode,True,PASS,e196cbab95eb8b71d921618a1c7d81c936ece8ae2f1d538d7df042aa7b677a28
ClassEval,CoreFlow-q185,42,ClassEval_85::get_target_temperature,True,PASS,d242f4813d72669879c6e0e970c5bb05ac705aa57a349fba73a11b2c5a1677ba
ClassEval,CoreFlow-q185,42,ClassEval_85::set_mode,False,RUNTIME_FAILURE,e10130c35c84b7ab51130478c0e893f67aa50b4319c3321c38927cd27fcd9cc8
ClassEval,CoreFlow-q185,42,ClassEval_85::set_target_temperature,True,PASS,1777bc2cc64f339c8e8f8813114e9518f6f5e86108dc6d13e3761934e3c657b0
ClassEval,CoreFlow-q185,42,ClassEval_85::simulate_operation,False,TIMEOUT,b18ae45510284b7d4a0d1ae19f947f909c832c1290dfe09019186aa60470fa99
ClassEval,CoreFlow-q185,42,ClassEval_86::check_winner,False,ASSERTION_FAILURE,d950f57972124aa73cb70809f418a7ed02934b530dc9f901c02eee21a67692f8
ClassEval,CoreFlow-q185,42,ClassEval_86::is_board_full,False,ASSERTION_FAILURE,0c310b47fd03b50aec166b1b9fbb0e1d5fd57987d6a822c17b0130a74513d16e
ClassEval,CoreFlow-q185,42,ClassEval_86::make_move,False,ASSERTION_FAILURE,e25bef87269cebfb0bd8c03575ea55831c2e3c7dc42131f82340dc1b761af26a
ClassEval,CoreFlow-q185,42,ClassEval_8::deposit,True,PASS,d666f6320f997c069406a50c1c6051107ddd6e03bda2a6076b9a3ba4d0e879bb
ClassEval,CoreFlow-q185,42,ClassEval_8::transfer,False,ASSERTION_FAILURE,bd907a342a6bae6d65b6fb609e18374fdc7a5608cde45038224641bfdc5da2aa
ClassEval,CoreFlow-q185,42,ClassEval_8::view_balance,True,PASS,a15e1455c373aefa98a2def4182712daa8d3199270b47bbb8d056bfe946bcddd
ClassEval,CoreFlow-q185,42,ClassEval_8::withdraw,False,ASSERTION_FAILURE,1635ce2d16365219e77ce0e09fa2d7b5bf62a25d635ebf9e3fbf410adfc34646
ClassEval,CoreFlow-q185,42,ClassEval_90::get_fragment,False,RUNTIME_FAILURE,a0d8d1b03e1e17ac0e60a6b1aab6b99a11a17b66684fb0c5f3c7319ac585dc45
ClassEval,CoreFlow-q185,42,ClassEval_90::get_host,False,RUNTIME_FAILURE,557fda153c5b5e897d1d5db8e6523e82b1b04b9a5de2f61bc6c4c550599bf018
ClassEval,CoreFlow-q185,42,ClassEval_90::get_path,False,ASSERTION_FAILURE,b3bbc6e80fcbcfda89913d71ac25afd04b28059fbdfcedb3603d537725dff93f
ClassEval,CoreFlow-q185,42,ClassEval_90::get_query_params,False,RUNTIME_FAILURE,589cd2cbbd161b0f1a978054411898554036855355897c127d19169c8aa51d39
ClassEval,CoreFlow-q185,42,ClassEval_90::get_scheme,False,RUNTIME_FAILURE,52ff28e64c79aeb687b2435dc441b889689399398104ec0fafb4bbbe4edd9478
ClassEval,CoreFlow-q185,42,ClassEval_92::delete_user_by_username,False,ASSERTION_FAILURE,b9c8bf55e74c3099648e320b683932c74593e8a7ff022af50b6aa97563be171a
ClassEval,CoreFlow-q185,42,ClassEval_92::insert_user,False,ASSERTION_FAILURE,b8d1a6e5a4ca7cbb4a1345d07e723650cd5a4f4d1de499f01c4715ec5ee057e3
ClassEval,CoreFlow-q185,42,ClassEval_92::search_user_by_username,False,ASSERTION_FAILURE,d447aed5fb3e6330f4c8f4b1c25947519fa970f060f69083243fa4051f9a35fb
ClassEval,CoreFlow-q185,42,ClassEval_92::validate_user_login,False,ASSERTION_FAILURE,23296056e86920216bc636c20863efb9f8805f259751c691a099291d8d557a46
ClassEval,CoreFlow-q185,43,ClassEval_11::add,False,PARSE_FAILURE,4e28ae85473217ab27ca9c5b2a827e15dba42fa723450ea05f9ff40618f2d96e
ClassEval,CoreFlow-q185,43,ClassEval_11::check,True,PASS,5317190b995356d4de6dab1056ac663232cb790ad0cbe505dfb03c4e45ea073a
ClassEval,CoreFlow-q185,43,ClassEval_11::has,True,PASS,ae019d64fdbcbe0dfef904f7849205b72032787b5386c0ab1c502d5d0a47d975
ClassEval,CoreFlow-q185,43,ClassEval_11::remove,False,RUNTIME_FAILURE,a8afce20adf8c677c9d5127ea8b7c103605b5892c4ceaa595746e10f64eab260
ClassEval,CoreFlow-q185,43,ClassEval_12::calculate_hand_value,False,RUNTIME_FAILURE,3a15bf9d90820e9ed514f3c73b0739b4e5e750d50f328a266e04b4531cf4fabd
ClassEval,CoreFlow-q185,43,ClassEval_12::check_winner,False,ASSERTION_FAILURE,cf357873bbc310ff7e0cd6352fc4526242b303e36fb3d521186282290953684a
ClassEval,CoreFlow-q185,43,ClassEval_12::create_deck,False,ASSERTION_FAILURE,7d56b26054b1b25af0f4177419a6cd3015d558fa3e2da70966c50d004d38f593
ClassEval,CoreFlow-q185,43,ClassEval_14::add_book,False,PARSE_FAILURE,c5f314ee021f5b4371345577e683105dd49d25ea7cc12abd49306cb8e73d3252
ClassEval,CoreFlow-q185,43,ClassEval_14::borrow_book,False,RUNTIME_FAILURE,73737ab07d648a19f1ee3dcb2615e23ca767d0d797ef9b5381dd990ec4a310e5
ClassEval,CoreFlow-q185,43,ClassEval_14::create_table,False,ASSERTION_FAILURE,2cd5ba2c50ea86bc5e9a05822fd0bc56b7f64868120de912c672df4226372b58
ClassEval,CoreFlow-q185,43,ClassEval_14::remove_book,False,RUNTIME_FAILURE,72663d0e05b396dd626b2523aed250df5cdf367eeea641459583d7020998d692
ClassEval,CoreFlow-q185,43,ClassEval_14::return_book,False,RUNTIME_FAILURE,7229173884773dd1698965eb440e4dbaf508caf602b80ce129739dfdcfc49cbd
ClassEval,CoreFlow-q185,43,ClassEval_14::search_books,False,RUNTIME_FAILURE,3850577b36ae2a79b27a004a801021ab54052127d4c234a3e9b1cd6136cfff66
ClassEval,CoreFlow-q185,43,ClassEval_15::bad_character_heuristic,False,ASSERTION_FAILURE,54e8e6f0b93f97726e085bbbfd605f2f2f6383035c906f3dfd51e2a2d668de03
ClassEval,CoreFlow-q185,43,ClassEval_15::match_in_pattern,False,PARSE_FAILURE,89205db1efecddc2ea4c169df5c2cc2c671e0ca3e476c653aa8dcc3de9ed9160
ClassEval,CoreFlow-q185,43,ClassEval_15::mismatch_in_text,False,RUNTIME_FAILURE,059ee53b3ae5aab7d4ea54c41dc3cd3359c18a08afc82ddb31df2332853c9cc5
ClassEval,CoreFlow-q185,43,ClassEval_19::generate_primes,False,RUNTIME_FAILURE,c58ef3bb185aebbe507397a12e2f179e3eb4bb49f1d5d5fc19a938fc830b39f0
ClassEval,CoreFlow-q185,43,ClassEval_19::get_primes,False,RUNTIME_FAILURE,a13afcde9b1029926f866f6da0791ae672ee27ca504c75fe81a97d304df1adac
ClassEval,CoreFlow-q185,43,ClassEval_1::calculate_annulus_area,False,COMPILE_FAILURE:1,85972a85cf447d3bf07e7223d98f3d0af92480a9397aaa3f9e4af913169f4ce3
ClassEval,CoreFlow-q185,43,ClassEval_1::calculate_circle_area,False,CLASS_COMPILE_FAILURE:58,c5ab5fb6de1537e4595aa5ab7a58e83697df5477c9b5cf8dc88c031941d3ab16
ClassEval,CoreFlow-q185,43,ClassEval_1::calculate_cylinder_area,False,CLASS_COMPILE_FAILURE:58,46b0b2e94d9ed52faacefceadec26a2d6bc565568b60c7c2d0acd485a9f0ef1c
ClassEval,CoreFlow-q185,43,ClassEval_1::calculate_sector_area,False,CLASS_COMPILE_FAILURE:58,264f6fa3d51c54e1a13c1b59eabbd7d1d7d7712695fe0b1a01e7c8c87c47838e
ClassEval,CoreFlow-q185,43,ClassEval_1::calculate_sphere_area,False,CLASS_COMPILE_FAILURE:58,9bc1b1ff56a84d22d59d76047ab5cb4183f31b1d786332af8d3e2697ad39f742
ClassEval,CoreFlow-q185,43,ClassEval_22::get_all_major,False,ASSERTION_FAILURE,ee3b1430a3b6745a16d63b33a266c85b2beb6f16260c7eb6dbb2cf53f866f96f
ClassEval,CoreFlow-q185,43,ClassEval_22::get_most_popular_class_in_major,False,ASSERTION_FAILURE,9a23806f597350d3d6e9d0f73f4f6e31304238c979940174b014f7a897672c82
ClassEval,CoreFlow-q185,43,ClassEval_22::get_students_by_major,True,PASS,2f05e1e28b9e0160ff1bc384f480c118abeb9ec9556b21d4ab1c11d1e0266a2f
ClassEval,CoreFlow-q185,43,ClassEval_22::register_class,False,PARSE_FAILURE,efad1dc4eb0c9c5d5719c74b7f0248f822fa2a0c334f82c7697b3247cf16f2eb
ClassEval,CoreFlow-q185,43,ClassEval_22::register_student,False,RUNTIME_FAILURE,e46bd37c4d5129fbe0ebc9f321578dd119c81d9ffd5c5fdd86b76a8134696925
ClassEval,CoreFlow-q185,43,ClassEval_27::add_currency_rate,True,PASS,dc4eeec61ffab1014f30d0d33e0787bc08b7b368f2fb0681757ffbdca61c2ee9
ClassEval,CoreFlow-q185,43,ClassEval_27::convert,False,RUNTIME_FAILURE,a44d9772f8c89da47e72278edbc6636c0f231af549b09a485ddfc3da40b88a4f
ClassEval,CoreFlow-q185,43,ClassEval_27::get_supported_currencies,False,ASSERTION_FAILURE,4481e1c7d743f62eb79f5aa5d5b4579247a9e5b6e89c3a3cbb6d741d509bef23
ClassEval,CoreFlow-q185,43,ClassEval_27::update_currency_rate,True,PASS,22442044fcaf437b745a638ff1ae6e4b2ab11dc134742cfcbe5363c1e63efdda
ClassEval,CoreFlow-q185,43,ClassEval_29::mean,False,ASSERTION_FAILURE,f48802c267e39ce2ce7b2f65f6a0dab5af26faf592245f14322faac5b5157935
ClassEval,CoreFlow-q185,43,ClassEval_29::median,True,PASS,c7de55515d972cef89037930481367583d3c6cad17c63daa679837e583c0f035
ClassEval,CoreFlow-q185,43,ClassEval_29::mode,False,ASSERTION_FAILURE,83a96b3d4e219994751e8c553577d5741250423652370a8e67dee74aa7802631
ClassEval,CoreFlow-q185,43,ClassEval_2::_convert_type,False,RUNTIME_FAILURE,c905383b10426f8b16f96cdb21f9fcf93f80e4ee8d3eecd87f26cf3e28b541e5
ClassEval,CoreFlow-q185,43,ClassEval_2::add_argument,False,RUNTIME_FAILURE,668925cd10abb77dfd51687ea6b8247bb46e672ec60ae65ea232d1e08aa7df83
ClassEval,CoreFlow-q185,43,ClassEval_2::get_argument,False,RUNTIME_FAILURE,dd5b017ae5da0a9c4460fc87c16945257a94cc2cff790d32e235685c0d5cf2cf
ClassEval,CoreFlow-q185,43,ClassEval_2::parse_arguments,False,RUNTIME_FAILURE,ecf4b6e3ab0b0697c797923e1bcfd865f8708529df71ccee3a7ca77dbb21d45e
ClassEval,CoreFlow-q185,43,ClassEval_30::get_correlation,False,RUNTIME_FAILURE,1b08ee8b57fef0d66ce70b3fc540d8e0e0645ebc9e22b6a498c641fc72a7ad31
ClassEval,CoreFlow-q185,43,ClassEval_30::get_max,True,PASS,847b9f20e280ae0bbf6b9f162256819054e9fe6de8ecb31d7f5199f0aee6fa39
ClassEval,CoreFlow-q185,43,ClassEval_30::get_min,True,PASS,9181512282ecc85042dee15c8ac26fc936565d33ac65668ae724801849a9db0d
ClassEval,CoreFlow-q185,43,ClassEval_30::get_std_deviation,False,ASSERTION_FAILURE,c015b7732dfa5708505874c5e65dafd7eddcca642ff1a72e6ac3cccaae9f816a
ClassEval,CoreFlow-q185,43,ClassEval_30::get_sum,True,PASS,0ab907c24773d3a60ef70546760217165d6d5c3c0d36bb867f433b46b0312210
ClassEval,CoreFlow-q185,43,ClassEval_30::get_variance,True,PASS,2ed6ef3c15d2d44f6fe775bea6616b5ae5751da07520ea4ff98d770cade25295
ClassEval,CoreFlow-q185,43,ClassEval_32::caesar_decipher,False,ASSERTION_FAILURE,029cb433109ceafd246610b5ca1e7adfebd649f15e0d05ec00629ac7b8631fbb
ClassEval,CoreFlow-q185,43,ClassEval_32::rail_fence_decipher,False,ASSERTION_FAILURE,a1090b4397619b58c1b1b54b1f6d285878c42767ce616376f72f83ad24c66aa8
ClassEval,CoreFlow-q185,43,ClassEval_32::vigenere_decipher,False,ASSERTION_FAILURE,7a27c0810767c5fe9d46c9990b6f5d487789a797154392b9b36630842d2b5389
ClassEval,CoreFlow-q185,43,ClassEval_33::BulkItemPromo,False,COMPILE_FAILURE:10,ceda21dfd71952dee61cedd6b86926bd02976467fbcb444303d70290ef98b9fc
ClassEval,CoreFlow-q185,43,ClassEval_33::FidelityPromo,False,CLASS_COMPILE_FAILURE:67,5cfc36c9c224278a0eeac912a25e40d69cf22ca29074af53621b54c766e950a3
ClassEval,CoreFlow-q185,43,ClassEval_33::LargeOrderPromo,False,CLASS_COMPILE_FAILURE:67,5312f22b34f4c17bf397f89e5d9cd29cf45621d0fbb370786081068383bd2778
ClassEval,CoreFlow-q185,43,ClassEval_33::due,False,CLASS_COMPILE_FAILURE:67,340a0103e42fdf1b9d90a0ae378a61aa0bab8f8b0320787ce76a2b94a933b779
ClassEval,CoreFlow-q185,43,ClassEval_33::total,False,CLASS_COMPILE_FAILURE:67,43e90b7c5e9f85201cbd23c3dd65429ca2ba27c0219753c05aaad54a9aef8304
ClassEval,CoreFlow-q185,43,ClassEval_35::find_blank,False,ASSERTION_FAILURE,ed15356c63958c2e84a78966b2055acc2044e228f819d61ddc0665ed6119e5ca
ClassEval,CoreFlow-q185,43,ClassEval_35::get_possible_moves,False,ASSERTION_FAILURE,a18a9eb38d0bccbbf096edd22fc41ea451b544aedf8c6280eea05365b1f9d9dd
ClassEval,CoreFlow-q185,43,ClassEval_35::move,False,RUNTIME_FAILURE,d2cb69d7cd3dbf6475a062834b5de9201d35505c3771e8cb289e222df51d0b64
ClassEval,CoreFlow-q185,43,ClassEval_35::solve,False,ASSERTION_FAILURE,d357cdb63a72d0ca9a3b0056dbce51b0e09f5e59de5c522797c77f4d5cc2d527
ClassEval,CoreFlow-q185,43,ClassEval_37::caesar_cipher,False,ASSERTION_FAILURE,18235986afc5bd9db4730ab2badb9782091be015b48afee47e4691955f1762cb
ClassEval,CoreFlow-q185,43,ClassEval_37::rail_fence_cipher,False,RUNTIME_FAILURE,5dcc85ebe10a66e95e3f7cd9090fb28d4f837af4908e55f8410f842bb57e2da2
ClassEval,CoreFlow-q185,43,ClassEval_37::vigenere_cipher,False,ASSERTION_FAILURE,2fc73bdd93b82e817b66f96f7c138bf51582e9b79e14f3b75789388cbb51e69a
ClassEval,CoreFlow-q185,43,ClassEval_39::_calculate,False,PARSE_FAILURE,6da88214122acc0a0ced1391a7c74bb49905c59eebe7148360b47ab43ffa70c8
ClassEval,CoreFlow-q185,43,ClassEval_39::calculate,False,RUNTIME_FAILURE,08e8a9ac24a8e7a252a6b1486225b5a234c4b2f390b4e558aa9dbc5abcf40cd9
ClassEval,CoreFlow-q185,43,ClassEval_39::compare,False,PARSE_FAILURE,70c1020602942da1c2fd44f6e8f16f8498b0e212326abdc00745ece1926305c4
ClassEval,CoreFlow-q185,43,ClassEval_39::is_operator,True,PASS,3db31f45c0c34d174142df0fc3305a9c7c58c61ede24fe29c9b4cefcbbab4819
ClassEval,CoreFlow-q185,43,ClassEval_39::prepare,False,ASSERTION_FAILURE,133ba7fc29984f88b63969103b73fbaff4151b4ae08d7403503165d49d213904
ClassEval,CoreFlow-q185,43,ClassEval_39::transform,False,PARSE_FAILURE,3fc11a79c725b52a18422284f2938caf5e6348ce6a9d0c27b60fbd14e0b60378
ClassEval,CoreFlow-q185,43,ClassEval_3::count,False,RUNTIME_FAILURE,b707eb82278d51ddbdad2aa2666da2107a9572c56fdf40e9c1557f545d4aee0d
ClassEval,CoreFlow-q185,43,ClassEval_3::count_all,False,ASSERTION_FAILURE,73101923458ec81ed459de78d7cb543e190caa7ab0d5bc488de69e6d7129bb61
ClassEval,CoreFlow-q185,43,ClassEval_3::factorial,True,PASS,ccb4a7fc16692e6349b38bf5b7f12e1d009ea9398f79900dc2bd449af40a1b01
ClassEval,CoreFlow-q185,43,ClassEval_3::select,False,ASSERTION_FAILURE,893335bdc1557e2ae07b38be22605123061976229aae3cb63db64dccec09431f
ClassEval,CoreFlow-q185,43,ClassEval_3::select_all,False,RUNTIME_FAILURE,409de38e89d6371286a8cf27c72cf4c5aab158c4813a24ad1f3a7431e38cc1c9
ClassEval,CoreFlow-q185,43,ClassEval_41::_check_five_in_a_row,False,ASSERTION_FAILURE,3b246a01297f271e8d65e26472df48e052e686d891514f8ef148375b94b70dd2
ClassEval,CoreFlow-q185,43,ClassEval_41::check_winner,False,ASSERTION_FAILURE,eb8db63128cb69095681aa48f340402c3de0f79d13fd556a81a306d5c078a1e6
ClassEval,CoreFlow-q185,43,ClassEval_41::make_move,True,PASS,f77e21d86f8e970aa1ba3487b7955998f3bdf5683474cbee27abc6f3ef723df0
ClassEval,CoreFlow-q185,43,ClassEval_42::book_room,False,RUNTIME_FAILURE,01e35228c47ba818e950a8413231742ff49d1706d3dd60bf474079cf49644fd7
ClassEval,CoreFlow-q185,43,ClassEval_42::check_in,False,RUNTIME_FAILURE,d846d12e91d500ba3a7458411abe601cdf1109f4309267040d9e720e92f8f0d1
ClassEval,CoreFlow-q185,43,ClassEval_42::check_out,False,ASSERTION_FAILURE,0a8a221c79ec163a95073fd08c0880178d0965eae3a8ecd7368ffb33e1df3084
ClassEval,CoreFlow-q185,43,ClassEval_42::get_available_rooms,False,RUNTIME_FAILURE,e3ac4a94b98c9e1b95f0abadd95524818675d685e50e7ee568783c2bd5b14f10
ClassEval,CoreFlow-q185,43,ClassEval_43::add_employee,True,PASS,3e1f2d90f593735039a2631536756d096269d1ac983da889683c4e6b13b90b9f
ClassEval,CoreFlow-q185,43,ClassEval_43::get_employee,True,PASS,61c891574ce3be01e66aaf423323ea2303681b9aded70a1a7a874749f43a081e
ClassEval,CoreFlow-q185,43,ClassEval_43::list_employees,False,ASSERTION_FAILURE,c3b23f3411e5f1f003052103586b9a1d61e2bbfe6ba12b7d8ed65a24ca25bac5
ClassEval,CoreFlow-q185,43,ClassEval_43::remove_employee,True,PASS,0815e8bb5f07ba577f5261f46a0de41144fd56d50e26a4ddab98a06e9d14048b
ClassEval,CoreFlow-q185,43,ClassEval_43::update_employee,False,ASSERTION_FAILURE,78bc325e55082d74dbca2fc537f6f62eba0ce7da549322290e81e493c0bab992
ClassEval,CoreFlow-q185,43,ClassEval_46::interpolate_1d,False,ASSERTION_FAILURE,0aaf0abf6f62b08671512f4a1c4d6763187fa97bbb2609ab2a744e4bd0382d22
ClassEval,CoreFlow-q185,43,ClassEval_46::interpolate_2d,False,RUNTIME_FAILURE,bf71c329465db57f8a9415008aabe5d73549a33a7f77e8e78caeffd7bdade6f2
ClassEval,CoreFlow-q185,43,ClassEval_47::get_binary,False,ASSERTION_FAILURE,838dd8baa6ecdc2e44f6516f9a7800b688e476d99bec6616eebb508872276480
ClassEval,CoreFlow-q185,43,ClassEval_47::get_octets,False,ASSERTION_FAILURE,43853fae8f959c3896bad94138690f3ca5a4697e77d0123bc0e73d4471e5e93f
ClassEval,CoreFlow-q185,43,ClassEval_47::is_valid,False,ASSERTION_FAILURE,c13876716af6b0436eeb2725c977e8f2718c091de9efacd29df04eddad7d50d2
ClassEval,CoreFlow-q185,43,ClassEval_53::add_word,True,PASS,3f65d184362fc2454c4b43f1dcb580ff18412e8d09aba3f61ccc72d8a7b2f6fc
ClassEval,CoreFlow-q185,43,ClassEval_53::find_longest_word,False,ASSERTION_FAILURE,9961c36e5b93a8fdf0f3d622675014277964391826ba763ee01b3e3e7abf3d92
ClassEval,CoreFlow-q185,43,ClassEval_54::create_board,True,PASS,53667dde0dda8caccf405190e9a72457f3da344d667df4d50af9fd80d9f22dc3
ClassEval,CoreFlow-q185,43,ClassEval_54::has_path,False,ASSERTION_FAILURE,dc9e94c44f7cddc660dd77a8c3d69352bac18cdefbcfe7128a00df636113cdf5
ClassEval,CoreFlow-q185,43,ClassEval_54::is_game_over,False,ASSERTION_FAILURE,811ce13dec6f31cbcc37665a3c7b74fbce61d94a05f75305e659b72698b8e405
ClassEval,CoreFlow-q185,43,ClassEval_54::is_valid_move,False,RUNTIME_FAILURE,00099e6952c0f17d903781ab97fe603a43cfe8b68568fd561997f7db5ed75b04
ClassEval,CoreFlow-q185,43,ClassEval_54::remove_icons,False,ASSERTION_FAILURE,9b2d8fd5aa615f28e13fc9a02f9e921f1fbd4757df19497cb485e673d7729524
ClassEval,CoreFlow-q185,43,ClassEval_55::palindromic_length,False,ASSERTION_FAILURE,3ef23a658c0c82fe6970bd42adfa10d0f293679ed5e90e57b94d3d970d33f1e3
ClassEval,CoreFlow-q185,43,ClassEval_55::palindromic_string,False,RUNTIME_FAILURE,034ed24f3b09e0e9ab6f75f215f84fd8b9814daf1f5b8fdb4a8f3dc9c46fcccd
ClassEval,CoreFlow-q185,43,ClassEval_56::accuracy,False,PARSE_FAILURE,8c9c7f5f9cab3801f7cbc20a0d93fa64b7bd309c4865a50125194694b2fb6bc6
ClassEval,CoreFlow-q185,43,ClassEval_56::f1_score,False,RUNTIME_FAILURE,6bdf2a576c919b6254e2fd65264a18994368bf9ca2087bf9331964b7158d4f92
ClassEval,CoreFlow-q185,43,ClassEval_56::precision,False,PARSE_FAILURE,90cf3eaaed84393a00892bd078204fcda79b5693d37380e4205c71f2a4039960
ClassEval,CoreFlow-q185,43,ClassEval_56::recall,False,ASSERTION_FAILURE,c44d8cbc036bb94b609a93323271059ad65f185cb5b25c2006fc6974c887c6db
ClassEval,CoreFlow-q185,43,ClassEval_56::update,False,ASSERTION_FAILURE,cadcc5ce13a53a7f177e432436f658355b2a5a221ac91ceab6b08e1d25e4b794
ClassEval,CoreFlow-q185,43,ClassEval_57::map,False,RUNTIME_FAILURE,467c0b3be4469fdef3965777fbc9200ca7b13d3cbc042c0636cf50d8fffc76f1
ClassEval,CoreFlow-q185,43,ClassEval_57::mrr,False,RUNTIME_FAILURE,d6ce90c18ec8965ec839fd2c79b64ac469f3a0226e8a9df408b27a6918510670
ClassEval,CoreFlow-q185,43,ClassEval_58::check_won,False,RUNTIME_FAILURE,aa69ac2a053f521da379717a7b09eea93b2a70fef08bb25c5464119e12065353
ClassEval,CoreFlow-q185,43,ClassEval_58::generate_mine_sweeper_map,False,RUNTIME_FAILURE,2cd940cb126cc36aba3fdd8141f44588097420a1413332670a331027f7632abd
ClassEval,CoreFlow-q185,43,ClassEval_58::generate_playerMap,False,PARSE_FAILURE,ec5e9a404596f3919e8f5881b7d7309ea0f4b0b543a49996f72a08459d2c5ba7
ClassEval,CoreFlow-q185,43,ClassEval_58::sweep,False,RUNTIME_FAILURE,d4e02e2a17fa2e0e322efab50bf72d9885599350f8963dfa3cf627281defc264
ClassEval,CoreFlow-q185,43,ClassEval_59::add_movie,False,ASSERTION_FAILURE,2999dc526eb9c8c73e5e59e5f85dcbe8b280deac37c601b4b0325aab3cd79e8c
ClassEval,CoreFlow-q185,43,ClassEval_59::available_movies,False,ASSERTION_FAILURE,6ab679006eb47215271bb9dd1def860f6e12410696ff03efe12232530346220e
ClassEval,CoreFlow-q185,43,ClassEval_59::book_ticket,False,ASSERTION_FAILURE,31a820fbcb4ed9e822d150d102e7ace696f6cfd7faab0cfb8fe83073096156da
ClassEval,CoreFlow-q185,43,ClassEval_61::add_song,True,PASS,c4152d2c7a7457e9c6ca3390e28d941d90f950bd62398720a2cd3732e8956a8b
ClassEval,CoreFlow-q185,43,ClassEval_61::play,False,RUNTIME_FAILURE,97a372ab8f9983c2ff10ba331cfd71eba68866089fdc3fd29196e801091747e5
ClassEval,CoreFlow-q185,43,ClassEval_61::previous_song,False,ASSERTION_FAILURE,f4d14539aa63b9d8b119dd8206af1d930c782bbdb0a41155e8f16a1ee7d81ee0
ClassEval,CoreFlow-q185,43,ClassEval_61::remove_song,False,RUNTIME_FAILURE,e6103895ea0a178e4122ff85d31cde21d3821270fbfd2bf9d39e12aea9eca116
ClassEval,CoreFlow-q185,43,ClassEval_61::set_volume,False,ASSERTION_FAILURE,25acee04d51b634af84069eb729c414ce1a0c54b6229859ddd317deb91a631df
ClassEval,CoreFlow-q185,43,ClassEval_61::shuffle,True,PASS,b06efcbbc038e6ef7079d00adabf577aefc2e3aebc4d1e76086e7c42a15f9560
ClassEval,CoreFlow-q185,43,ClassEval_61::stop,False,RUNTIME_FAILURE,ce468d30522d15cc76bf674366957af220e606d944f90cc037ac4993d58c76af
ClassEval,CoreFlow-q185,43,ClassEval_61::switch_song,False,ASSERTION_FAILURE,5e5e3f6a4d563d091f7f102c3679a81d6b9efe93bbd74c977710ad6d4b5c6d22
ClassEval,CoreFlow-q185,43,ClassEval_64::binary_to_decimal,False,CLASS_COMPILE_FAILURE:114,fa16b56731e887c165f827b8ed9d665ea7276381394232099ae03fb1f42ebf4b
ClassEval,CoreFlow-q185,43,ClassEval_64::decimal_to_binary,False,PARSE_FAILURE,e99d779f289068b5cb45d458001661809d867b938f687c9102dbf218659f1cfb
ClassEval,CoreFlow-q185,43,ClassEval_64::decimal_to_hex,False,CLASS_COMPILE_FAILURE:114,7419853e86a5c112729d22f4aa0fd4ea0fcd0ce7f723354f99de8baf8e172b72
ClassEval,CoreFlow-q185,43,ClassEval_64::decimal_to_octal,False,CLASS_COMPILE_FAILURE:114,b14fe88924d5cc3e3b63494a85261e4ae70ea485b722bb7d88d6330b3eb00741
ClassEval,CoreFlow-q185,43,ClassEval_64::hex_to_decimal,False,COMPILE_FAILURE:55,f42543e351ba4c033c85766a7fd26c4a4b152331ac8b31049ee910a2b825da99
ClassEval,CoreFlow-q185,43,ClassEval_64::octal_to_decimal,False,CLASS_COMPILE_FAILURE:114,dda2b3cabaa0016cc5fa5d9f1028ee530ca63d914c0317c8674817be1adf86d1
ClassEval,CoreFlow-q185,43,ClassEval_65::format,False,ASSERTION_FAILURE,e77566d58fa7dbefa158096b8b6d1cd3ee77a3c0de6d599acc90843cc9f7ec8c
ClassEval,CoreFlow-q185,43,ClassEval_65::format_string,False,ASSERTION_FAILURE,d109550521745eab4aaaf1c428b8b08101663433525469f6dbf646c3eadf1fda
ClassEval,CoreFlow-q185,43,ClassEval_65::parse_more,False,ASSERTION_FAILURE,98447355dcf9d58286431821b183ad022befbcd0b8f0d73e4b9272245c49f82c
ClassEval,CoreFlow-q185,43,ClassEval_65::trans_three,False,ASSERTION_FAILURE,eb92159f5de8f13722a01a08a50b40922efeadadc2c574f9a05aff07492effa0
ClassEval,CoreFlow-q185,43,ClassEval_65::trans_two,False,PARSE_FAILURE,2cf686c7a8af924633f6485372055998474d3d0ab8602d3af6f618fe7d1f1447
ClassEval,CoreFlow-q185,43,ClassEval_68::get_page,False,RUNTIME_FAILURE,315a25c5b603266279b290e79fd388e77ff131ba6983288e6148ccd303cd3ef2
ClassEval,CoreFlow-q185,43,ClassEval_68::get_page_info,False,ASSERTION_FAILURE,47df3355a09aaf589dcc9b9a356b98618cd7d99074383bbb60ee6d2eeeb5d169
ClassEval,CoreFlow-q185,43,ClassEval_68::search,False,ASSERTION_FAILURE,5b555840a908a5d634967746467fc311971a5d04e32c1ec5e70facaccbc6c867
ClassEval,CoreFlow-q185,43,ClassEval_70::_validate_name,True,PASS,77be4eaa48d0b7e1a7b2b9c766e2edc9f27bc2c4e6d899a4fcbcfc2e8fb8d9c7
ClassEval,CoreFlow-q185,43,ClassEval_70::_validate_phoneNumber,True,PASS,fe87f52772c58636df5c5f02e5dc42f0b124659ba8d330a4951c3af09b87bf94
ClassEval,CoreFlow-q185,43,ClassEval_70::_validate_sex,True,PASS,70f2eae42ba018cb8d65eb4a4ec2eaa748a5344e9cbfca095df558c98acce46d
ClassEval,CoreFlow-q185,43,ClassEval_71::check_win,False,RUNTIME_FAILURE,225326591c043b39d6e31ed49b0115f38fcf52260a8ff99ebd84e3d5355edd6e
ClassEval,CoreFlow-q185,43,ClassEval_71::init_game,False,RUNTIME_FAILURE,846f078d498b11059876a41d2417d8d7a79910ee3e942a16c4ccc2094d9a5e0e
ClassEval,CoreFlow-q185,43,ClassEval_71::move,False,RUNTIME_FAILURE,3fa6e0e826a9e12d697e6cf19e688bfd7fafabea3ce70d0ee6667c201794e55f
ClassEval,CoreFlow-q185,43,ClassEval_73::attack,False,ASSERTION_FAILURE,b0719f68f89ad49d7bebdf19e377e4dcece5756ebe9042dd4a02b08ff93ca329
ClassEval,CoreFlow-q185,43,ClassEval_73::gain_exp,False,ASSERTION_FAILURE,aa48d0db0cfd3a3cf24d2b2fb4578e2240999c5b4429a4e51b76c36e6674d536
ClassEval,CoreFlow-q185,43,ClassEval_73::heal,True,PASS,338989b002c1cca25b47a2d6b4a6aaa39c107a4d787467d6ab4319f3b1d401ca
ClassEval,CoreFlow-q185,43,ClassEval_73::is_alive,True,PASS,65e846568b711f7366613b453fcd6031793bf845d0de0a31ac736aff9ac438c8
ClassEval,CoreFlow-q185,43,ClassEval_73::level_up,False,ASSERTION_FAILURE,343f7ed89c8a216575a94b9cc0f221261f87c4c63d034429eeb061e68f57166e
ClassEval,CoreFlow-q185,43,ClassEval_75::add_item,False,ASSERTION_FAILURE,708fcc4403dabbbf638b0349945dceabcfff3c58f6ddfa5225b631eca85f4bb8
ClassEval,CoreFlow-q185,43,ClassEval_75::remove_item,False,ASSERTION_FAILURE,5aa38d39d91a411eed3fe4a0ac0f33ca5a51fc65b7e5be97d812c5a6c1f30009
ClassEval,CoreFlow-q185,43,ClassEval_75::total_price,False,ASSERTION_FAILURE,e52f259f0fcc3ca000042100f3cd48d22eb2af70c4449d840615e5ce9a47038c
ClassEval,CoreFlow-q185,43,ClassEval_75::view_items,False,ASSERTION_FAILURE,59f10bc957e3023d16d1861cf10527dc4e2bfc5d545108bacf049b8f9d32da13
ClassEval,CoreFlow-q185,43,ClassEval_76::add_user,True,PASS,81b6e4043748cf44540f463559e3c494b3dd4354f2219f6ee1c8fb872e43e694
ClassEval,CoreFlow-q185,43,ClassEval_76::all_not_signed_in,False,ASSERTION_FAILURE,4b0809fc18cfa867d96cdd8d1466743d72ef68052006a3fd6be7e0d5620c5ae1
ClassEval,CoreFlow-q185,43,ClassEval_76::all_signed_in,False,ASSERTION_FAILURE,e8b83e0daa89928365251cd9815d8c837413435fdfbe6ef2345006db5fcd04d6
ClassEval,CoreFlow-q185,43,ClassEval_76::check_sign_in,False,ASSERTION_FAILURE,c50bbe8380b6064e5f2a8b8aa38a9fd556178ac04582a224ca0dfcf2b6652c42
ClassEval,CoreFlow-q185,43,ClassEval_76::sign_in,True,PASS,5380c2ce34c93273d68c0b9d662d8eb5d1d610ea17ef8f1314ddefcdcf7bff7c
ClassEval,CoreFlow-q185,43,ClassEval_79::delete,False,CLASS_COMPILE_FAILURE:64,3e6dee186024fe369c989e317359f756cda3342f02264184cb77909944fbe264
ClassEval,CoreFlow-q185,43,ClassEval_79::insert,False,CLASS_COMPILE_FAILURE:64,f79089714a044ebe9f5f7d3127729b7c097be5f24c79f078a93b632affd5e5b7
ClassEval,CoreFlow-q185,43,ClassEval_79::select,False,CLASS_COMPILE_FAILURE:64,6e236a02a8cb7a896d9b3885a29d431972ab61993a36e9d64854ea5e4bc98730
ClassEval,CoreFlow-q185,43,ClassEval_79::select_by_age_range,False,CLASS_COMPILE_FAILURE:64,02ba2173c6146b3e96a73b2784f707dcf145f55181166d463410702db7e2b908
ClassEval,CoreFlow-q185,43,ClassEval_79::select_female_under_age,False,CLASS_COMPILE_FAILURE:64,0f7d390ebd2c2dcd258e847c6f7ab23e2813b106d5d256f7d165055eb788a6a2
ClassEval,CoreFlow-q185,43,ClassEval_79::update,False,COMPILE_FAILURE:12,c6d091d74b792f57b3de9b4b0de2f7daeb6ce7ec746e831f1abeec401df9baac
ClassEval,CoreFlow-q185,43,ClassEval_7::check_balanced_brackets,False,ASSERTION_FAILURE,dbf1bf2c9aaa57ba4533af1302b877c4af49fdabf4703690bd60d42b18221b21
ClassEval,CoreFlow-q185,43,ClassEval_7::clear_expr,True,PASS,cd0763ac38a3b2fe3b18a707177869fa06c19640564d707121c1701ca83e1ab5
ClassEval,CoreFlow-q185,43,ClassEval_81::correlation,False,ASSERTION_FAILURE,325be5c1c50590087b556630358c9a8c413920002cae68c6f0b3a3bf5d737f89
ClassEval,CoreFlow-q185,43,ClassEval_81::correlation_matrix,False,PARSE_FAILURE,a9021e5da36816a5bac1acc5e7eeca266d62eba8c30f72b30939e10cc3841733
ClassEval,CoreFlow-q185,43,ClassEval_81::mean,False,RUNTIME_FAILURE,287f2d0cdcb6d57c088f4ceea16f3a1c766d90b6cce57ee5eb14cd91e5a6e288
ClassEval,CoreFlow-q185,43,ClassEval_81::median,True,PASS,e7c5cdf6516bcb54fa3771eb26fb6c5ef186357ed13ba0bedd1038b1be2a22fb
ClassEval,CoreFlow-q185,43,ClassEval_81::mode,False,ASSERTION_FAILURE,535a1f0c8bf6d56a9b459ebc5968504c25c46b47caedd6e78e022532a036ccea
ClassEval,CoreFlow-q185,43,ClassEval_81::standard_deviation,False,RUNTIME_FAILURE,fe11a9ab9184c72ab38b31fd5dcddb6412ee6ed3d2f99bd7626ff610aa2fd404
ClassEval,CoreFlow-q185,43,ClassEval_81::z_score,False,PARSE_FAILURE,1d673204a945a4e7cdef328dfc4a189665ebd9116109aa5113b18592fccfc6bc
ClassEval,CoreFlow-q185,43,ClassEval_82::add_stock,False,ASSERTION_FAILURE,7228cdb191ec1ab1b5290cace740775f3ba02ddcadf36835f62d0c168ac168e4
ClassEval,CoreFlow-q185,43,ClassEval_82::buy_stock,False,ASSERTION_FAILURE,4fd3525898d898f72275cd2da0a1a08145ca039a408d8e90cde7ba486c67bea7
ClassEval,CoreFlow-q185,43,ClassEval_82::calculate_portfolio_value,False,ASSERTION_FAILURE,ef264037efc8adb6c9a01c9ba7cf9dfa65a485b80e18c04b0d5389fd057b956a
ClassEval,CoreFlow-q185,43,ClassEval_82::get_portfolio_summary,False,ASSERTION_FAILURE,67c373cc1edc0fc361ff7bb0005df2fad45d094d0e1d549bd33383b3aa39fc80
ClassEval,CoreFlow-q185,43,ClassEval_82::get_stock_value,True,PASS,914590fb0b5f8411bb0abf77e54c3167516749a88a2eb74573de92e06cdf1748
ClassEval,CoreFlow-q185,43,ClassEval_82::remove_stock,False,ASSERTION_FAILURE,136014fece2f7ff285f87b0c7e66e37c8391632dd4a6efc3e1e5fdf436b1c50c
ClassEval,CoreFlow-q185,43,ClassEval_82::sell_stock,False,RUNTIME_FAILURE,edda5ac44852c1a3f33f3bac2b233cd0d9b4d536f3571541ba6037cded19ac9e
ClassEval,CoreFlow-q185,43,ClassEval_84::process_file,False,RUNTIME_FAILURE,28c5f6915a749508de6dfee0e0d595d2abfc9807f5b62243e95fbcafdca4b52a
ClassEval,CoreFlow-q185,43,ClassEval_84::read_file,True,PASS,f70cb4981503fbf32b45b659d7d5872fd135ba7fd629d6c8fe8c06db5fa2a140
ClassEval,CoreFlow-q185,43,ClassEval_84::read_file_as_json,True,PASS,7cb76db0db458cf9ffe833f833b1997b11c82279b929df1fa1f621660bdd7278
ClassEval,CoreFlow-q185,43,ClassEval_84::write_file,True,PASS,ee1214658c11f1ec4170cc9d9d6d7dc2c22e61c0eac96c3947c581e68a4b0096
ClassEval,CoreFlow-q185,43,ClassEval_85::auto_check_conflict,False,ASSERTION_FAILURE,64a727b8cf11e5410f536516cfc9ab47b0d79f746bb487264f3b7353d0907f7e
ClassEval,CoreFlow-q185,43,ClassEval_85::auto_set_mode,False,PARSE_FAILURE,4936266c2e2ec149ac098dfc8a61285b602913f05dae68eccd53ebb47728646e
ClassEval,CoreFlow-q185,43,ClassEval_85::get_mode,True,PASS,e196cbab95eb8b71d921618a1c7d81c936ece8ae2f1d538d7df042aa7b677a28
ClassEval,CoreFlow-q185,43,ClassEval_85::get_target_temperature,True,PASS,d242f4813d72669879c6e0e970c5bb05ac705aa57a349fba73a11b2c5a1677ba
ClassEval,CoreFlow-q185,43,ClassEval_85::set_mode,True,PASS,d3445e154f5b696f8610a70580e260d2d8e803d129ae5e7ec6084666f177d3ef
ClassEval,CoreFlow-q185,43,ClassEval_85::set_target_temperature,True,PASS,5ff18fc439c5716b8a652bef6cded498cec292978cce1d207d0e8dfaf037a5de
ClassEval,CoreFlow-q185,43,ClassEval_85::simulate_operation,False,ASSERTION_FAILURE,ea89ac67795e3a4dfdd8cd609946d02aaf0128c60fec59b0f5c12f1e627c46d5
ClassEval,CoreFlow-q185,43,ClassEval_86::check_winner,False,ASSERTION_FAILURE,decdba8c51937d9c1c536cefe69306096eb20c32d268999ea61abb09551258b4
ClassEval,CoreFlow-q185,43,ClassEval_86::is_board_full,False,ASSERTION_FAILURE,81fce19f345a93f5f4e3e88d3e05309c4a212cfe3f6523811a0495a8cb8418a9
ClassEval,CoreFlow-q185,43,ClassEval_86::make_move,False,ASSERTION_FAILURE,1fecc3c31c4fe6ebdda6fdd168578b65b3b6b748fb36f1b5d2d870f83f570a0d
ClassEval,CoreFlow-q185,43,ClassEval_8::deposit,True,PASS,09b92f3ac6944b0a43bfa07fb006a7a2465e2a5d29eb1e82ecc41642a1d4b9ea
ClassEval,CoreFlow-q185,43,ClassEval_8::transfer,False,ASSERTION_FAILURE,ef5167458114b8be08d925706d9ea6fc7d3d23c683663adb4d7303f988746d22
ClassEval,CoreFlow-q185,43,ClassEval_8::view_balance,True,PASS,f065cdf79bc2515e655d40660c33db3788b6e64c348967fe96179246bb1b826e
ClassEval,CoreFlow-q185,43,ClassEval_8::withdraw,False,ASSERTION_FAILURE,27ac7bcd3d882e77e182ba24cc6b4d51c795562cc069e3f647e3cf2c38afd839
ClassEval,CoreFlow-q185,43,ClassEval_90::get_fragment,False,RUNTIME_FAILURE,df95d1f2b8dc1d4799f2ab3f65c67d3cc784bbe941c9908ea1e57f5d2f1b3c0c
ClassEval,CoreFlow-q185,43,ClassEval_90::get_host,False,RUNTIME_FAILURE,494ce5c4c766e79abd8a08b9bcf5a8fcddb53626513eba2548e5481fe5598ccb
ClassEval,CoreFlow-q185,43,ClassEval_90::get_path,False,ASSERTION_FAILURE,5baa9d6faa70f4c624a071f7279627adc568d64f6849a103916a46a1d548c5e8
ClassEval,CoreFlow-q185,43,ClassEval_90::get_query_params,False,RUNTIME_FAILURE,13b590151671de92775735d955818f0974776aa2c53caeba3c30a69f9a49a8ef
ClassEval,CoreFlow-q185,43,ClassEval_90::get_scheme,False,PARSE_FAILURE,0f7ffe90c3b5730c11d82d587ea7da489df8c1aa290de4ad13f3eec5d6729fcd
ClassEval,CoreFlow-q185,43,ClassEval_92::delete_user_by_username,False,ASSERTION_FAILURE,06c9257f3a890c474e3922955fc867ad8574bb0fb0e160261200a01f15da93c0
ClassEval,CoreFlow-q185,43,ClassEval_92::insert_user,False,ASSERTION_FAILURE,3138df441f0a391981206e8aacb83d703ab0829ef18409c1dbff68d82c120506
ClassEval,CoreFlow-q185,43,ClassEval_92::search_user_by_username,False,ASSERTION_FAILURE,a7727ee3632a333c33c6078d6aa98202fd35482b5c8264523782011248e14e01
ClassEval,CoreFlow-q185,43,ClassEval_92::validate_user_login,False,ASSERTION_FAILURE,238af70b09d56bd5febd4c5625c4c6b97517b5f08757df510172180a94d91a14
ClassEval,CoreFlow-q224,41,ClassEval_11::add,False,RUNTIME_FAILURE,0083d1e014916023d5b6b3c28206789a3435556f47da87c53e1fba5cb9387b54
ClassEval,CoreFlow-q224,41,ClassEval_11::check,True,PASS,431d093851e5455a900e6a50a447fba16754224826f73ffd6a377d3cdf877b11
ClassEval,CoreFlow-q224,41,ClassEval_11::has,True,PASS,1ff069b147624b3fd249d88fe3389dde98f14310975d99a603b0f61eaa95f0bd
ClassEval,CoreFlow-q224,41,ClassEval_11::remove,False,RUNTIME_FAILURE,3fe23d70762e587c173f234bb34112d64086c70367a7e60c50d5df3f4fdadcf9
ClassEval,CoreFlow-q224,41,ClassEval_12::calculate_hand_value,False,ASSERTION_FAILURE,0bd660ada6154b821b2fd4122365b888dfbeeaf2e2aefb81ce28e6591c32cc6e
ClassEval,CoreFlow-q224,41,ClassEval_12::check_winner,False,RUNTIME_FAILURE,e7681638ccb9b5045a2b3ac115549d9a3153383299cfbbf94b77a92460d94e50
ClassEval,CoreFlow-q224,41,ClassEval_12::create_deck,False,ASSERTION_FAILURE,28b069ccbff1a7416ddcd53eb03ab6f049b8ecc66cddcb1b5e89092ce470ff95
ClassEval,CoreFlow-q224,41,ClassEval_14::add_book,False,PARSE_FAILURE,dc5b2347dcd43fdc51d0d3e4792c4d98c60f7ab4cac057fc9f22b8b5b41bf6f3
ClassEval,CoreFlow-q224,41,ClassEval_14::borrow_book,False,RUNTIME_FAILURE,f0a10ec1239573d4d02c03fcd41313601187a5a8605d6f47ea875753b17aeeb1
ClassEval,CoreFlow-q224,41,ClassEval_14::create_table,False,PARSE_FAILURE,0f5deb6c093e16ba459b03b4e3796a0a8e39dba72563b4850870386a83a182f8
ClassEval,CoreFlow-q224,41,ClassEval_14::remove_book,False,RUNTIME_FAILURE,eb123327cbc54667130895f0d84e1f96155d547bbbe3f2c32740778303200e33
ClassEval,CoreFlow-q224,41,ClassEval_14::return_book,False,RUNTIME_FAILURE,707144ec8d6ef6b82e6c175e3b16d84054eacdb33f37db81d21b9cf10e591858
ClassEval,CoreFlow-q224,41,ClassEval_14::search_books,False,RUNTIME_FAILURE,4abe4cd28c1537598a632e96f7dc02202ad96991d6b52357c2b7edfea4b79716
ClassEval,CoreFlow-q224,41,ClassEval_15::bad_character_heuristic,False,ASSERTION_FAILURE,17ea1849df3a80a63d23689592fb5ff499e651ed3bb53580d694518c807be4aa
ClassEval,CoreFlow-q224,41,ClassEval_15::match_in_pattern,False,RUNTIME_FAILURE,7a6956fc2f6a7e2568cf31322d2bf7c1a53f22182fe2946a4200a0668beb55d4
ClassEval,CoreFlow-q224,41,ClassEval_15::mismatch_in_text,False,ASSERTION_FAILURE,2924a25840c2a4ec7afb976c1b223c78e0748368fc31164f54fe72c7ca06eb9c
ClassEval,CoreFlow-q224,41,ClassEval_19::generate_primes,False,ASSERTION_FAILURE,9b5b6de22299ac65c0559a78dd915cb07928efe0b655b9eb66e1d87b9c78bb2c
ClassEval,CoreFlow-q224,41,ClassEval_19::get_primes,False,ASSERTION_FAILURE,e4fe0c4844b4db6e2eec62b7612dfa1116d5d99a3f3a0636cc71bb342a3a0f18
ClassEval,CoreFlow-q224,41,ClassEval_1::calculate_annulus_area,False,ASSERTION_FAILURE,5617ec8d525e3a5a1f07b31ff894c3fcba222fb6caba90ee58a5ccf8f7d6d194
ClassEval,CoreFlow-q224,41,ClassEval_1::calculate_circle_area,True,PASS,03908d4bc67e730730e7f1ec91a608862da0abf2ba934649d0a15f5711c12a96
ClassEval,CoreFlow-q224,41,ClassEval_1::calculate_cylinder_area,False,ASSERTION_FAILURE,d2fc9e8b7d011bd4f93fdd775afb8ca639cc32b4d27fed75af1823366a155c3a
ClassEval,CoreFlow-q224,41,ClassEval_1::calculate_sector_area,False,ASSERTION_FAILURE,decac791dfdf52cd8b27011b1754b696773310dc937e8e06e13e550aff7f13be
ClassEval,CoreFlow-q224,41,ClassEval_1::calculate_sphere_area,False,ASSERTION_FAILURE,844f530622f2f31e71be0a8663eb8453d7835a44ff063a89f004613597ede850
ClassEval,CoreFlow-q224,41,ClassEval_22::get_all_major,False,ASSERTION_FAILURE,641415f2db0635fb5eabb6d23973a5e424bd9d9b989577ee061c87c1d2527665
ClassEval,CoreFlow-q224,41,ClassEval_22::get_most_popular_class_in_major,False,RUNTIME_FAILURE,42fcfacfe4d9c66e2ec6c4f3ea7cfed639eed68745191e45244bd8e4cba6873f
ClassEval,CoreFlow-q224,41,ClassEval_22::get_students_by_major,True,PASS,5c633b2c00c9c364007ad80d622c0b13b00c22777b5be6a1cbc29125740cf5c2
ClassEval,CoreFlow-q224,41,ClassEval_22::register_class,True,PASS,68eedb0064833a613767fc30d721c0a6570bf13d3205321cc2014d85badade2e
ClassEval,CoreFlow-q224,41,ClassEval_22::register_student,False,RUNTIME_FAILURE,694306ebdf7f3a34106f345332528b5103739c7bfe1d5cf44fb3abf2828ec175
ClassEval,CoreFlow-q224,41,ClassEval_27::add_currency_rate,True,PASS,f1319c0acabcf092e2850ac8397841a22ce161e9ca0da12176903f7198f2a3e2
ClassEval,CoreFlow-q224,41,ClassEval_27::convert,False,RUNTIME_FAILURE,6a336b2b76b8dd5f7baeb5c235875dfe66feb2818ebe40e80013d66d9c2a446d
ClassEval,CoreFlow-q224,41,ClassEval_27::get_supported_currencies,False,ASSERTION_FAILURE,90b64159e0997d7f3242ea0ff68695241c8963fe4c35c0e10cd47bf5adec5d20
ClassEval,CoreFlow-q224,41,ClassEval_27::update_currency_rate,True,PASS,74b0b36dba0b39f4cf2f50669a615beb16a8e348991fd440267df6f0259f7de3
ClassEval,CoreFlow-q224,41,ClassEval_29::mean,False,ASSERTION_FAILURE,a73b0719344b388e981d363d227230349207dd93a2875d0f26e48d76772fe01e
ClassEval,CoreFlow-q224,41,ClassEval_29::median,True,PASS,146c33927e3e03d757696676504044475dec8998063df42f121d7defd5348a59
ClassEval,CoreFlow-q224,41,ClassEval_29::mode,False,ASSERTION_FAILURE,0dc28e4c5fd76c3fcebfb3cfc01fc40eb5a88fa043d17cc6f0a4b15076a8b202
ClassEval,CoreFlow-q224,41,ClassEval_2::_convert_type,False,RUNTIME_FAILURE,7261c1ccd9fe04cd01fdc65c16264c5c9bd647020fd3119a736e17d1cfafd2b3
ClassEval,CoreFlow-q224,41,ClassEval_2::add_argument,False,RUNTIME_FAILURE,d2e55d3e2dc18f530d9b49be1e597eb249870feccba04d140a390fb56c6b227e
ClassEval,CoreFlow-q224,41,ClassEval_2::get_argument,True,PASS,a0c298ca5311d89e705d2c0c729119a78bc4a7e4327b62326a960f4304f49f3b
ClassEval,CoreFlow-q224,41,ClassEval_2::parse_arguments,False,RUNTIME_FAILURE,9e5e6f8a679d0e7377e7faf2b942b8ccabdd41a03423be57b52f3e0226b152e4
ClassEval,CoreFlow-q224,41,ClassEval_30::get_correlation,False,RUNTIME_FAILURE,5ebe10fa2cb3fd2238fbd89f6f9bf842e8dd8c81e9d58a47cf174aa5d977f0f9
ClassEval,CoreFlow-q224,41,ClassEval_30::get_max,True,PASS,f7e038a91c5ab016b3d597d2896c79caea658271cf4898a62325f1810e29c97f
ClassEval,CoreFlow-q224,41,ClassEval_30::get_min,True,PASS,b5617caf338f1858d4b77ca6733a8ddf9e52703243368626b9f7b5f04d8a7479
ClassEval,CoreFlow-q224,41,ClassEval_30::get_std_deviation,False,ASSERTION_FAILURE,3e9dce722921cb58bd916597c6a5b407b6f733bef560513270627c123a30e8bc
ClassEval,CoreFlow-q224,41,ClassEval_30::get_sum,False,ASSERTION_FAILURE,125fe8988bcce905f90cbffe04e7f4aca10c5799193364f777eca553b77fa23c
ClassEval,CoreFlow-q224,41,ClassEval_30::get_variance,True,PASS,8f6ac965850e4eea5d5a3734558b7e02832d3ee2dbd20d369c403b0e97c9b214
ClassEval,CoreFlow-q224,41,ClassEval_32::caesar_decipher,False,ASSERTION_FAILURE,029cb433109ceafd246610b5ca1e7adfebd649f15e0d05ec00629ac7b8631fbb
ClassEval,CoreFlow-q224,41,ClassEval_32::rail_fence_decipher,False,ASSERTION_FAILURE,e82f24aa21f89d408f50d3273becf08464d0c4c81b5157fb78c868e076131e7c
ClassEval,CoreFlow-q224,41,ClassEval_32::vigenere_decipher,False,ASSERTION_FAILURE,26d136ce5d9233005d64f6aa04debec0419bed03cc279525024c36c45a9bedc1
ClassEval,CoreFlow-q224,41,ClassEval_33::BulkItemPromo,False,COMPILE_FAILURE:10,ceda21dfd71952dee61cedd6b86926bd02976467fbcb444303d70290ef98b9fc
ClassEval,CoreFlow-q224,41,ClassEval_33::FidelityPromo,False,CLASS_COMPILE_FAILURE:43,01bfb68b35f76eb059d49663cd73da20665e5f6fa473bc4af0b5b38bf1a044f0
ClassEval,CoreFlow-q224,41,ClassEval_33::LargeOrderPromo,False,CLASS_COMPILE_FAILURE:43,98cd5f916577dbe57dd931276625023605da221c6a7af6a314c78f632e24549c
ClassEval,CoreFlow-q224,41,ClassEval_33::due,False,COMPILE_FAILURE:12,f63bd9e4464761f6ab7bd6d0f816868b49d95a5d5768b5458f43872a09aa691f
ClassEval,CoreFlow-q224,41,ClassEval_33::total,False,CLASS_COMPILE_FAILURE:43,43e90b7c5e9f85201cbd23c3dd65429ca2ba27c0219753c05aaad54a9aef8304
ClassEval,CoreFlow-q224,41,ClassEval_35::find_blank,False,ASSERTION_FAILURE,faa30848c5b60dfcfb3afbd68ddb83f9fa077a7d074ca611277c0ed4726d379c
ClassEval,CoreFlow-q224,41,ClassEval_35::get_possible_moves,False,ASSERTION_FAILURE,d5ccd3c614445bb17a6f90843506eeded163eb3f0dbd5866c009a1ff1d0edb91
ClassEval,CoreFlow-q224,41,ClassEval_35::move,False,RUNTIME_FAILURE,cd1f047bbb28815c7b68decb97f3ad83a9c1d21c04cf3a6fc15a36a28703406e
ClassEval,CoreFlow-q224,41,ClassEval_35::solve,False,RUNTIME_FAILURE,3e2d176a61f520b74f40b48972a39b8104714a015fcb5324dc26b38d87bf157b
ClassEval,CoreFlow-q224,41,ClassEval_37::caesar_cipher,False,ASSERTION_FAILURE,177112a16b9f11f667035372a5541bd24b5b161c4a859d7cf5a4181b15bbf273
ClassEval,CoreFlow-q224,41,ClassEval_37::rail_fence_cipher,False,RUNTIME_FAILURE,f84fa5fb9e1b486e94c88c694ff21419151798e02e34245e7d49f530f3a52ccc
ClassEval,CoreFlow-q224,41,ClassEval_37::vigenere_cipher,False,ASSERTION_FAILURE,2e069ec1b67155d2cdf6426a63aa6e0b472b1abeb4502bdc94fd34af511b5cea
ClassEval,CoreFlow-q224,41,ClassEval_39::_calculate,False,PARSE_FAILURE,dd2c8ab8ccc68363ee4620caf46c60b6020e7ee37feccf7931aab32852bcff48
ClassEval,CoreFlow-q224,41,ClassEval_39::calculate,False,RUNTIME_FAILURE,fc576240661366437bfaad9c72f37beca1a78000fc1e229eab5bd4f59ec01933
ClassEval,CoreFlow-q224,41,ClassEval_39::compare,False,ASSERTION_FAILURE,64d494fde83f98401be81d75b3ea98fe257a6c547770dd06ab7f44c021b82a27
ClassEval,CoreFlow-q224,41,ClassEval_39::is_operator,True,PASS,de1670a82aaf8e1832b73229e8e693040cefbc9ce15f0e195c33749611428c36
ClassEval,CoreFlow-q224,41,ClassEval_39::prepare,False,ASSERTION_FAILURE,4c846c51d781f68762e954f503ad7e2aea59182101f914f97fe25b61fec13bd8
ClassEval,CoreFlow-q224,41,ClassEval_39::transform,False,RUNTIME_FAILURE,b6eccc4855912357c2afe4ccc63d414691820f7e52878a2acc68b5677d017073
ClassEval,CoreFlow-q224,41,ClassEval_3::count,False,CLASS_COMPILE_FAILURE:122,51886e9252e1c6865940b0253de9574c8a55723d7f5d3a445e9abd75c1cb93d5
ClassEval,CoreFlow-q224,41,ClassEval_3::count_all,False,COMPILE_FAILURE:102,ce716fa047db50a1ce1b13fe01c2876f6e512e2fbde6f78478576e0a54a87062
ClassEval,CoreFlow-q224,41,ClassEval_3::factorial,False,CLASS_COMPILE_FAILURE:122,6219055742a7ab32df845e3a2f3811001f0f35fad3799f7fbfc5d372c69e6e6c
ClassEval,CoreFlow-q224,41,ClassEval_3::select,False,CLASS_COMPILE_FAILURE:122,3bbef6f7ed7cb38f995cc7ab6d578c689e9a7de4a08a834997b63a142b037d73
ClassEval,CoreFlow-q224,41,ClassEval_3::select_all,False,CLASS_COMPILE_FAILURE:122,8c7ec10f8a25e9cc9f445a1e4d42c054ffb4f0504d84a67d2ca281e23ef002a3
ClassEval,CoreFlow-q224,41,ClassEval_41::_check_five_in_a_row,False,ASSERTION_FAILURE,12cb2dacc8ad180a2a06eeddf7cd952da80ca9b0a045eaaa7d37d62de09a9d6b
ClassEval,CoreFlow-q224,41,ClassEval_41::check_winner,False,ASSERTION_FAILURE,159aef8a35144c5a56765a27715d792a06f8d191f9882ded797639d643b6762b
ClassEval,CoreFlow-q224,41,ClassEval_41::make_move,True,PASS,964b7e04da6f95832558138d0cdb31e4a987441c74a987b869570b754232b84d
ClassEval,CoreFlow-q224,41,ClassEval_42::book_room,False,RUNTIME_FAILURE,da7959b7c8904a5324c596bce63597a49b2023fe4d7573185f2cf256df900472
ClassEval,CoreFlow-q224,41,ClassEval_42::check_in,False,ASSERTION_FAILURE,efadc7d537e23a4054ed5b633864649d2a6cfb8193fdb45f1b81a5a1475af398
ClassEval,CoreFlow-q224,41,ClassEval_42::check_out,False,RUNTIME_FAILURE,22f480742fe99f23fdf0e7c008aa4391dce7288dd06a2f1f4dd9c60f93f60a20
ClassEval,CoreFlow-q224,41,ClassEval_42::get_available_rooms,False,RUNTIME_FAILURE,ed51a910d3acf71c85e4366f7d9d312bd2f80620a38e6f130363b67c02b039d5
ClassEval,CoreFlow-q224,41,ClassEval_43::add_employee,True,PASS,2fdb4b4ee0e6d8d2f4329cecc4bac47cefba1c4fba9cad94126e1555b535601f
ClassEval,CoreFlow-q224,41,ClassEval_43::get_employee,True,PASS,eda803c0c1b07ecdfb0b0af4a0c55cf62c9c1ee1cefaf7149804dae89bec0b0e
ClassEval,CoreFlow-q224,41,ClassEval_43::list_employees,False,ASSERTION_FAILURE,d20d222c7cc60b0f773ba217ae29eb2697cb9002d44fecf9d2f5ff9764bd14b2
ClassEval,CoreFlow-q224,41,ClassEval_43::remove_employee,True,PASS,4c5fbabe48e1a17bf11a68f28a172000a620c6d08e31f2920dabee69e4d6c890
ClassEval,CoreFlow-q224,41,ClassEval_43::update_employee,False,ASSERTION_FAILURE,5f096c295af77b9c9a2ce1388b668b859cc73ed8365835346a1eeebc4b48ddb4
ClassEval,CoreFlow-q224,41,ClassEval_46::interpolate_1d,False,ASSERTION_FAILURE,e72a5d00e1177b105f63a47f4e8e4b529fabaa8ee0788ee3a7bd8842f65ee86a
ClassEval,CoreFlow-q224,41,ClassEval_46::interpolate_2d,False,RUNTIME_FAILURE,446282dfad3b54febb6109e6ca94d6a08e3b887844b67e2993798cd483929f4b
ClassEval,CoreFlow-q224,41,ClassEval_47::get_binary,False,ASSERTION_FAILURE,bb276bcbf11e68c2673ed9c956984640927f88b998ed18fa403a5c040c82b26c
ClassEval,CoreFlow-q224,41,ClassEval_47::get_octets,False,ASSERTION_FAILURE,7ba30f43fc239019f9da8f47cf890fadee9e7ce99aea7b3b580f367fec9dee83
ClassEval,CoreFlow-q224,41,ClassEval_47::is_valid,False,ASSERTION_FAILURE,febedbddabc49247e6548249a6d4a53ad6f1e50b258bd236dbcc27c4039e3a5c
ClassEval,CoreFlow-q224,41,ClassEval_53::add_word,True,PASS,e7586f5e2c706dc883cdb00c8efc26c15d6049a8bee710148ec163d2455de749
ClassEval,CoreFlow-q224,41,ClassEval_53::find_longest_word,False,ASSERTION_FAILURE,46d054f0aebbd14e67fca04a1559eb2a9061f75a3642749cd811905b5687cd50
ClassEval,CoreFlow-q224,41,ClassEval_54::create_board,True,PASS,354e7b5de0b53f2ab45ac8644c78977b1de1727aebdfbe9260432f43975915f9
ClassEval,CoreFlow-q224,41,ClassEval_54::has_path,False,ASSERTION_FAILURE,6076a62345094c7ad97b24263c3e0fa9832d29e6e61e7b9773f9f490992107f0
ClassEval,CoreFlow-q224,41,ClassEval_54::is_game_over,False,ASSERTION_FAILURE,811ce13dec6f31cbcc37665a3c7b74fbce61d94a05f75305e659b72698b8e405
ClassEval,CoreFlow-q224,41,ClassEval_54::is_valid_move,False,RUNTIME_FAILURE,3bd37ee0d6c746ab074146bc89fb05ed579b5c300375f96a078b19e718ac0b3d
ClassEval,CoreFlow-q224,41,ClassEval_54::remove_icons,False,ASSERTION_FAILURE,a831dafc4319d7614fb091e3b2c738342f6118bb8eaaa979f593309d20a0c085
ClassEval,CoreFlow-q224,41,ClassEval_55::palindromic_length,False,RUNTIME_FAILURE,17cecb6c0d7c7405956ea136f5274afceb76ac643621417e1ee725dbd31b8062
ClassEval,CoreFlow-q224,41,ClassEval_55::palindromic_string,False,PARSE_FAILURE,e29f73c559a166930b5d5d052353863f3b70245584c35813e68ed87e232c4b80
ClassEval,CoreFlow-q224,41,ClassEval_56::accuracy,False,ASSERTION_FAILURE,23a1ceab1d7a24ed577800d223eb2478264fcb2ca7c87de643c653bb79b41db0
ClassEval,CoreFlow-q224,41,ClassEval_56::f1_score,False,RUNTIME_FAILURE,1e3ccc812a5c60dee7b4e85bd24e35a818417451c394d8e890e09b03c52c0df2
ClassEval,CoreFlow-q224,41,ClassEval_56::precision,False,RUNTIME_FAILURE,37ffa9740db57be8274d64b9ba47cc827e0bcd92222162dc6087d5a293ac7356
ClassEval,CoreFlow-q224,41,ClassEval_56::recall,False,ASSERTION_FAILURE,f54ab9307be8c52448f3d0e26b42410879c43b6c2c35bac86c7e68f3a05938fd
ClassEval,CoreFlow-q224,41,ClassEval_56::update,False,ASSERTION_FAILURE,926845f966108857e0c38a99cbd0fa0a135cc48b39ab35030b275a40dd7a1b14
ClassEval,CoreFlow-q224,41,ClassEval_57::map,False,RUNTIME_FAILURE,e9e4632d8a659d7925685fe7d34452b4acf0d90d3568a4b801f45305d3452e4a
ClassEval,CoreFlow-q224,41,ClassEval_57::mrr,False,RUNTIME_FAILURE,5d924967cc65bf77d5bde62c0c7a8d3ee076210142a53c6848166e39e9c8ac6b
ClassEval,CoreFlow-q224,41,ClassEval_58::check_won,False,RUNTIME_FAILURE,b9ceaa43d1adb7ac13c4a01b8f3bb551c6a9a9d765bc22726f9a6370a0481ad8
ClassEval,CoreFlow-q224,41,ClassEval_58::generate_mine_sweeper_map,False,RUNTIME_FAILURE,a7697e7431a8013c8d371922d531fd1b2c1b915a80f94cf37dc3539adb5c7f08
ClassEval,CoreFlow-q224,41,ClassEval_58::generate_playerMap,False,PARSE_FAILURE,ec5e9a404596f3919e8f5881b7d7309ea0f4b0b543a49996f72a08459d2c5ba7
ClassEval,CoreFlow-q224,41,ClassEval_58::sweep,False,RUNTIME_FAILURE,a8f8d8b9d89684f1944b7f99309eaf38048d1a65c328d3d5b3412bea726781a9
ClassEval,CoreFlow-q224,41,ClassEval_59::add_movie,False,ASSERTION_FAILURE,c213fca7d554ba5919cc4cad31584105e00cbea88d4a255255b2075830ab595a
ClassEval,CoreFlow-q224,41,ClassEval_59::available_movies,False,ASSERTION_FAILURE,c2de72bb5ea4a0d3d7a777ee9f464f7890b725a4488ce0d8c632b803d54816f2
ClassEval,CoreFlow-q224,41,ClassEval_59::book_ticket,False,ASSERTION_FAILURE,15b3dcb4f852977ef1ccab05bea8904ef0fb20d92eab713566ac450e5b64860b
ClassEval,CoreFlow-q224,41,ClassEval_61::add_song,True,PASS,3da787226fa42491f475ead8aac0cb8642c5c53c9c9f78c110103bb2aa588114
ClassEval,CoreFlow-q224,41,ClassEval_61::play,False,RUNTIME_FAILURE,4b73ebc59176148e6dd4207248b571f2eadacdca0dc8ab65afc94d532fc73182
ClassEval,CoreFlow-q224,41,ClassEval_61::previous_song,False,ASSERTION_FAILURE,76cd4b98e65b2624af10421f9c21bab0b8c651ace4d730789fcba43bcbe58ee6
ClassEval,CoreFlow-q224,41,ClassEval_61::remove_song,False,RUNTIME_FAILURE,c9c0705173f500da99c2476782d60fdc2ecfd932464a0009e02b4e8958075a3c
ClassEval,CoreFlow-q224,41,ClassEval_61::set_volume,False,ASSERTION_FAILURE,689ed2e7022ecc91ff518a543f37e5b982948c4b1c5fdb610c8f09533a655399
ClassEval,CoreFlow-q224,41,ClassEval_61::shuffle,True,PASS,ea965860628d1da8308dc04e1dd835a51cc8ef7cb9e18ebb4d2206621b4c13dc
ClassEval,CoreFlow-q224,41,ClassEval_61::stop,True,PASS,108fc98305452e22ef72e071cbb9051f27cc0ce3179c9dff135f9c57120d77e0
ClassEval,CoreFlow-q224,41,ClassEval_61::switch_song,False,ASSERTION_FAILURE,a619f6aad57456943c7586ada9894370f8d6530aabb3a9287de997f8798919d0
ClassEval,CoreFlow-q224,41,ClassEval_64::binary_to_decimal,True,PASS,1ac854a2070daeb1cb00f593285d04e1ab96846f8266537dd6f31ab66b2e311d
ClassEval,CoreFlow-q224,41,ClassEval_64::decimal_to_binary,False,ASSERTION_FAILURE,bab96d2a663438a87d45b97f74df20679bc22d4b2144807dee0bbbe8b398ba34
ClassEval,CoreFlow-q224,41,ClassEval_64::decimal_to_hex,False,ASSERTION_FAILURE,7bc1c915346f9e55c49265e0146a7b3e3753f98019c71ffff2b5f4cff87775d5
ClassEval,CoreFlow-q224,41,ClassEval_64::decimal_to_octal,False,ASSERTION_FAILURE,4b8ce5cc7500a431d562de7f28ee875ffba61118d562ea28aad2d7619eb409d2
ClassEval,CoreFlow-q224,41,ClassEval_64::hex_to_decimal,False,ASSERTION_FAILURE,7bdf20429acbd7792b9480c05d62c6553d0f725e35fd71b7ddc8ae30deaaa999
ClassEval,CoreFlow-q224,41,ClassEval_64::octal_to_decimal,True,PASS,a9375f2203a6935811b910058e5fb987ef76b2a7d226df0752815337d1229a0c
ClassEval,CoreFlow-q224,41,ClassEval_65::format,False,RUNTIME_FAILURE,e5dce2716b7fa84028e8bb0e907516b2df14b422a536700321e40661731f59a4
ClassEval,CoreFlow-q224,41,ClassEval_65::format_string,False,ASSERTION_FAILURE,302a0e0080248806343e7acc43a5fb698b0a5d306aff1a0bea3f22009643eda5
ClassEval,CoreFlow-q224,41,ClassEval_65::parse_more,False,ASSERTION_FAILURE,727ad9a4de43fd7b691848f2f7ac18b98fe77fe8cac225a448abb77c5f4675c1
ClassEval,CoreFlow-q224,41,ClassEval_65::trans_three,False,ASSERTION_FAILURE,3185cc5686646d559c9ceced8ed2281137ef2017075c499f3e19383493971718
ClassEval,CoreFlow-q224,41,ClassEval_65::trans_two,False,ASSERTION_FAILURE,972f58c695801969571fd6af2313f6d0d7eae44942b1d46bff923a6187589bf9
ClassEval,CoreFlow-q224,41,ClassEval_68::get_page,False,RUNTIME_FAILURE,bc3479ba74b31d37cd00c11b5517b412148d5043541e8ec98b0442bdbdc42a9e
ClassEval,CoreFlow-q224,41,ClassEval_68::get_page_info,False,ASSERTION_FAILURE,5d072963f65d368c82f7e3fc6a7f861bf7c980c8aab1fcda82762fd1a18a8756
ClassEval,CoreFlow-q224,41,ClassEval_68::search,False,ASSERTION_FAILURE,5b555840a908a5d634967746467fc311971a5d04e32c1ec5e70facaccbc6c867
ClassEval,CoreFlow-q224,41,ClassEval_70::_validate_name,True,PASS,5cedd14a391cc498f59fb374b83a09a78c59966eca2050fcef572e603ad19195
ClassEval,CoreFlow-q224,41,ClassEval_70::_validate_phoneNumber,True,PASS,b504afe53b9f1914e4ef8562012d5737d9abf95aa8046f85776b269ec04137f9
ClassEval,CoreFlow-q224,41,ClassEval_70::_validate_sex,True,PASS,20ab335283f3ba2da37d0899e20649f6e4c9f2de33f19a5525ac4096d0084f34
ClassEval,CoreFlow-q224,41,ClassEval_71::check_win,False,RUNTIME_FAILURE,e46eb02574dded03bdf858e08c37493ebad7d009196d207816fdd57753e88047
ClassEval,CoreFlow-q224,41,ClassEval_71::init_game,False,RUNTIME_FAILURE,2b6fb602b3653b31faa79eb9a8c0b586023029d53a21d73cd4706c78f6f73a9c
ClassEval,CoreFlow-q224,41,ClassEval_71::move,False,RUNTIME_FAILURE,e572c5b59b12f3d49440767aeebc3a9be7527a23351ea1700e962f6cf5ed3461
ClassEval,CoreFlow-q224,41,ClassEval_73::attack,True,PASS,dd0e7e5d9cb1550e7e48d7bb3cc310a49a4737102287bd151fe78885822ff444
ClassEval,CoreFlow-q224,41,ClassEval_73::gain_exp,False,ASSERTION_FAILURE,39b0fdb33303562a995937272c49570af3f507d4ffb0f761d5933a03ff0615d0
ClassEval,CoreFlow-q224,41,ClassEval_73::heal,True,PASS,338989b002c1cca25b47a2d6b4a6aaa39c107a4d787467d6ab4319f3b1d401ca
ClassEval,CoreFlow-q224,41,ClassEval_73::is_alive,True,PASS,f696b10d48c7750506341982d364f7832318982b31b8579de7b14c52ae9ec554
ClassEval,CoreFlow-q224,41,ClassEval_73::level_up,False,ASSERTION_FAILURE,d1457443c81e95cd597e7932baf9417c090875f794de0c1d8c09dc072eaa724a
ClassEval,CoreFlow-q224,41,ClassEval_75::add_item,True,PASS,7a368f929948deedf1853036a97074133b9f151e73d47c8a155bf20cfd189a30
ClassEval,CoreFlow-q224,41,ClassEval_75::remove_item,True,PASS,d0ac465d9a05a1400a747b13f4ee4f189108c8b57327fec4b1ebd7b364754c32
ClassEval,CoreFlow-q224,41,ClassEval_75::total_price,True,PASS,e52f259f0fcc3ca000042100f3cd48d22eb2af70c4449d840615e5ce9a47038c
ClassEval,CoreFlow-q224,41,ClassEval_75::view_items,True,PASS,8ffa22c04cc85102016fe1e6874ec75c402ca25745e1b1b837a51a00c98f3db7
ClassEval,CoreFlow-q224,41,ClassEval_76::add_user,True,PASS,368b34d18a024417c8558b7fd52ae05034e8be8d83ee3b82f14a6afe2ef9ad64
ClassEval,CoreFlow-q224,41,ClassEval_76::all_not_signed_in,False,RUNTIME_FAILURE,8c766c7f756756e5469d39ffecf578eca5c602aa51355790582d013f95db97b5
ClassEval,CoreFlow-q224,41,ClassEval_76::all_signed_in,False,ASSERTION_FAILURE,30ffbc294d7f7a94fc388219c4e304d00571e2b44fe55a6fe9231470be422c9b
ClassEval,CoreFlow-q224,41,ClassEval_76::check_sign_in,False,ASSERTION_FAILURE,91172c5d1dd33d079060bf0e809442c4ed974ed16f0750bc4f88c03b59f8ced2
ClassEval,CoreFlow-q224,41,ClassEval_76::sign_in,True,PASS,022f887b30f61df889cde269eed4d2090e980e82bf3bded7bd15fece791d5926
ClassEval,CoreFlow-q224,41,ClassEval_79::delete,False,ASSERTION_FAILURE,3e6dee186024fe369c989e317359f756cda3342f02264184cb77909944fbe264
ClassEval,CoreFlow-q224,41,ClassEval_79::insert,False,ASSERTION_FAILURE,1dba9da4993d1951ac695d0977447b1d6d1e3abc865176377300b9ee477fef36
ClassEval,CoreFlow-q224,41,ClassEval_79::select,False,ASSERTION_FAILURE,707c541dfb35a9da10056681e03a4b07600069da69c954ed01ee2bc7e8d43fe2
ClassEval,CoreFlow-q224,41,ClassEval_79::select_by_age_range,True,PASS,02ba2173c6146b3e96a73b2784f707dcf145f55181166d463410702db7e2b908
ClassEval,CoreFlow-q224,41,ClassEval_79::select_female_under_age,True,PASS,16542afd05e62c7f152955a90c27ca66d910df228ee0c08baa830269a0054390
ClassEval,CoreFlow-q224,41,ClassEval_79::update,False,RUNTIME_FAILURE,1e2c02ee8574e0eb21a08c1f2917b6ee2fbac778ea1163ef3216067ed9f75d7f
ClassEval,CoreFlow-q224,41,ClassEval_7::check_balanced_brackets,False,ASSERTION_FAILURE,03f1d86e4c739aab4b5a81e286530afe2960d14699c36e71b1b38d91eddd5084
ClassEval,CoreFlow-q224,41,ClassEval_7::clear_expr,True,PASS,d1ad2f0b70cd3f627de5475480500ba1a0091555e0deb372d6b82d1e4e2efb85
ClassEval,CoreFlow-q224,41,ClassEval_81::correlation,False,RUNTIME_FAILURE,35789a7e4971fef156cb51da99b10fbdab07104c7920bdd648b1263eb96006b6
ClassEval,CoreFlow-q224,41,ClassEval_81::correlation_matrix,False,PARSE_FAILURE,1031b70209c5e8fa8debb5519b105c8f448af7bc5d2af4a559b1d28a6f55cfff
ClassEval,CoreFlow-q224,41,ClassEval_81::mean,False,RUNTIME_FAILURE,7b03e2308de89973c7d127e7646ec4407c3127be6f91a6b3145ae263ff8069d7
ClassEval,CoreFlow-q224,41,ClassEval_81::median,True,PASS,9db7ddcad985c78bb73d5dafe5c76e46582c3d5c69636b94550202e8a498b0e4
ClassEval,CoreFlow-q224,41,ClassEval_81::mode,False,ASSERTION_FAILURE,27232c4202f4d30e429d01aeb18a494207fd0289e8258603b415fbe72f19bfcb
ClassEval,CoreFlow-q224,41,ClassEval_81::standard_deviation,False,RUNTIME_FAILURE,ca1a12a5910a8b3d6bd05e9c504a931c095ad17cfd9a59c253f340ebb18c9f16
ClassEval,CoreFlow-q224,41,ClassEval_81::z_score,False,RUNTIME_FAILURE,6804b6c043f860791bdf9eb9065ffef21521ebdf88675fa6104578ca0371e039
ClassEval,CoreFlow-q224,41,ClassEval_82::add_stock,False,ASSERTION_FAILURE,84c59629ade0e48035f6e023b006cee549200dcf4fdfbedd1f6f1ecb42d732f1
ClassEval,CoreFlow-q224,41,ClassEval_82::buy_stock,False,ASSERTION_FAILURE,4fd3525898d898f72275cd2da0a1a08145ca039a408d8e90cde7ba486c67bea7
ClassEval,CoreFlow-q224,41,ClassEval_82::calculate_portfolio_value,False,ASSERTION_FAILURE,3fa1ba723aa30c09fc99151eaa6a95e8e04922fb3568cb1d700ad9f1a6a4762d
ClassEval,CoreFlow-q224,41,ClassEval_82::get_portfolio_summary,False,ASSERTION_FAILURE,62436c4da25ede4f8d60410efd2ef000a26fb529a0bc8f905c75c52a0a896139
ClassEval,CoreFlow-q224,41,ClassEval_82::get_stock_value,True,PASS,914590fb0b5f8411bb0abf77e54c3167516749a88a2eb74573de92e06cdf1748
ClassEval,CoreFlow-q224,41,ClassEval_82::remove_stock,False,ASSERTION_FAILURE,edc2abeaeb3fd510135ab6e284d43d09e9deee7bc41d206a62a024164cec7b15
ClassEval,CoreFlow-q224,41,ClassEval_82::sell_stock,False,RUNTIME_FAILURE,de0e9e62d12c4b7764f8e3df01c27817f0afb6e05ff04e2e64420f34613c3b6f
ClassEval,CoreFlow-q224,41,ClassEval_84::process_file,False,RUNTIME_FAILURE,fe06c77ed13927c1c5da964af6afe0814be8e438bfc8fec0b55915a2b123c75d
ClassEval,CoreFlow-q224,41,ClassEval_84::read_file,True,PASS,a3afb0f004482a02d9c3ad1aaf527bac8540a3f09ad8004f5d5241c8d675b6ce
ClassEval,CoreFlow-q224,41,ClassEval_84::read_file_as_json,True,PASS,a2cbbc0f7358490e1214536c8c5141e22d2084f51efa86d68ecb26f5c4ca425f
ClassEval,CoreFlow-q224,41,ClassEval_84::write_file,True,PASS,0ee39411eeb09450d43818f25bb2e55cf3d2201523b2c4ce3b22c878ee0bc8ac
ClassEval,CoreFlow-q224,41,ClassEval_85::auto_check_conflict,False,ASSERTION_FAILURE,69b7058f506c0573401badce611dacde7cfb15ad0a31f6ee954d190661bf120d
ClassEval,CoreFlow-q224,41,ClassEval_85::auto_set_mode,True,PASS,b2cb4300ee3f3abcc7849ef1caf19502aa54a93c21b9287b5cbca1065cfdce49
ClassEval,CoreFlow-q224,41,ClassEval_85::get_mode,True,PASS,bad4163008452271195da7e08cf7e21b562c229186e30179488bfcd13eb4f985
ClassEval,CoreFlow-q224,41,ClassEval_85::get_target_temperature,False,PARSE_FAILURE,dbe4a2dd54175a6cb362ce3406297a6bbed69ece803b00efd87608b4781f3ca4
ClassEval,CoreFlow-q224,41,ClassEval_85::set_mode,True,PASS,69f769048a82c9e38b4b04f62cdfdc0c83c0c776bf420d6356431e2259ffcf20
ClassEval,CoreFlow-q224,41,ClassEval_85::set_target_temperature,False,RUNTIME_FAILURE,1f5a0c12174e3a40fb1068fab90e368bbb6872791f9e188ed4088eedae123a43
ClassEval,CoreFlow-q224,41,ClassEval_85::simulate_operation,False,ASSERTION_FAILURE,4b7f12fc9e4fc565eeedcc0fc7bb1cd9ace3f3306c15cbd49c33965c96554159
ClassEval,CoreFlow-q224,41,ClassEval_86::check_winner,False,RUNTIME_FAILURE,8bea9728304b8b1ab1a111a9b54648133ef64d7dda9b4dea3cb9f15db86a96fe
ClassEval,CoreFlow-q224,41,ClassEval_86::is_board_full,False,ASSERTION_FAILURE,d36516b11b2c236a349b04f64dfb810f4ce124e3f187828648531a007e2b9633
ClassEval,CoreFlow-q224,41,ClassEval_86::make_move,False,ASSERTION_FAILURE,29bc7aeddab4b8df6ce99ed8279a33253ba0ccd23426ab72ca6859c2fd72c57f
ClassEval,CoreFlow-q224,41,ClassEval_8::deposit,True,PASS,38631022e158f8d45d45f2e4cac5a13d787594ca3dd9ac13b4c96d609fc24d4d
ClassEval,CoreFlow-q224,41,ClassEval_8::transfer,False,ASSERTION_FAILURE,412fa9254d284ea717f66e50f4c7dc61c37a72859de03c4ff4fb84d962daf2e9
ClassEval,CoreFlow-q224,41,ClassEval_8::view_balance,True,PASS,a15e1455c373aefa98a2def4182712daa8d3199270b47bbb8d056bfe946bcddd
ClassEval,CoreFlow-q224,41,ClassEval_8::withdraw,True,PASS,7b3054829ee6f63d3a166045c5f6d2ff6660648223edc4d478f0adf27d3f7bdc
ClassEval,CoreFlow-q224,41,ClassEval_90::get_fragment,False,RUNTIME_FAILURE,a0d8d1b03e1e17ac0e60a6b1aab6b99a11a17b66684fb0c5f3c7319ac585dc45
ClassEval,CoreFlow-q224,41,ClassEval_90::get_host,False,ASSERTION_FAILURE,8073e6353828ae7cb0ea9fdf27538313f778927c2b3ede8f6f3d8a69d3c07ef1
ClassEval,CoreFlow-q224,41,ClassEval_90::get_path,False,ASSERTION_FAILURE,5baa9d6faa70f4c624a071f7279627adc568d64f6849a103916a46a1d548c5e8
ClassEval,CoreFlow-q224,41,ClassEval_90::get_query_params,False,ASSERTION_FAILURE,7c6e51db8c1728dacf13402949655f80059080b9cc04dae47a71a0e41ac67fbb
ClassEval,CoreFlow-q224,41,ClassEval_90::get_scheme,False,RUNTIME_FAILURE,97b6caf6649388f12af861035137d278778208259dc011ba7992b7cadb0c4fd0
ClassEval,CoreFlow-q224,41,ClassEval_92::delete_user_by_username,False,ASSERTION_FAILURE,83162cab2d6798db08f2b1a17e32d0d5e94fccb1d372d370b3271d538ffe6069
ClassEval,CoreFlow-q224,41,ClassEval_92::insert_user,False,ASSERTION_FAILURE,2fe4db2b7a7d96235c2853a5e66a2573996c6ef934fcf1ac30303b38a3d82c91
ClassEval,CoreFlow-q224,41,ClassEval_92::search_user_by_username,False,ASSERTION_FAILURE,e41a9d36e6e157a5ca7a44d4fbe9b4a99b990c233fc6651d7f9a34f2f16b3a7b
ClassEval,CoreFlow-q224,41,ClassEval_92::validate_user_login,False,ASSERTION_FAILURE,0865fb0582ec3c9d6ef65fd5e609dcbb12794bff1ad7b67493c43017230faf32
ClassEval,CoreFlow-q224,42,ClassEval_11::add,False,RUNTIME_FAILURE,b4aa17803de45625014ba08126a8a57156450d5e87189c97f8f123c68544c4b1
ClassEval,CoreFlow-q224,42,ClassEval_11::check,False,RUNTIME_FAILURE,e188d9ea02dd1d4ea007cb34fd215fb1e90f8f8ef04c67934bfccf5dcba6bb4f
ClassEval,CoreFlow-q224,42,ClassEval_11::has,True,PASS,bc9545a875304559e3dc71824a048d55b777539632e9b05c8aa69d239301830c
ClassEval,CoreFlow-q224,42,ClassEval_11::remove,False,RUNTIME_FAILURE,9c06d0ade43d9d04caf61975989cc5b56b4ec99f6b500f2298b9ab9997b5c5c9
ClassEval,CoreFlow-q224,42,ClassEval_12::calculate_hand_value,False,ASSERTION_FAILURE,bca9113f0e53a6fd0831f29872bbf872c2248f47c9edfb940397cbac4165e2fb
ClassEval,CoreFlow-q224,42,ClassEval_12::check_winner,False,RUNTIME_FAILURE,fce9084f4cdb47ee2db88b4aaacabe0adfeb7b7530e1b182c9acf100e4d50b55
ClassEval,CoreFlow-q224,42,ClassEval_12::create_deck,False,ASSERTION_FAILURE,4cb9d0a280fa77481151223b8f1cf4681de9752ff461170bfbb18cb5c765050b
ClassEval,CoreFlow-q224,42,ClassEval_14::add_book,False,RUNTIME_FAILURE,d0a8e502444fe54b51774f043d57c9ebc7c8c422d51aa42580a31eb563e7b77e
ClassEval,CoreFlow-q224,42,ClassEval_14::borrow_book,False,RUNTIME_FAILURE,61a6e21feff21016214e0224034f2af89c37c237b7a82e16e629eed2bd7a6f33
ClassEval,CoreFlow-q224,42,ClassEval_14::create_table,False,ASSERTION_FAILURE,6090e593cddcb1485fbc41912baec2739420d677936de2b5a4a9cb6b93484381
ClassEval,CoreFlow-q224,42,ClassEval_14::remove_book,False,RUNTIME_FAILURE,74fc26c8622a3ed305e2da44b6daa252ff308ab5214a322ca2fbd96176b738c0
ClassEval,CoreFlow-q224,42,ClassEval_14::return_book,False,RUNTIME_FAILURE,a9a2bdc769cefedefa830889df03954955868d3a057e26d0302d3879e06e871e
ClassEval,CoreFlow-q224,42,ClassEval_14::search_books,False,RUNTIME_FAILURE,cec52d4e93fa353f1560c1827a0a0ac323c5cff57708f9f7f4c87b4bb01d1a5f
ClassEval,CoreFlow-q224,42,ClassEval_15::bad_character_heuristic,False,ASSERTION_FAILURE,8ab33df975fa736ef8e0d3834f060637e0be93ecf7b790f3782776d397732271
ClassEval,CoreFlow-q224,42,ClassEval_15::match_in_pattern,False,RUNTIME_FAILURE,8ae7bc67c5abd6cd6670f71effb14e4c0c79ee51c618ae4f3c305ef9ceeb7a62
ClassEval,CoreFlow-q224,42,ClassEval_15::mismatch_in_text,False,ASSERTION_FAILURE,c5765b9cf3c6148ba784c73171f6ecbde56ef852db16cb7a227896155e499e6b
ClassEval,CoreFlow-q224,42,ClassEval_19::generate_primes,False,ASSERTION_FAILURE,9b5b6de22299ac65c0559a78dd915cb07928efe0b655b9eb66e1d87b9c78bb2c
ClassEval,CoreFlow-q224,42,ClassEval_19::get_primes,False,ASSERTION_FAILURE,555a45552fff2fef57eb5a29e13d5b24b6c17c521ff15d8de94fda5a1f3ad716
ClassEval,CoreFlow-q224,42,ClassEval_1::calculate_annulus_area,False,PARSE_FAILURE,7cf51b9dc0b7d9a248c47ff3274564012fc7f8b3c649e1f8c2af4c2acb650d94
ClassEval,CoreFlow-q224,42,ClassEval_1::calculate_circle_area,True,PASS,e1c09103fd87de13100f0d9ebb457b677a846158c9732d718ddc934fe96e57fd
ClassEval,CoreFlow-q224,42,ClassEval_1::calculate_cylinder_area,False,ASSERTION_FAILURE,a9d2afd1ba161077d94338b11ad194b9102b8a860426efe88e41a5e1a985f813
ClassEval,CoreFlow-q224,42,ClassEval_1::calculate_sector_area,False,ASSERTION_FAILURE,9b0427df61980321ff87191e62bad2de8fcd65485f14d0636eb28c1f105dfca2
ClassEval,CoreFlow-q224,42,ClassEval_1::calculate_sphere_area,False,ASSERTION_FAILURE,576d8223d8b2a38b71e5bd029ceecc366fb42704cfe6e1bf98eb78a1836e8939
ClassEval,CoreFlow-q224,42,ClassEval_22::get_all_major,False,ASSERTION_FAILURE,a5358a8666e0c401b2803c118c6011919dc61ac9591147fb7b0a264b7538a233
ClassEval,CoreFlow-q224,42,ClassEval_22::get_most_popular_class_in_major,False,PARSE_FAILURE,518fe725a99493aaee4e8bc14bf672cf8b375d1f925b6668dfc5d96191cd9def
ClassEval,CoreFlow-q224,42,ClassEval_22::get_students_by_major,True,PASS,5c633b2c00c9c364007ad80d622c0b13b00c22777b5be6a1cbc29125740cf5c2
ClassEval,CoreFlow-q224,42,ClassEval_22::register_class,False,PARSE_FAILURE,4d16e2720c55939e3ed6c95f04bf017597e40da44195c038bcb2a986ae83cde3
ClassEval,CoreFlow-q224,42,ClassEval_22::register_student,False,RUNTIME_FAILURE,98d858e0a042e702cb1b80c2377f03d79a256fb5f86ed3407effe87da3cd43a7
ClassEval,CoreFlow-q224,42,ClassEval_27::add_currency_rate,True,PASS,1a1dd35b5dbab3fa78ac2b2a09e485020def1e8240b5d0e0a76f2c116dac9f6e
ClassEval,CoreFlow-q224,42,ClassEval_27::convert,False,RUNTIME_FAILURE,39210d59be72056de9bb0c4df2fc964f06518a069a5e2433e17404e7ae617097
ClassEval,CoreFlow-q224,42,ClassEval_27::get_supported_currencies,False,ASSERTION_FAILURE,90b64159e0997d7f3242ea0ff68695241c8963fe4c35c0e10cd47bf5adec5d20
ClassEval,CoreFlow-q224,42,ClassEval_27::update_currency_rate,True,PASS,f2343badca20881dabe330271af0130bb691ea0046c623a922cc7ffc5340ea9a
ClassEval,CoreFlow-q224,42,ClassEval_29::mean,False,ASSERTION_FAILURE,e91e54bfeee2a3b16ef116d8a7e8429f7fd6a0777ad508e49acd0b00774cdca6
ClassEval,CoreFlow-q224,42,ClassEval_29::median,True,PASS,5d25426d01fc522cbd9c2a07c73b3757b901401516b880d14050da9edd1552bd
ClassEval,CoreFlow-q224,42,ClassEval_29::mode,False,ASSERTION_FAILURE,bad85c138a3ad26ad169dba5fb78222adf314ba2c25bb7c15d2cf6a9c10f45f9
ClassEval,CoreFlow-q224,42,ClassEval_2::_convert_type,False,RUNTIME_FAILURE,0588e58ac8fe5b31163f53718a4f26f39eea810f369b986c33a0ee8c9f901210
ClassEval,CoreFlow-q224,42,ClassEval_2::add_argument,False,RUNTIME_FAILURE,89db3a14e5502309decc84ae7c7c20a7192ba7d204dcaa1832cfd20ed25de560
ClassEval,CoreFlow-q224,42,ClassEval_2::get_argument,True,PASS,a0c298ca5311d89e705d2c0c729119a78bc4a7e4327b62326a960f4304f49f3b
ClassEval,CoreFlow-q224,42,ClassEval_2::parse_arguments,False,RUNTIME_FAILURE,2773cc1195e52ee54392a15f50ae9bc8155e602a3ca920bc2608e0109fac7e64
ClassEval,CoreFlow-q224,42,ClassEval_30::get_correlation,False,RUNTIME_FAILURE,17935d6826c32598a49555accf2e84c101096299c5345bc4eb0b8501e621a8d2
ClassEval,CoreFlow-q224,42,ClassEval_30::get_max,True,PASS,050a0a899422af9ec0482a6644ca42130f1ff994189d1583bc90f17a2fbfd437
ClassEval,CoreFlow-q224,42,ClassEval_30::get_min,True,PASS,b5617caf338f1858d4b77ca6733a8ddf9e52703243368626b9f7b5f04d8a7479
ClassEval,CoreFlow-q224,42,ClassEval_30::get_std_deviation,False,ASSERTION_FAILURE,61d6402e79fd5dc95a4b7cc4e047e0d872f6a9a73e46bf17d2d9afb7034d8d4c
ClassEval,CoreFlow-q224,42,ClassEval_30::get_sum,True,PASS,fccc1c844abb08d2c1fb6d5db6610401771b6317c416566e7d3f694e0f9550c5
ClassEval,CoreFlow-q224,42,ClassEval_30::get_variance,True,PASS,54bd659608075023dd15772a5f6f456801bcefb4d870aa5587d458a4d1f7c189
ClassEval,CoreFlow-q224,42,ClassEval_32::caesar_decipher,False,ASSERTION_FAILURE,ebe8142095fc9be5ec209f2272e0a54ec799c6084534c0d055ea06433c3650eb
ClassEval,CoreFlow-q224,42,ClassEval_32::rail_fence_decipher,False,ASSERTION_FAILURE,9f97fd7aaa67a7afe6e2cfb74200e7342d2b063b5422a008d26cd9c6f96d4c4a
ClassEval,CoreFlow-q224,42,ClassEval_32::vigenere_decipher,False,RUNTIME_FAILURE,b7b21405a57b50abf094dc130d306f40fed31d1d7912cdc28373bb1d0aac7035
ClassEval,CoreFlow-q224,42,ClassEval_33::BulkItemPromo,False,COMPILE_FAILURE:10,ceda21dfd71952dee61cedd6b86926bd02976467fbcb444303d70290ef98b9fc
ClassEval,CoreFlow-q224,42,ClassEval_33::FidelityPromo,False,CLASS_COMPILE_FAILURE:67,5cfc36c9c224278a0eeac912a25e40d69cf22ca29074af53621b54c766e950a3
ClassEval,CoreFlow-q224,42,ClassEval_33::LargeOrderPromo,False,CLASS_COMPILE_FAILURE:67,406d97b2572f06fab72a1d94009717af1016f5317d5d5d273dacc61cc93732c6
ClassEval,CoreFlow-q224,42,ClassEval_33::due,False,CLASS_COMPILE_FAILURE:67,340a0103e42fdf1b9d90a0ae378a61aa0bab8f8b0320787ce76a2b94a933b779
ClassEval,CoreFlow-q224,42,ClassEval_33::total,False,CLASS_COMPILE_FAILURE:67,43e90b7c5e9f85201cbd23c3dd65429ca2ba27c0219753c05aaad54a9aef8304
ClassEval,CoreFlow-q224,42,ClassEval_35::find_blank,False,ASSERTION_FAILURE,c7f3939f80ebe7f2c9fcc569d92d3f53b5f1b8edc0300454cded488dec3f083a
ClassEval,CoreFlow-q224,42,ClassEval_35::get_possible_moves,False,ASSERTION_FAILURE,7d813fd57629d8bef372d78e837c6377b42930674ddfa06a37b196002e352504
ClassEval,CoreFlow-q224,42,ClassEval_35::move,False,ASSERTION_FAILURE,94fdcadf47a292cbc36165b4587c9b4809bf1fef66e76b925d13000bb1b4327f
ClassEval,CoreFlow-q224,42,ClassEval_35::solve,False,ASSERTION_FAILURE,60ea02a7474aa6a621e655f29f155a7142c047a9479459b5a287a4dae49753b4
ClassEval,CoreFlow-q224,42,ClassEval_37::caesar_cipher,False,ASSERTION_FAILURE,a72624b3d31801136f594154703c2b9233f754efcc7f9b98bf7b1c3df90a179e
ClassEval,CoreFlow-q224,42,ClassEval_37::rail_fence_cipher,False,RUNTIME_FAILURE,5f6fca0d2329db2edeae236357bd42c59d8a2e525a208f60c65db3da22c4b488
ClassEval,CoreFlow-q224,42,ClassEval_37::vigenere_cipher,False,ASSERTION_FAILURE,0d8928e5abc48a60d98bb0d7d23eb88217f9ff008e893537219b3ca1a555d68d
ClassEval,CoreFlow-q224,42,ClassEval_39::_calculate,False,RUNTIME_FAILURE,e866804c70128ba9d4158809cb9561bce0a8a3ec1aaa356dc9165d0c88557e19
ClassEval,CoreFlow-q224,42,ClassEval_39::calculate,False,RUNTIME_FAILURE,d4803bdc2108289bc9cd5e471ab82d9eee7f07e1ebc81a01ecba353e4a31574a
ClassEval,CoreFlow-q224,42,ClassEval_39::compare,False,RUNTIME_FAILURE,e201b677345da4a70392ee9cebd9c07f783d01778f552500beec3a8f68d34882
ClassEval,CoreFlow-q224,42,ClassEval_39::is_operator,True,PASS,9186c797bbe36ef3b0d5b5dc630510e9d931128b9375463de4aed844f22ada25
ClassEval,CoreFlow-q224,42,ClassEval_39::prepare,False,ASSERTION_FAILURE,53ccb303851cb5458e5e4772c5900f61d1b0ac1b601b5bb80adb9a6d074c2968
ClassEval,CoreFlow-q224,42,ClassEval_39::transform,False,ASSERTION_FAILURE,ef37930b5123437698ec02f5e2bdea4ef65275fa18a25f2946e184aba4bfc989
ClassEval,CoreFlow-q224,42,ClassEval_3::count,False,CLASS_COMPILE_FAILURE:86,4b5c92baf4b77e8f68f93bded775bb25c09aedc646935d4759492d3cd5246788
ClassEval,CoreFlow-q224,42,ClassEval_3::count_all,False,COMPILE_FAILURE:66,42ef1acc5119ab8e775ffea62aa8f184b7217862edbb101033c46f3f6d512aa5
ClassEval,CoreFlow-q224,42,ClassEval_3::factorial,False,CLASS_COMPILE_FAILURE:86,169bad5971686fdf5704bd90c99eee8259149fcc16aec601a4f32ebce5fe86b8
ClassEval,CoreFlow-q224,42,ClassEval_3::select,False,CLASS_COMPILE_FAILURE:86,f131d8df0546defe40c89aa627c8912997c2617ad6a72d11029621d479d20e62
ClassEval,CoreFlow-q224,42,ClassEval_3::select_all,False,CLASS_COMPILE_FAILURE:86,6684bfbbe09cf13116f993b0909ab66aeab04cb568747254f8a03719c134b11d
ClassEval,CoreFlow-q224,42,ClassEval_41::_check_five_in_a_row,False,ASSERTION_FAILURE,0a7e5344547cba79aebaf3092290b80e0c88f71333dabd0d51107abe8d1ccc8c
ClassEval,CoreFlow-q224,42,ClassEval_41::check_winner,False,ASSERTION_FAILURE,7fe03a061b9617cb98f8673f67e0a9f50f47a2a1ff94bcdebe324d74bfbdb6b1
ClassEval,CoreFlow-q224,42,ClassEval_41::make_move,True,PASS,7288c0e4766cc3804fe0c0d5eb9083665f4cef36ca59816871a4575b06997be3
ClassEval,CoreFlow-q224,42,ClassEval_42::book_room,False,RUNTIME_FAILURE,f7e5d632d6bba4a6ec38aded0197c2dbaa9ed2d67ef7c11b9be6ed45d7761dea
ClassEval,CoreFlow-q224,42,ClassEval_42::check_in,False,RUNTIME_FAILURE,15169aa212758a78d342399c643362179bd1fa989048b5fa1d3aefd594e00b24
ClassEval,CoreFlow-q224,42,ClassEval_42::check_out,False,RUNTIME_FAILURE,036cfe25f13279c7b946962a9a3b43624b37e2724bd09138e90844b1a7b07bec
ClassEval,CoreFlow-q224,42,ClassEval_42::get_available_rooms,False,RUNTIME_FAILURE,b129e17bdb75c3c1367d903b6456ec8cfcaa76129084baee03341f9725afe01c
ClassEval,CoreFlow-q224,42,ClassEval_43::add_employee,True,PASS,e96c587b70c4a4f688754ede486addeb64afabba4b4d8e2faca3a5dba3f8ba24
ClassEval,CoreFlow-q224,42,ClassEval_43::get_employee,True,PASS,eda803c0c1b07ecdfb0b0af4a0c55cf62c9c1ee1cefaf7149804dae89bec0b0e
ClassEval,CoreFlow-q224,42,ClassEval_43::list_employees,False,ASSERTION_FAILURE,0d4b2d8a4d5bce5cdd52b9a87f66597c13d72e1aea56ce2cea6919b8a6c1a403
ClassEval,CoreFlow-q224,42,ClassEval_43::remove_employee,True,PASS,4c5fbabe48e1a17bf11a68f28a172000a620c6d08e31f2920dabee69e4d6c890
ClassEval,CoreFlow-q224,42,ClassEval_43::update_employee,False,ASSERTION_FAILURE,1919eaac1ba3794f40c56db4b90d36ff31e5c6466e48ef54b272b00658c4c85d
ClassEval,CoreFlow-q224,42,ClassEval_46::interpolate_1d,False,ASSERTION_FAILURE,a64bef6e455aba8e3cb60769f198aa440049c11870e03b6c25c2001fb30be180
ClassEval,CoreFlow-q224,42,ClassEval_46::interpolate_2d,False,RUNTIME_FAILURE,447ab924ba5b788b74528f5c0f52b58c785f25e2850423b47e664384017ebecf
ClassEval,CoreFlow-q224,42,ClassEval_47::get_binary,False,ASSERTION_FAILURE,9f49500551511b31d4062798733114cb3df20474b3c8ce596eeff4c62f56eeb3
ClassEval,CoreFlow-q224,42,ClassEval_47::get_octets,False,ASSERTION_FAILURE,fbd27dba495f988c810e7bf608041d63bb18910018f5cba4ba0952f98dc44c2c
ClassEval,CoreFlow-q224,42,ClassEval_47::is_valid,False,ASSERTION_FAILURE,ef49e034df99303fb944d3285199c6402d7005915beef7bc5f219f6f85dc50f4
ClassEval,CoreFlow-q224,42,ClassEval_53::add_word,True,PASS,1be212ba743e1f9ec3d47b994f8152401edf9062666d059ac93d98c1214a4337
ClassEval,CoreFlow-q224,42,ClassEval_53::find_longest_word,False,ASSERTION_FAILURE,b40f4681480690b56e38bbafa731c65a8a04bfcd2745daab9f03b6016979c7b1
ClassEval,CoreFlow-q224,42,ClassEval_54::create_board,True,PASS,f8a1973ca48fa8f6f4e5cf8b0ef57877c02a6b3bf8422b0618b0d663474308f5
ClassEval,CoreFlow-q224,42,ClassEval_54::has_path,False,ASSERTION_FAILURE,68aaaa798077dc8ad05d99cce16c49fcfc4ab2fd277dc43c030e6822c8d385d3
ClassEval,CoreFlow-q224,42,ClassEval_54::is_game_over,True,PASS,1fcc399ef7644a37a473ebc272abe270410860bd7403c407b7eeffe25d327376
ClassEval,CoreFlow-q224,42,ClassEval_54::is_valid_move,False,RUNTIME_FAILURE,444a0fdb89f30b1b09d2b1f216116e84665b1a03cfa37b816b2700e5a8073dcc
ClassEval,CoreFlow-q224,42,ClassEval_54::remove_icons,False,ASSERTION_FAILURE,3117d6e94d38ef884c70270270d3c8080272328cbd45f4f0513f261126bc0211
ClassEval,CoreFlow-q224,42,ClassEval_55::palindromic_length,False,RUNTIME_FAILURE,6a62edc4b1b7455985a0f038fa54feb832e5dd77a9a29aecebe53e38efe1cfc2
ClassEval,CoreFlow-q224,42,ClassEval_55::palindromic_string,False,RUNTIME_FAILURE,c65bc7943914cc50acc880aca7d05ee432499a88dcc270ef2787a72f57748893
ClassEval,CoreFlow-q224,42,ClassEval_56::accuracy,False,ASSERTION_FAILURE,f880a15f570fd4ee0da243a9232bf5669a7edbf83741048a4dd0e011738612be
ClassEval,CoreFlow-q224,42,ClassEval_56::f1_score,False,RUNTIME_FAILURE,5c88ed52c3cae0d5583ed17bb38b66f1021388fc3e4f6508a14e9be99c86e5cf
ClassEval,CoreFlow-q224,42,ClassEval_56::precision,False,PARSE_FAILURE,6711181d3dc3e23c2f3c9baefea78526dd4d8a30833429e56143e27e66eed13e
ClassEval,CoreFlow-q224,42,ClassEval_56::recall,False,ASSERTION_FAILURE,8df6307ac4419d9597c7aff5185cbc137b98b1641efea0555d1029a72d8d4e53
ClassEval,CoreFlow-q224,42,ClassEval_56::update,False,ASSERTION_FAILURE,6d118653612ac2627b86dcc9c8deceb8c20dba5be8e4e67305eedcf86e4e1b61
ClassEval,CoreFlow-q224,42,ClassEval_57::map,False,RUNTIME_FAILURE,4d86ca84796ee783b950ebe2bdba7488dc49f59e1ee92712562a38c48ef18416
ClassEval,CoreFlow-q224,42,ClassEval_57::mrr,False,RUNTIME_FAILURE,0b57231a00e8fbca01940302c3c85eecf2cfa811bd2c29507fba4fc02f866161
ClassEval,CoreFlow-q224,42,ClassEval_58::check_won,False,RUNTIME_FAILURE,cc9cb89df669af444d816ffcf195593889862dccfb653cc51be29c7c47b27a39
ClassEval,CoreFlow-q224,42,ClassEval_58::generate_mine_sweeper_map,False,RUNTIME_FAILURE,eabdfea8b087f7fe7e7955b30f2330390fe2c8de48a68a9855ce2191fbf3bbea
ClassEval,CoreFlow-q224,42,ClassEval_58::generate_playerMap,False,RUNTIME_FAILURE,0cd44add735d178493fb33d191d62389bdacb8890ab36ad63b5004e98710dcae
ClassEval,CoreFlow-q224,42,ClassEval_58::sweep,False,RUNTIME_FAILURE,2ce75fe36b7d64d60210deb13a2e67ffd6323ae9f79eb1b2fd9bd08bc4adcc2c
ClassEval,CoreFlow-q224,42,ClassEval_59::add_movie,False,ASSERTION_FAILURE,18f4bd32d42d092cb0cc413c1efb3aad1fadda43c225599520a8f7b25b3ddd91
ClassEval,CoreFlow-q224,42,ClassEval_59::available_movies,False,ASSERTION_FAILURE,7f9e4dd7c8690463ea133d171580edf27968981e242e4b49c2ad15130a6d5ec8
ClassEval,CoreFlow-q224,42,ClassEval_59::book_ticket,False,ASSERTION_FAILURE,1693789fe64aea5c89f4df2958790e821c26daadd054de86c67a3b68ee730ea1
ClassEval,CoreFlow-q224,42,ClassEval_61::add_song,True,PASS,f43509869d6f9db165cb69677d5d29e95f1fd3abaf753bd5464f298cb1610867
ClassEval,CoreFlow-q224,42,ClassEval_61::play,False,RUNTIME_FAILURE,4b73ebc59176148e6dd4207248b571f2eadacdca0dc8ab65afc94d532fc73182
ClassEval,CoreFlow-q224,42,ClassEval_61::previous_song,False,ASSERTION_FAILURE,f4d14539aa63b9d8b119dd8206af1d930c782bbdb0a41155e8f16a1ee7d81ee0
ClassEval,CoreFlow-q224,42,ClassEval_61::remove_song,False,RUNTIME_FAILURE,6523057c5ca0b1aaa96df3b3d6b29f4fc2d4fda419edd24a4658aae724aff2ec
ClassEval,CoreFlow-q224,42,ClassEval_61::set_volume,False,ASSERTION_FAILURE,57d47aad0b5ff91c32861fed41d49b018dd1e4e885dc6f3cbdf76f4d20b6672f
ClassEval,CoreFlow-q224,42,ClassEval_61::shuffle,True,PASS,5e1a3cfe9882065ee27bc1ffe1df136fe303da4c2626dfc438ca0a7c0bbc1694
ClassEval,CoreFlow-q224,42,ClassEval_61::stop,False,RUNTIME_FAILURE,ff3bcdf4b5fac626c59a3d40f58208037abf7210ebd8d88ac2ac294c5507a2a7
ClassEval,CoreFlow-q224,42,ClassEval_61::switch_song,False,ASSERTION_FAILURE,5e5e3f6a4d563d091f7f102c3679a81d6b9efe93bbd74c977710ad6d4b5c6d22
ClassEval,CoreFlow-q224,42,ClassEval_64::binary_to_decimal,True,PASS,fa16b56731e887c165f827b8ed9d665ea7276381394232099ae03fb1f42ebf4b
ClassEval,CoreFlow-q224,42,ClassEval_64::decimal_to_binary,True,PASS,e30c65f486d940525546e85a2c7b0fdefe7a4ec245142349bb86e44e40577a53
ClassEval,CoreFlow-q224,42,ClassEval_64::decimal_to_hex,False,ASSERTION_FAILURE,f03e814bf7821c8b0db8fd0532ef1cf9ba121ea5dfdd125b405242a0f574bca9
ClassEval,CoreFlow-q224,42,ClassEval_64::decimal_to_octal,True,PASS,5ac834238cc7f6701cfd5a3b31a5b58610783c0ae2798addd2c34499df874fec
ClassEval,CoreFlow-q224,42,ClassEval_64::hex_to_decimal,False,ASSERTION_FAILURE,ffad39a30f008008b2d354e749fa807c8586ebdf366cc79f6c3a7eface28cbe3
ClassEval,CoreFlow-q224,42,ClassEval_64::octal_to_decimal,False,ASSERTION_FAILURE,d51719b2a2191e94588a0727a31c0b75be8916b73b9e3aec36541888e66e7be5
ClassEval,CoreFlow-q224,42,ClassEval_65::format,False,RUNTIME_FAILURE,e2d5c30996dd1eaa7f5470fd9127644771252e023589e021db7841ffa6d3a669
ClassEval,CoreFlow-q224,42,ClassEval_65::format_string,False,ASSERTION_FAILURE,170a865aeb7534bd3c61512c1595bba64858c346fa625d6dddfa5104016285fb
ClassEval,CoreFlow-q224,42,ClassEval_65::parse_more,False,ASSERTION_FAILURE,98447355dcf9d58286431821b183ad022befbcd0b8f0d73e4b9272245c49f82c
ClassEval,CoreFlow-q224,42,ClassEval_65::trans_three,False,RUNTIME_FAILURE,5105efc1a1e8026b054690847e4336239ed968a33226e8b62c29cb086469215c
ClassEval,CoreFlow-q224,42,ClassEval_65::trans_two,False,ASSERTION_FAILURE,9b6c70896067e33254dde966571c0b376919c839a384a61a1a420e53968b5337
ClassEval,CoreFlow-q224,42,ClassEval_68::get_page,False,RUNTIME_FAILURE,36264015feaa08fa1a158273218e2de840942b11d519b51e46b8a38eeb60b620
ClassEval,CoreFlow-q224,42,ClassEval_68::get_page_info,False,ASSERTION_FAILURE,6f0a296ceaea5545b5126b78a29f7b6e86b1fc80ebc3acef016521891cc8627b
ClassEval,CoreFlow-q224,42,ClassEval_68::search,False,ASSERTION_FAILURE,fb6bb797e0958af033189f1cc2e7eaff7e35d4981b3ce774a2eee07a13f42f79
ClassEval,CoreFlow-q224,42,ClassEval_70::_validate_name,True,PASS,32f66d754085c9ccdff72491ba9dfe61ded5c137ee5356f135d437f74549ba3a
ClassEval,CoreFlow-q224,42,ClassEval_70::_validate_phoneNumber,True,PASS,ac029e060169cad93522d9c53b7a34b483499fe275d909d998b4bb7f46b12059
ClassEval,CoreFlow-q224,42,ClassEval_70::_validate_sex,True,PASS,9c16c0ede86799c6b1298a728b582c86eb96c80c06b1d3ac2245b96d283dc427
ClassEval,CoreFlow-q224,42,ClassEval_71::check_win,False,RUNTIME_FAILURE,7b4631ddfecbf4f47b059de92f02e8f132d8bbd07a198ecb1c3dfc20b2cb0c1a
ClassEval,CoreFlow-q224,42,ClassEval_71::init_game,False,RUNTIME_FAILURE,b45413ec44d82e2adbff777725e7cac3a02192cad3dde79bd3aeb1fb1bed6c17
ClassEval,CoreFlow-q224,42,ClassEval_71::move,False,RUNTIME_FAILURE,b34ddd86683d4c1baf5a6e0635ae4967869283c82f628054f1805f0293d9b45f
ClassEval,CoreFlow-q224,42,ClassEval_73::attack,True,PASS,7dc96c5bf80b9d59074316d8ed131f71cde94fcb74ebe00402291b7d4eee85bd
ClassEval,CoreFlow-q224,42,ClassEval_73::gain_exp,False,ASSERTION_FAILURE,a205c3de081e0e8aba4219e6b531b1a690a85bf2b90c29e228a05c38e2191fe1
ClassEval,CoreFlow-q224,42,ClassEval_73::heal,True,PASS,338989b002c1cca25b47a2d6b4a6aaa39c107a4d787467d6ab4319f3b1d401ca
ClassEval,CoreFlow-q224,42,ClassEval_73::is_alive,True,PASS,fe6097e410fc924d6e469f13d5bddcd8891a8697afcf9643220af04bf7190702
ClassEval,CoreFlow-q224,42,ClassEval_73::level_up,False,ASSERTION_FAILURE,e70402de16b66f688cdc5f809f65083387333bcc7f71a5c1d795404bbdbe3408
ClassEval,CoreFlow-q224,42,ClassEval_75::add_item,True,PASS,c34207bb875a5820286f238510f27f7f2adaf812304a9e0fa59720ce9715291e
ClassEval,CoreFlow-q224,42,ClassEval_75::remove_item,True,PASS,d0ac465d9a05a1400a747b13f4ee4f189108c8b57327fec4b1ebd7b364754c32
ClassEval,CoreFlow-q224,42,ClassEval_75::total_price,True,PASS,e52f259f0fcc3ca000042100f3cd48d22eb2af70c4449d840615e5ce9a47038c
ClassEval,CoreFlow-q224,42,ClassEval_75::view_items,True,PASS,8ffa22c04cc85102016fe1e6874ec75c402ca25745e1b1b837a51a00c98f3db7
ClassEval,CoreFlow-q224,42,ClassEval_76::add_user,True,PASS,f8c95886c0c676d23af899aa86b0e0b2c8f055a215e5db1881bbdc766c421faa
ClassEval,CoreFlow-q224,42,ClassEval_76::all_not_signed_in,False,ASSERTION_FAILURE,8d43c58cee2893d7f96aa84fad5f53f54c7dd690aca61c31f5cf1285e2a364cd
ClassEval,CoreFlow-q224,42,ClassEval_76::all_signed_in,False,ASSERTION_FAILURE,7c03812803f184d603936c2ff91aaca2c1d71b5d86308cfd62c32d1df78f8328
ClassEval,CoreFlow-q224,42,ClassEval_76::check_sign_in,False,ASSERTION_FAILURE,cb7c7f663c80d8f17088d8fd337357be2567da2121cda670916453f7a5fd20f9
ClassEval,CoreFlow-q224,42,ClassEval_76::sign_in,True,PASS,9d372c54fe326e0cbc70db636beafd6aa6bb454f81012184d8f53f3f039a030a
ClassEval,CoreFlow-q224,42,ClassEval_79::delete,False,ASSERTION_FAILURE,3e6dee186024fe369c989e317359f756cda3342f02264184cb77909944fbe264
ClassEval,CoreFlow-q224,42,ClassEval_79::insert,True,PASS,21242d09ec7fe35becac342095b0858fa45c2cc100561fa2de81705e7cae8206
ClassEval,CoreFlow-q224,42,ClassEval_79::select,False,ASSERTION_FAILURE,7ff4cdd22ab504f2067269e2ee8540e84929c8a2cb99672c72c759451b379c77
ClassEval,CoreFlow-q224,42,ClassEval_79::select_by_age_range,True,PASS,02ba2173c6146b3e96a73b2784f707dcf145f55181166d463410702db7e2b908
ClassEval,CoreFlow-q224,42,ClassEval_79::select_female_under_age,True,PASS,16542afd05e62c7f152955a90c27ca66d910df228ee0c08baa830269a0054390
ClassEval,CoreFlow-q224,42,ClassEval_79::update,False,RUNTIME_FAILURE,1e2c02ee8574e0eb21a08c1f2917b6ee2fbac778ea1163ef3216067ed9f75d7f
ClassEval,CoreFlow-q224,42,ClassEval_7::check_balanced_brackets,False,ASSERTION_FAILURE,4ac895dd0dbcf03b9551c83f490407ce04822090e2e9c1a745d80fb76e7fd023
ClassEval,CoreFlow-q224,42,ClassEval_7::clear_expr,True,PASS,31c75323c7eba27e463df11390c02cec8d644cad2434506bfc57fe870f849e68
ClassEval,CoreFlow-q224,42,ClassEval_81::correlation,False,ASSERTION_FAILURE,16d83c801636bf4f75c75ae1c2ce7b504508e57c56e45f9a93edf0706188cf54
ClassEval,CoreFlow-q224,42,ClassEval_81::correlation_matrix,False,ASSERTION_FAILURE,aae780624c28dc5aff43e4cc231c4ed53dc6a755a13bb43ce48019b7592a4c4d
ClassEval,CoreFlow-q224,42,ClassEval_81::mean,False,PARSE_FAILURE,c9fc6d307fe5c91e58c3c7963f089c851f641bae6822bdb505fe7263ccdb1386
ClassEval,CoreFlow-q224,42,ClassEval_81::median,True,PASS,eeea002ef7e6ef3bcbf4bd87c00280a959290470ba8bff399c7dc78bb9cb723b
ClassEval,CoreFlow-q224,42,ClassEval_81::mode,False,ASSERTION_FAILURE,466db2f365594cf179d829be4f330cda0f7e62207feb0e96d4dd582ae5e820d8
ClassEval,CoreFlow-q224,42,ClassEval_81::standard_deviation,False,RUNTIME_FAILURE,c83e5ec9ccee8b1c33e4fb560f12f1ac7d266988d1c5dfcf6e432d7707659bd4
ClassEval,CoreFlow-q224,42,ClassEval_81::z_score,False,RUNTIME_FAILURE,05fca19be213a9b8b77f18277b98b265f844404ac42545cbd98ecb113b963594
ClassEval,CoreFlow-q224,42,ClassEval_82::add_stock,False,CLASS_COMPILE_FAILURE:75,998b8b041166447d6ce08bd0728e432a0d6c2d12dc502ccf82d63f383d974fde
ClassEval,CoreFlow-q224,42,ClassEval_82::buy_stock,False,CLASS_COMPILE_FAILURE:75,4fd3525898d898f72275cd2da0a1a08145ca039a408d8e90cde7ba486c67bea7
ClassEval,CoreFlow-q224,42,ClassEval_82::calculate_portfolio_value,False,CLASS_COMPILE_FAILURE:75,c0621caff8a178f6963a78dd98c2a47c7a6148a248b731484c6996141b9baa87
ClassEval,CoreFlow-q224,42,ClassEval_82::get_portfolio_summary,False,CLASS_COMPILE_FAILURE:75,96c19d2e3a1f015162f81730a9a1b707f2d6820b6c3e502751cf8a4fcef40f01
ClassEval,CoreFlow-q224,42,ClassEval_82::get_stock_value,False,CLASS_COMPILE_FAILURE:75,0285c9f5391bb2458ee481081e03791e726ddce1381acc842b68de1ffdc8a13c
ClassEval,CoreFlow-q224,42,ClassEval_82::remove_stock,False,COMPILE_FAILURE:47,12611f88a60f29959bdf3b6f898277e74db7e6d4bda54195f94ee9c4b4311eb8
ClassEval,CoreFlow-q224,42,ClassEval_82::sell_stock,False,CLASS_COMPILE_FAILURE:75,de0e9e62d12c4b7764f8e3df01c27817f0afb6e05ff04e2e64420f34613c3b6f
ClassEval,CoreFlow-q224,42,ClassEval_84::process_file,False,RUNTIME_FAILURE,0b29f2d7a68e3b4ec4419de7a1ffa4091ce29b1b0e44935c852269b8e65b4a2c
ClassEval,CoreFlow-q224,42,ClassEval_84::read_file,True,PASS,e88b8fcd5fc2f46fb1ad35615cd5c5cfb6c86e3dda22bac15cada98be2dddcd6
ClassEval,CoreFlow-q224,42,ClassEval_84::read_file_as_json,True,PASS,27cd7f09360814fd30d668f0d03919117c72332d78548dab5a5aed551e910285
ClassEval,CoreFlow-q224,42,ClassEval_84::write_file,True,PASS,ee1214658c11f1ec4170cc9d9d6d7dc2c22e61c0eac96c3947c581e68a4b0096
ClassEval,CoreFlow-q224,42,ClassEval_85::auto_check_conflict,False,ASSERTION_FAILURE,69b7058f506c0573401badce611dacde7cfb15ad0a31f6ee954d190661bf120d
ClassEval,CoreFlow-q224,42,ClassEval_85::auto_set_mode,True,PASS,e26b5436b4f10fd993ce50cfae604d9ed2ce32d23c6b356db19a9f6777cb2b87
ClassEval,CoreFlow-q224,42,ClassEval_85::get_mode,True,PASS,e196cbab95eb8b71d921618a1c7d81c936ece8ae2f1d538d7df042aa7b677a28
ClassEval,CoreFlow-q224,42,ClassEval_85::get_target_temperature,True,PASS,d242f4813d72669879c6e0e970c5bb05ac705aa57a349fba73a11b2c5a1677ba
ClassEval,CoreFlow-q224,42,ClassEval_85::set_mode,False,RUNTIME_FAILURE,e10130c35c84b7ab51130478c0e893f67aa50b4319c3321c38927cd27fcd9cc8
ClassEval,CoreFlow-q224,42,ClassEval_85::set_target_temperature,True,PASS,7192ce7af39d0e73d58b129d8618a3b21ce074a6aec85190131b2617847ebde6
ClassEval,CoreFlow-q224,42,ClassEval_85::simulate_operation,False,TIMEOUT,6124a864fad106050863b9573dd320edf0933a52f00e2787980bb0b0c66584d0
ClassEval,CoreFlow-q224,42,ClassEval_86::check_winner,False,RUNTIME_FAILURE,d950f57972124aa73cb70809f418a7ed02934b530dc9f901c02eee21a67692f8
ClassEval,CoreFlow-q224,42,ClassEval_86::is_board_full,False,ASSERTION_FAILURE,3e0a60be8dd4fb3279c07fcd11a001c83f643fe99e8be56945d71e055f3c2047
ClassEval,CoreFlow-q224,42,ClassEval_86::make_move,False,PARSE_FAILURE,0fb5f047d956bea88baedf5df2977e05c4d7a2c69169ecbec9c010a0a1eb1bd5
ClassEval,CoreFlow-q224,42,ClassEval_8::deposit,True,PASS,d666f6320f997c069406a50c1c6051107ddd6e03bda2a6076b9a3ba4d0e879bb
ClassEval,CoreFlow-q224,42,ClassEval_8::transfer,False,ASSERTION_FAILURE,63d7b903d21aa65d659b2ed562fd27a3e51ac5a4478d7a1be19bac1225e22fa4
ClassEval,CoreFlow-q224,42,ClassEval_8::view_balance,True,PASS,a15e1455c373aefa98a2def4182712daa8d3199270b47bbb8d056bfe946bcddd
ClassEval,CoreFlow-q224,42,ClassEval_8::withdraw,False,ASSERTION_FAILURE,35218f80449c4ce3399facb6ef304547221b02409bd1520eda9185f83bd499a1
ClassEval,CoreFlow-q224,42,ClassEval_90::get_fragment,False,RUNTIME_FAILURE,a0d8d1b03e1e17ac0e60a6b1aab6b99a11a17b66684fb0c5f3c7319ac585dc45
ClassEval,CoreFlow-q224,42,ClassEval_90::get_host,False,ASSERTION_FAILURE,8073e6353828ae7cb0ea9fdf27538313f778927c2b3ede8f6f3d8a69d3c07ef1
ClassEval,CoreFlow-q224,42,ClassEval_90::get_path,False,ASSERTION_FAILURE,b3bbc6e80fcbcfda89913d71ac25afd04b28059fbdfcedb3603d537725dff93f
ClassEval,CoreFlow-q224,42,ClassEval_90::get_query_params,False,RUNTIME_FAILURE,589cd2cbbd161b0f1a978054411898554036855355897c127d19169c8aa51d39
ClassEval,CoreFlow-q224,42,ClassEval_90::get_scheme,False,ASSERTION_FAILURE,dd73593196a181cff2db0694196e5c36aa2587ad9e83219bb6615ea61a2a9b96
ClassEval,CoreFlow-q224,42,ClassEval_92::delete_user_by_username,False,ASSERTION_FAILURE,12df68400cf710514801489d320635e4270434a807f4da9bc58a0c7e8df78577
ClassEval,CoreFlow-q224,42,ClassEval_92::insert_user,False,ASSERTION_FAILURE,3b3e40038929bd45a8f0a71469f223317ae42f49d8528e1676715080adee45aa
ClassEval,CoreFlow-q224,42,ClassEval_92::search_user_by_username,False,ASSERTION_FAILURE,e86d6d171c617df8889b17598ad0f6771cc9a6d7466b84e425f1e9fc34349349
ClassEval,CoreFlow-q224,42,ClassEval_92::validate_user_login,False,ASSERTION_FAILURE,23296056e86920216bc636c20863efb9f8805f259751c691a099291d8d557a46
ClassEval,CoreFlow-q224,43,ClassEval_11::add,False,PARSE_FAILURE,ce712ef515233fa3a7a816262761cae20c1773aae5d9427766afcbc6e622a313
ClassEval,CoreFlow-q224,43,ClassEval_11::check,True,PASS,5317190b995356d4de6dab1056ac663232cb790ad0cbe505dfb03c4e45ea073a
ClassEval,CoreFlow-q224,43,ClassEval_11::has,True,PASS,ae019d64fdbcbe0dfef904f7849205b72032787b5386c0ab1c502d5d0a47d975
ClassEval,CoreFlow-q224,43,ClassEval_11::remove,False,RUNTIME_FAILURE,f97cd33718df632284540f6039cbe28be2f3544955c8a0c956696158561730b0
ClassEval,CoreFlow-q224,43,ClassEval_12::calculate_hand_value,False,RUNTIME_FAILURE,89442572e7f8604a72d7a01890327aa1969203fbb90ee8cba9e049e6437e052d
ClassEval,CoreFlow-q224,43,ClassEval_12::check_winner,False,RUNTIME_FAILURE,da6a5453bfae8443703d57ec943efc68ee566d864da6064f83c095981b89e884
ClassEval,CoreFlow-q224,43,ClassEval_12::create_deck,False,ASSERTION_FAILURE,7d56b26054b1b25af0f4177419a6cd3015d558fa3e2da70966c50d004d38f593
ClassEval,CoreFlow-q224,43,ClassEval_14::add_book,False,PARSE_FAILURE,dc5b2347dcd43fdc51d0d3e4792c4d98c60f7ab4cac057fc9f22b8b5b41bf6f3
ClassEval,CoreFlow-q224,43,ClassEval_14::borrow_book,False,RUNTIME_FAILURE,73737ab07d648a19f1ee3dcb2615e23ca767d0d797ef9b5381dd990ec4a310e5
ClassEval,CoreFlow-q224,43,ClassEval_14::create_table,False,ASSERTION_FAILURE,9de450fa4a65e766644c9ddf5c39de062d136cca122dba2fd3a5045bccac68d3
ClassEval,CoreFlow-q224,43,ClassEval_14::remove_book,False,RUNTIME_FAILURE,e50b44861d1b872418cbd9311652f6919f00f5aa76fb82da2cd90177ddce47ee
ClassEval,CoreFlow-q224,43,ClassEval_14::return_book,False,RUNTIME_FAILURE,89e619d51cb888d4c72e776e75fdc1640530fb1f4524becd211c1178edfb0ed7
ClassEval,CoreFlow-q224,43,ClassEval_14::search_books,False,RUNTIME_FAILURE,3850577b36ae2a79b27a004a801021ab54052127d4c234a3e9b1cd6136cfff66
ClassEval,CoreFlow-q224,43,ClassEval_15::bad_character_heuristic,False,ASSERTION_FAILURE,364a211eed75cbac371562cd4d2524492e1dde60a5024c2d09327710cbff9151
ClassEval,CoreFlow-q224,43,ClassEval_15::match_in_pattern,False,PARSE_FAILURE,5d79f3da21e69400a1795a667b0a44fbfe8ad4c2ca8035d628b63c28720d44a5
ClassEval,CoreFlow-q224,43,ClassEval_15::mismatch_in_text,False,RUNTIME_FAILURE,3c071bd371093447adccadbd2ef8716ecd78d8c531ee37d9b0d0718fe8e9a11a
ClassEval,CoreFlow-q224,43,ClassEval_19::generate_primes,False,RUNTIME_FAILURE,c58ef3bb185aebbe507397a12e2f179e3eb4bb49f1d5d5fc19a938fc830b39f0
ClassEval,CoreFlow-q224,43,ClassEval_19::get_primes,False,PARSE_FAILURE,e5553b868813d552db08cc9bb5a1df552450115496c580008686da5c0f4accbe
ClassEval,CoreFlow-q224,43,ClassEval_1::calculate_annulus_area,False,ASSERTION_FAILURE,8b50c19f1a2b674139d4bfa79b69ad2639d69109ad57d3d11d5f26d6a9433bc3
ClassEval,CoreFlow-q224,43,ClassEval_1::calculate_circle_area,True,PASS,c5ab5fb6de1537e4595aa5ab7a58e83697df5477c9b5cf8dc88c031941d3ab16
ClassEval,CoreFlow-q224,43,ClassEval_1::calculate_cylinder_area,False,ASSERTION_FAILURE,46b0b2e94d9ed52faacefceadec26a2d6bc565568b60c7c2d0acd485a9f0ef1c
ClassEval,CoreFlow-q224,43,ClassEval_1::calculate_sector_area,False,ASSERTION_FAILURE,cf87c33fc05649d6edda9b4caae7127bf44df41af9e86f5887af8b395ca08759
ClassEval,CoreFlow-q224,43,ClassEval_1::calculate_sphere_area,False,ASSERTION_FAILURE,b3a059918209debb5d2b09b7cb730a40c8932f2a8967bc60a085ad7000519bcd
ClassEval,CoreFlow-q224,43,ClassEval_22::get_all_major,False,ASSERTION_FAILURE,ee3b1430a3b6745a16d63b33a266c85b2beb6f16260c7eb6dbb2cf53f866f96f
ClassEval,CoreFlow-q224,43,ClassEval_22::get_most_popular_class_in_major,False,RUNTIME_FAILURE,3411bfb7349e9462106aab0947f80f9adfe315db1dfbd1141970043b29893368
ClassEval,CoreFlow-q224,43,ClassEval_22::get_students_by_major,True,PASS,5c633b2c00c9c364007ad80d622c0b13b00c22777b5be6a1cbc29125740cf5c2
ClassEval,CoreFlow-q224,43,ClassEval_22::register_class,False,RUNTIME_FAILURE,4c4c57008c32d5054860a1c2909d206ba1459a538ab3eb5be0759b12ba50548d
ClassEval,CoreFlow-q224,43,ClassEval_22::register_student,False,RUNTIME_FAILURE,98d858e0a042e702cb1b80c2377f03d79a256fb5f86ed3407effe87da3cd43a7
ClassEval,CoreFlow-q224,43,ClassEval_27::add_currency_rate,True,PASS,dc4eeec61ffab1014f30d0d33e0787bc08b7b368f2fb0681757ffbdca61c2ee9
ClassEval,CoreFlow-q224,43,ClassEval_27::convert,False,RUNTIME_FAILURE,a39d23c5d0657023404484c92265c15f59287bde1095d9dfd0fc11ad5d882155
ClassEval,CoreFlow-q224,43,ClassEval_27::get_supported_currencies,False,ASSERTION_FAILURE,90b64159e0997d7f3242ea0ff68695241c8963fe4c35c0e10cd47bf5adec5d20
ClassEval,CoreFlow-q224,43,ClassEval_27::update_currency_rate,True,PASS,22442044fcaf437b745a638ff1ae6e4b2ab11dc134742cfcbe5363c1e63efdda
ClassEval,CoreFlow-q224,43,ClassEval_29::mean,False,ASSERTION_FAILURE,e91e54bfeee2a3b16ef116d8a7e8429f7fd6a0777ad508e49acd0b00774cdca6
ClassEval,CoreFlow-q224,43,ClassEval_29::median,True,PASS,32cc4c9809d734d405b9c0e0610ac7dd07314e9f8effa87efa7dfac2d1754f29
ClassEval,CoreFlow-q224,43,ClassEval_29::mode,False,ASSERTION_FAILURE,c026138371666753bee5f8d99c213972ca0cc06861501ce72090fe912cb9629a
ClassEval,CoreFlow-q224,43,ClassEval_2::_convert_type,False,RUNTIME_FAILURE,c905383b10426f8b16f96cdb21f9fcf93f80e4ee8d3eecd87f26cf3e28b541e5
ClassEval,CoreFlow-q224,43,ClassEval_2::add_argument,True,PASS,78c81785d785ef0bc6328cbb2afce18749e48c822e16b664af40509f4314a74e
ClassEval,CoreFlow-q224,43,ClassEval_2::get_argument,False,RUNTIME_FAILURE,dd5b017ae5da0a9c4460fc87c16945257a94cc2cff790d32e235685c0d5cf2cf
ClassEval,CoreFlow-q224,43,ClassEval_2::parse_arguments,False,RUNTIME_FAILURE,bcc0ae3c51388863b2c942e8e02e599c5dfa75c6ccdb3e29d11a48a0b9dcc218
ClassEval,CoreFlow-q224,43,ClassEval_30::get_correlation,False,ASSERTION_FAILURE,23f94a2c06fd9dc6898af7cc5b4bc1d4e0a36bd82e4096bbaf04e6761cf29a5f
ClassEval,CoreFlow-q224,43,ClassEval_30::get_max,True,PASS,847b9f20e280ae0bbf6b9f162256819054e9fe6de8ecb31d7f5199f0aee6fa39
ClassEval,CoreFlow-q224,43,ClassEval_30::get_min,True,PASS,79a875b7e73e617aea902f542dd195e26158624f20cfcc4c4fae33d8db0d3cce
ClassEval,CoreFlow-q224,43,ClassEval_30::get_std_deviation,False,ASSERTION_FAILURE,a9f663673915f6371ccf981320fd6b32f3d0cfb50f54c808c5ae015ef89a1ccd
ClassEval,CoreFlow-q224,43,ClassEval_30::get_sum,True,PASS,0ab907c24773d3a60ef70546760217165d6d5c3c0d36bb867f433b46b0312210
ClassEval,CoreFlow-q224,43,ClassEval_30::get_variance,True,PASS,2ed6ef3c15d2d44f6fe775bea6616b5ae5751da07520ea4ff98d770cade25295
ClassEval,CoreFlow-q224,43,ClassEval_32::caesar_decipher,False,ASSERTION_FAILURE,029cb433109ceafd246610b5ca1e7adfebd649f15e0d05ec00629ac7b8631fbb
ClassEval,CoreFlow-q224,43,ClassEval_32::rail_fence_decipher,False,ASSERTION_FAILURE,a1090b4397619b58c1b1b54b1f6d285878c42767ce616376f72f83ad24c66aa8
ClassEval,CoreFlow-q224,43,ClassEval_32::vigenere_decipher,False,ASSERTION_FAILURE,721ffe586f18f3296e69cbd34602c4afd6472b95773ef09eb061a98c6cf31d4e
ClassEval,CoreFlow-q224,43,ClassEval_33::BulkItemPromo,False,COMPILE_FAILURE:10,aaa9fc7cb4ded95be526f909c38b7cf6880fd6b201d976d7e923930c5194b19f
ClassEval,CoreFlow-q224,43,ClassEval_33::FidelityPromo,False,CLASS_COMPILE_FAILURE:43,5cfc36c9c224278a0eeac912a25e40d69cf22ca29074af53621b54c766e950a3
ClassEval,CoreFlow-q224,43,ClassEval_33::LargeOrderPromo,False,CLASS_COMPILE_FAILURE:43,5312f22b34f4c17bf397f89e5d9cd29cf45621d0fbb370786081068383bd2778
ClassEval,CoreFlow-q224,43,ClassEval_33::due,False,COMPILE_FAILURE:12,50bbff1b11e487389a6ee11512339bfb45bed5d56410e2da5cafe5da57553a21
ClassEval,CoreFlow-q224,43,ClassEval_33::total,False,CLASS_COMPILE_FAILURE:43,43e90b7c5e9f85201cbd23c3dd65429ca2ba27c0219753c05aaad54a9aef8304
ClassEval,CoreFlow-q224,43,ClassEval_35::find_blank,False,ASSERTION_FAILURE,ed15356c63958c2e84a78966b2055acc2044e228f819d61ddc0665ed6119e5ca
ClassEval,CoreFlow-q224,43,ClassEval_35::get_possible_moves,False,ASSERTION_FAILURE,b6295e9da1348c225349dee3d51bfae658e69b065ca96e3c207412359a422043
ClassEval,CoreFlow-q224,43,ClassEval_35::move,False,PARSE_FAILURE,a687f23b03ccd53b7703b2afe9b71041f734a82f2ea89621c459468bab9dba7e
ClassEval,CoreFlow-q224,43,ClassEval_35::solve,False,ASSERTION_FAILURE,d357cdb63a72d0ca9a3b0056dbce51b0e09f5e59de5c522797c77f4d5cc2d527
ClassEval,CoreFlow-q224,43,ClassEval_37::caesar_cipher,False,ASSERTION_FAILURE,18235986afc5bd9db4730ab2badb9782091be015b48afee47e4691955f1762cb
ClassEval,CoreFlow-q224,43,ClassEval_37::rail_fence_cipher,False,RUNTIME_FAILURE,f84fa5fb9e1b486e94c88c694ff21419151798e02e34245e7d49f530f3a52ccc
ClassEval,CoreFlow-q224,43,ClassEval_37::vigenere_cipher,False,ASSERTION_FAILURE,2fc73bdd93b82e817b66f96f7c138bf51582e9b79e14f3b75789388cbb51e69a
ClassEval,CoreFlow-q224,43,ClassEval_39::_calculate,False,PARSE_FAILURE,d004d9bf1dffb40f5c726e02d4d3e2bc7775b208b33738335c61641af7693000
ClassEval,CoreFlow-q224,43,ClassEval_39::calculate,False,RUNTIME_FAILURE,47194f879734d92f4088b69660d543644009f1ac122ca3a46ee5a46aec7db701
ClassEval,CoreFlow-q224,43,ClassEval_39::compare,False,ASSERTION_FAILURE,c262ec7d72e184604f6f2276ecff080295e87c531d43931ce2bc4760e37a2760
ClassEval,CoreFlow-q224,43,ClassEval_39::is_operator,False,PARSE_FAILURE,df844664c80f8594decb6b61e491961a802d4c37c4e765ab1bde1e98ccc22632
ClassEval,CoreFlow-q224,43,ClassEval_39::prepare,False,ASSERTION_FAILURE,67fe5812e9f73ea919dc1a8529618d6da6a94a55d9660ca901642e59335e41a1
ClassEval,CoreFlow-q224,43,ClassEval_39::transform,False,PARSE_FAILURE,023bb464d5246ce2e625d4a8e96daf7008d835287138a105e033071a8b11bf6c
ClassEval,CoreFlow-q224,43,ClassEval_3::count,False,RUNTIME_FAILURE,f90819d9b8cb390bbd208b1b25c1a16b821822c50beb1c8b0bc4956c839c3ac7
ClassEval,CoreFlow-q224,43,ClassEval_3::count_all,False,ASSERTION_FAILURE,9acc1b139655c93e32c56bff5dc398171a5e10e39100d76451455f83b18df225
ClassEval,CoreFlow-q224,43,ClassEval_3::factorial,True,PASS,450c61d45599282fba1e74f10e42dfa40dbc96175be5cac531a818ddaee7e869
ClassEval,CoreFlow-q224,43,ClassEval_3::select,False,ASSERTION_FAILURE,731e32d16097838f977be5c17d33adc18b19d4f2cb54eecf570106c5370571f8
ClassEval,CoreFlow-q224,43,ClassEval_3::select_all,False,RUNTIME_FAILURE,409de38e89d6371286a8cf27c72cf4c5aab158c4813a24ad1f3a7431e38cc1c9
ClassEval,CoreFlow-q224,43,ClassEval_41::_check_five_in_a_row,False,ASSERTION_FAILURE,08d7b0ac2da8ec836dfcff69dddaf33f840cdcdc903b8bbc04891946a4794231
ClassEval,CoreFlow-q224,43,ClassEval_41::check_winner,False,ASSERTION_FAILURE,eb8db63128cb69095681aa48f340402c3de0f79d13fd556a81a306d5c078a1e6
ClassEval,CoreFlow-q224,43,ClassEval_41::make_move,False,ASSERTION_FAILURE,cf439af0391fda8819209776d97b8832860874a782aa029c5138dcd493f65d67
ClassEval,CoreFlow-q224,43,ClassEval_42::book_room,False,RUNTIME_FAILURE,01e35228c47ba818e950a8413231742ff49d1706d3dd60bf474079cf49644fd7
ClassEval,CoreFlow-q224,43,ClassEval_42::check_in,False,RUNTIME_FAILURE,8e8c0468f2dadd06361424aff6fcecf649e1b098a19f219fad974868c9bb9728
ClassEval,CoreFlow-q224,43,ClassEval_42::check_out,False,ASSERTION_FAILURE,e44fc83a375e2a0051ef4dee74277cc762eed30d0ae6d410ad0d0771c713fae5
ClassEval,CoreFlow-q224,43,ClassEval_42::get_available_rooms,False,RUNTIME_FAILURE,b129e17bdb75c3c1367d903b6456ec8cfcaa76129084baee03341f9725afe01c
ClassEval,CoreFlow-q224,43,ClassEval_43::add_employee,True,PASS,3e1f2d90f593735039a2631536756d096269d1ac983da889683c4e6b13b90b9f
ClassEval,CoreFlow-q224,43,ClassEval_43::get_employee,True,PASS,61c891574ce3be01e66aaf423323ea2303681b9aded70a1a7a874749f43a081e
ClassEval,CoreFlow-q224,43,ClassEval_43::list_employees,False,PARSE_FAILURE,98d004dc93850df80f2b44a046d349040a64bb0e9b9c05c9567bf0b29026366b
ClassEval,CoreFlow-q224,43,ClassEval_43::remove_employee,True,PASS,26507cd71f36378372a557a6ffe0cf85e84bc6a6995d36b39f0ea79f5a9c25c5
ClassEval,CoreFlow-q224,43,ClassEval_43::update_employee,False,ASSERTION_FAILURE,78bc325e55082d74dbca2fc537f6f62eba0ce7da549322290e81e493c0bab992
ClassEval,CoreFlow-q224,43,ClassEval_46::interpolate_1d,False,RUNTIME_FAILURE,3f3df1bee810442852f73e0254a45bb51a5ff048c4acead552b92eaab2c1304a
ClassEval,CoreFlow-q224,43,ClassEval_46::interpolate_2d,False,RUNTIME_FAILURE,5c01d790f886c58daafd129252ad1ffe60d559b8097e18799865e30429ec4f17
ClassEval,CoreFlow-q224,43,ClassEval_47::get_binary,False,ASSERTION_FAILURE,3f47ae49e21aaf2c3ebf828541dd12827df56c03f2fb9250860f2474a1502951
ClassEval,CoreFlow-q224,43,ClassEval_47::get_octets,False,ASSERTION_FAILURE,43853fae8f959c3896bad94138690f3ca5a4697e77d0123bc0e73d4471e5e93f
ClassEval,CoreFlow-q224,43,ClassEval_47::is_valid,False,ASSERTION_FAILURE,3c0cab5e286e5d3cbdb1991ec7b1953723ba85e0de7c82bedb502e814e791ecd
ClassEval,CoreFlow-q224,43,ClassEval_53::add_word,True,PASS,3f65d184362fc2454c4b43f1dcb580ff18412e8d09aba3f61ccc72d8a7b2f6fc
ClassEval,CoreFlow-q224,43,ClassEval_53::find_longest_word,False,ASSERTION_FAILURE,9961c36e5b93a8fdf0f3d622675014277964391826ba763ee01b3e3e7abf3d92
ClassEval,CoreFlow-q224,43,ClassEval_54::create_board,True,PASS,53667dde0dda8caccf405190e9a72457f3da344d667df4d50af9fd80d9f22dc3
ClassEval,CoreFlow-q224,43,ClassEval_54::has_path,False,ASSERTION_FAILURE,1c923b0a0df4a8494775941c893896f40f988c69aeb494e60aca293443884454
ClassEval,CoreFlow-q224,43,ClassEval_54::is_game_over,False,ASSERTION_FAILURE,811ce13dec6f31cbcc37665a3c7b74fbce61d94a05f75305e659b72698b8e405
ClassEval,CoreFlow-q224,43,ClassEval_54::is_valid_move,False,RUNTIME_FAILURE,f299e8fcbe44534e47bdbe18d8d2fea7fd1fca13c443a4e90cff42970219afc5
ClassEval,CoreFlow-q224,43,ClassEval_54::remove_icons,False,ASSERTION_FAILURE,9b2d8fd5aa615f28e13fc9a02f9e921f1fbd4757df19497cb485e673d7729524
ClassEval,CoreFlow-q224,43,ClassEval_55::palindromic_length,False,ASSERTION_FAILURE,063fdd613f89230d0bbc07a628c06f46c2d781b7c5b728fbe21a3e1e779d29a2
ClassEval,CoreFlow-q224,43,ClassEval_55::palindromic_string,False,RUNTIME_FAILURE,f95bb533501226248160f9d0c856729841270e6e3bf6f77ad6bb7bbaf2f86dca
ClassEval,CoreFlow-q224,43,ClassEval_56::accuracy,False,PARSE_FAILURE,edc946304b43b4a646c3aa6c85b6faf69675574d688e34898b7a78486d6193b2
ClassEval,CoreFlow-q224,43,ClassEval_56::f1_score,False,RUNTIME_FAILURE,a6287d72a27df9182d834af0958d9fdfd55c22880fc63ba4ad7f8b468f775d99
ClassEval,CoreFlow-q224,43,ClassEval_56::precision,False,PARSE_FAILURE,746affdacb4b8fe31c83ccc7c615516cf12d92caaec5c93e9e923075c360cd7a
ClassEval,CoreFlow-q224,43,ClassEval_56::recall,False,ASSERTION_FAILURE,c44d8cbc036bb94b609a93323271059ad65f185cb5b25c2006fc6974c887c6db
ClassEval,CoreFlow-q224,43,ClassEval_56::update,False,ASSERTION_FAILURE,cadcc5ce13a53a7f177e432436f658355b2a5a221ac91ceab6b08e1d25e4b794
ClassEval,CoreFlow-q224,43,ClassEval_57::map,False,RUNTIME_FAILURE,88b0e4f7dea9611ee1cf8403f4485093ed1056fab5eb50cfa3d49e30f7358948
ClassEval,CoreFlow-q224,43,ClassEval_57::mrr,False,RUNTIME_FAILURE,d6ce90c18ec8965ec839fd2c79b64ac469f3a0226e8a9df408b27a6918510670
ClassEval,CoreFlow-q224,43,ClassEval_58::check_won,False,RUNTIME_FAILURE,fcf3246d0af35d115e8d0608e10fdbde25b7d44dbda5a96cd7c2a617279e6f6a
ClassEval,CoreFlow-q224,43,ClassEval_58::generate_mine_sweeper_map,False,RUNTIME_FAILURE,2e83aafab7ce5c5fc765eadf919c573114c722c2c586e51e02869e754b03b228
ClassEval,CoreFlow-q224,43,ClassEval_58::generate_playerMap,False,PARSE_FAILURE,27975497823f18e6a9957d42bb669fccc094fc3c6cf98d7a32742d6de44d3b98
ClassEval,CoreFlow-q224,43,ClassEval_58::sweep,False,RUNTIME_FAILURE,4c862d4278c8fe6703468e63c14592a5babec0db33b79bcc640f367b9b3d1969
ClassEval,CoreFlow-q224,43,ClassEval_59::add_movie,False,ASSERTION_FAILURE,91f9c36cfa909996d63c27dc43ca2d38447ac6165c3bbc9cb6c5a87a997265be
ClassEval,CoreFlow-q224,43,ClassEval_59::available_movies,False,ASSERTION_FAILURE,6ab679006eb47215271bb9dd1def860f6e12410696ff03efe12232530346220e
ClassEval,CoreFlow-q224,43,ClassEval_59::book_ticket,False,ASSERTION_FAILURE,69e030f9abf4dd8b5a0f00c36846aa319418beefa112f8bdb2a68fba17b2190c
ClassEval,CoreFlow-q224,43,ClassEval_61::add_song,True,PASS,cbc7b57e5b7be74cf1a0096244b033b7bf70f1f40b5c2633db426933159906fd
ClassEval,CoreFlow-q224,43,ClassEval_61::play,False,RUNTIME_FAILURE,97a372ab8f9983c2ff10ba331cfd71eba68866089fdc3fd29196e801091747e5
ClassEval,CoreFlow-q224,43,ClassEval_61::previous_song,False,ASSERTION_FAILURE,f4d14539aa63b9d8b119dd8206af1d930c782bbdb0a41155e8f16a1ee7d81ee0
ClassEval,CoreFlow-q224,43,ClassEval_61::remove_song,False,RUNTIME_FAILURE,6da4569861f03dbdbf95ef1df808b55b7295b744f459646e5cfa4e354d788be2
ClassEval,CoreFlow-q224,43,ClassEval_61::set_volume,False,ASSERTION_FAILURE,46b6eb4b1d5dd831825a826162763b9e6a86676bc4e23d33ffe50a6e769f7e2c
ClassEval,CoreFlow-q224,43,ClassEval_61::shuffle,True,PASS,2207c0ee92cfd9cac1e4fb7fb7f3f7d7ebb1256849d70db47910eabaa04ffb28
ClassEval,CoreFlow-q224,43,ClassEval_61::stop,False,RUNTIME_FAILURE,ce468d30522d15cc76bf674366957af220e606d944f90cc037ac4993d58c76af
ClassEval,CoreFlow-q224,43,ClassEval_61::switch_song,False,ASSERTION_FAILURE,5e5e3f6a4d563d091f7f102c3679a81d6b9efe93bbd74c977710ad6d4b5c6d22
ClassEval,CoreFlow-q224,43,ClassEval_64::binary_to_decimal,True,PASS,fa16b56731e887c165f827b8ed9d665ea7276381394232099ae03fb1f42ebf4b
ClassEval,CoreFlow-q224,43,ClassEval_64::decimal_to_binary,False,PARSE_FAILURE,e99d779f289068b5cb45d458001661809d867b938f687c9102dbf218659f1cfb
ClassEval,CoreFlow-q224,43,ClassEval_64::decimal_to_hex,False,ASSERTION_FAILURE,990a0fe0abaf5fa789936a38d0d547a31760e33116a1863f04ac8bfae701fc6e
ClassEval,CoreFlow-q224,43,ClassEval_64::decimal_to_octal,False,ASSERTION_FAILURE,8387b772fd5806b7c3a3c3dca559570fbe1a5165ab9c27776ae49868b233d9df
ClassEval,CoreFlow-q224,43,ClassEval_64::hex_to_decimal,False,ASSERTION_FAILURE,df7893336987b4f7eb3764a21869256bb1cc8845149284818b3bca8cc3020cf3
ClassEval,CoreFlow-q224,43,ClassEval_64::octal_to_decimal,True,PASS,19b285f7f750847bde7f08bce2b47a0c1e78aa86fb87a0168e9ad4809adaa993
ClassEval,CoreFlow-q224,43,ClassEval_65::format,False,ASSERTION_FAILURE,bc48e9953f352871946459017a26d05b4619cfd4b27a1681421c8829541f1dc0
ClassEval,CoreFlow-q224,43,ClassEval_65::format_string,False,ASSERTION_FAILURE,00c4dea48f296ef2134f29653a4c204ec24387dab7a7c0a41e1944170fdd9c90
ClassEval,CoreFlow-q224,43,ClassEval_65::parse_more,False,ASSERTION_FAILURE,98447355dcf9d58286431821b183ad022befbcd0b8f0d73e4b9272245c49f82c
ClassEval,CoreFlow-q224,43,ClassEval_65::trans_three,False,ASSERTION_FAILURE,e9a99841a759971712a5ed1b5e569bda868c6cfb42287ad14f5040018a8e2f60
ClassEval,CoreFlow-q224,43,ClassEval_65::trans_two,False,PARSE_FAILURE,2cf686c7a8af924633f6485372055998474d3d0ab8602d3af6f618fe7d1f1447
ClassEval,CoreFlow-q224,43,ClassEval_68::get_page,False,RUNTIME_FAILURE,315a25c5b603266279b290e79fd388e77ff131ba6983288e6148ccd303cd3ef2
ClassEval,CoreFlow-q224,43,ClassEval_68::get_page_info,False,ASSERTION_FAILURE,b5c8dca91f4770af5f2523f96337c0703d3792e5b376f23b99b4b18eb7f23c27
ClassEval,CoreFlow-q224,43,ClassEval_68::search,False,ASSERTION_FAILURE,5b555840a908a5d634967746467fc311971a5d04e32c1ec5e70facaccbc6c867
ClassEval,CoreFlow-q224,43,ClassEval_70::_validate_name,True,PASS,77be4eaa48d0b7e1a7b2b9c766e2edc9f27bc2c4e6d899a4fcbcfc2e8fb8d9c7
ClassEval,CoreFlow-q224,43,ClassEval_70::_validate_phoneNumber,True,PASS,fe87f52772c58636df5c5f02e5dc42f0b124659ba8d330a4951c3af09b87bf94
ClassEval,CoreFlow-q224,43,ClassEval_70::_validate_sex,True,PASS,bdffc88e2052f5589aad2aa08f1c7d223bea5cad20e62f20b3f343193bb7b5af
ClassEval,CoreFlow-q224,43,ClassEval_71::check_win,False,CLASS_COMPILE_FAILURE:96,b4c74595988acfe4c6255b6a457e05d8600bb3dbcf1d664b6bc09531b641a754
ClassEval,CoreFlow-q224,43,ClassEval_71::init_game,False,CLASS_COMPILE_FAILURE:96,2b6fb602b3653b31faa79eb9a8c0b586023029d53a21d73cd4706c78f6f73a9c
ClassEval,CoreFlow-q224,43,ClassEval_71::move,False,COMPILE_FAILURE:41,538f1804f1c4f348bd33f7c2b355e003d59f8ab809cdf5ea498eba697e128f52
ClassEval,CoreFlow-q224,43,ClassEval_73::attack,True,PASS,7dc96c5bf80b9d59074316d8ed131f71cde94fcb74ebe00402291b7d4eee85bd
ClassEval,CoreFlow-q224,43,ClassEval_73::gain_exp,False,ASSERTION_FAILURE,10b534aa9f57f16f4b7e4fe376fef6ad02dca32286325acb66d15c4c798adac7
ClassEval,CoreFlow-q224,43,ClassEval_73::heal,True,PASS,338989b002c1cca25b47a2d6b4a6aaa39c107a4d787467d6ab4319f3b1d401ca
ClassEval,CoreFlow-q224,43,ClassEval_73::is_alive,True,PASS,65e846568b711f7366613b453fcd6031793bf845d0de0a31ac736aff9ac438c8
ClassEval,CoreFlow-q224,43,ClassEval_73::level_up,False,ASSERTION_FAILURE,588580a1fe0cad585663b4147afa3a0936fed255eca12b164a403d16f6a7dd37
ClassEval,CoreFlow-q224,43,ClassEval_75::add_item,False,ASSERTION_FAILURE,708fcc4403dabbbf638b0349945dceabcfff3c58f6ddfa5225b631eca85f4bb8
ClassEval,CoreFlow-q224,43,ClassEval_75::remove_item,False,ASSERTION_FAILURE,5aa38d39d91a411eed3fe4a0ac0f33ca5a51fc65b7e5be97d812c5a6c1f30009
ClassEval,CoreFlow-q224,43,ClassEval_75::total_price,False,ASSERTION_FAILURE,e52f259f0fcc3ca000042100f3cd48d22eb2af70c4449d840615e5ce9a47038c
ClassEval,CoreFlow-q224,43,ClassEval_75::view_items,False,ASSERTION_FAILURE,59f10bc957e3023d16d1861cf10527dc4e2bfc5d545108bacf049b8f9d32da13
ClassEval,CoreFlow-q224,43,ClassEval_76::add_user,True,PASS,9f1a31dbd9da7b1a2c89d4a2a8dd8a75a66e8937d2ac11a6caac3873e699b436
ClassEval,CoreFlow-q224,43,ClassEval_76::all_not_signed_in,False,ASSERTION_FAILURE,4b0809fc18cfa867d96cdd8d1466743d72ef68052006a3fd6be7e0d5620c5ae1
ClassEval,CoreFlow-q224,43,ClassEval_76::all_signed_in,False,ASSERTION_FAILURE,37769436c53a80a0af4f9e28237878e826cf3cde9a8289a3c76866da4f055de0
ClassEval,CoreFlow-q224,43,ClassEval_76::check_sign_in,False,ASSERTION_FAILURE,2ff9b36846b0135b2e58cb091b3606b71b952a890c5fcfd0f3eeb901234a7a18
ClassEval,CoreFlow-q224,43,ClassEval_76::sign_in,True,PASS,5380c2ce34c93273d68c0b9d662d8eb5d1d610ea17ef8f1314ddefcdcf7bff7c
ClassEval,CoreFlow-q224,43,ClassEval_79::delete,False,ASSERTION_FAILURE,3e6dee186024fe369c989e317359f756cda3342f02264184cb77909944fbe264
ClassEval,CoreFlow-q224,43,ClassEval_79::insert,False,ASSERTION_FAILURE,246dede3742f6b52a7c6c1783d884649939a2eada087f138bbaf37bfc29d17ce
ClassEval,CoreFlow-q224,43,ClassEval_79::select,False,ASSERTION_FAILURE,6e236a02a8cb7a896d9b3885a29d431972ab61993a36e9d64854ea5e4bc98730
ClassEval,CoreFlow-q224,43,ClassEval_79::select_by_age_range,True,PASS,02ba2173c6146b3e96a73b2784f707dcf145f55181166d463410702db7e2b908
ClassEval,CoreFlow-q224,43,ClassEval_79::select_female_under_age,True,PASS,0f7d390ebd2c2dcd258e847c6f7ab23e2813b106d5d256f7d165055eb788a6a2
ClassEval,CoreFlow-q224,43,ClassEval_79::update,False,ASSERTION_FAILURE,dc1e5145cb4f030066bc6bdc56f90d7b93f25edea859c578a7f8d91d675b5107
ClassEval,CoreFlow-q224,43,ClassEval_7::check_balanced_brackets,False,ASSERTION_FAILURE,dbf1bf2c9aaa57ba4533af1302b877c4af49fdabf4703690bd60d42b18221b21
ClassEval,CoreFlow-q224,43,ClassEval_7::clear_expr,True,PASS,52f85bd4aca3643a480761f8494e47f0865da85739af94b56a43f3a17d725465
ClassEval,CoreFlow-q224,43,ClassEval_81::correlation,False,RUNTIME_FAILURE,35789a7e4971fef156cb51da99b10fbdab07104c7920bdd648b1263eb96006b6
ClassEval,CoreFlow-q224,43,ClassEval_81::correlation_matrix,False,ASSERTION_FAILURE,3ce0b0550e731bb44368c2286739dc3de2ea0da03c61d961b01242985b178c7e
ClassEval,CoreFlow-q224,43,ClassEval_81::mean,False,PARSE_FAILURE,d0758f858ea93598673bc59553235e9c969fd56c7b7b0870b3562fa1c9bbc044
ClassEval,CoreFlow-q224,43,ClassEval_81::median,True,PASS,72a361bd0b247a2537cd062d8c1b388dcfe3e4b9ee2fbb028e9079ff0355439d
ClassEval,CoreFlow-q224,43,ClassEval_81::mode,False,ASSERTION_FAILURE,535a1f0c8bf6d56a9b459ebc5968504c25c46b47caedd6e78e022532a036ccea
ClassEval,CoreFlow-q224,43,ClassEval_81::standard_deviation,False,RUNTIME_FAILURE,6e16db05aad45cf41e847227c68041af160fb3264d4624ab91bdfeae03bdec36
ClassEval,CoreFlow-q224,43,ClassEval_81::z_score,False,ASSERTION_FAILURE,980457864f91cba3e502bb07e27499a868336bcf9e8003cb1ebe77584043c192
ClassEval,CoreFlow-q224,43,ClassEval_82::add_stock,False,ASSERTION_FAILURE,7228cdb191ec1ab1b5290cace740775f3ba02ddcadf36835f62d0c168ac168e4
ClassEval,CoreFlow-q224,43,ClassEval_82::buy_stock,False,ASSERTION_FAILURE,4fd3525898d898f72275cd2da0a1a08145ca039a408d8e90cde7ba486c67bea7
ClassEval,CoreFlow-q224,43,ClassEval_82::calculate_portfolio_value,False,ASSERTION_FAILURE,34f1ef2577805145087d91a9c1e226f471640eae51745d4c408a7874728f3a67
ClassEval,CoreFlow-q224,43,ClassEval_82::get_portfolio_summary,False,ASSERTION_FAILURE,d134b11f81c1e14bd15837930675b9c90fbb3d1fa7b57f7ace271fda7de545f9
ClassEval,CoreFlow-q224,43,ClassEval_82::get_stock_value,True,PASS,914590fb0b5f8411bb0abf77e54c3167516749a88a2eb74573de92e06cdf1748
ClassEval,CoreFlow-q224,43,ClassEval_82::remove_stock,False,ASSERTION_FAILURE,26e2821c7b2b5cfbf4d52be3a905584b8830c3d98955e0ab72941ba960df7a73
ClassEval,CoreFlow-q224,43,ClassEval_82::sell_stock,False,RUNTIME_FAILURE,edda5ac44852c1a3f33f3bac2b233cd0d9b4d536f3571541ba6037cded19ac9e
ClassEval,CoreFlow-q224,43,ClassEval_84::process_file,False,RUNTIME_FAILURE,28c5f6915a749508de6dfee0e0d595d2abfc9807f5b62243e95fbcafdca4b52a
ClassEval,CoreFlow-q224,43,ClassEval_84::read_file,True,PASS,6511f3533c80b0d6c8082e2476ae784fd243ca64da3116cd5ed2c81e52d0feb7
ClassEval,CoreFlow-q224,43,ClassEval_84::read_file_as_json,True,PASS,aeeb75aca4341cac4990afe8aef7f6cb600879d087a7468adfdf866857e80887
ClassEval,CoreFlow-q224,43,ClassEval_84::write_file,False,PARSE_FAILURE,d67006a4888246b4a0c37c77ede0633f44715243008716abe079f9c41d61ef5c
ClassEval,CoreFlow-q224,43,ClassEval_85::auto_check_conflict,False,ASSERTION_FAILURE,07ecbb48232e7af3015feeb8cd5e84d908ce088d7a94f14e240aa4af05913bf0
ClassEval,CoreFlow-q224,43,ClassEval_85::auto_set_mode,False,PARSE_FAILURE,c90f59c6763e497775adb7ee1f1c81527db2724987084e80af5f18628e104ed6
ClassEval,CoreFlow-q224,43,ClassEval_85::get_mode,True,PASS,e196cbab95eb8b71d921618a1c7d81c936ece8ae2f1d538d7df042aa7b677a28
ClassEval,CoreFlow-q224,43,ClassEval_85::get_target_temperature,True,PASS,d242f4813d72669879c6e0e970c5bb05ac705aa57a349fba73a11b2c5a1677ba
ClassEval,CoreFlow-q224,43,ClassEval_85::set_mode,True,PASS,7c7bb6d4be10e50fcd5173b5cf48bed83b9f914f9402baeebb7633f698e0d130
ClassEval,CoreFlow-q224,43,ClassEval_85::set_target_temperature,False,PARSE_FAILURE,a0865ea122c219e0324bfe15ba9fae24fdf35fcab3d0dfb9ec6a979d9c17ce49
ClassEval,CoreFlow-q224,43,ClassEval_85::simulate_operation,False,ASSERTION_FAILURE,ea89ac67795e3a4dfdd8cd609946d02aaf0128c60fec59b0f5c12f1e627c46d5
ClassEval,CoreFlow-q224,43,ClassEval_86::check_winner,False,ASSERTION_FAILURE,4c9c96835988997d0462b923d9a692afd8018734c38f9b17a0df1f10e67c5df8
ClassEval,CoreFlow-q224,43,ClassEval_86::is_board_full,False,ASSERTION_FAILURE,81fce19f345a93f5f4e3e88d3e05309c4a212cfe3f6523811a0495a8cb8418a9
ClassEval,CoreFlow-q224,43,ClassEval_86::make_move,False,ASSERTION_FAILURE,1fecc3c31c4fe6ebdda6fdd168578b65b3b6b748fb36f1b5d2d870f83f570a0d
ClassEval,CoreFlow-q224,43,ClassEval_8::deposit,True,PASS,09b92f3ac6944b0a43bfa07fb006a7a2465e2a5d29eb1e82ecc41642a1d4b9ea
ClassEval,CoreFlow-q224,43,ClassEval_8::transfer,False,ASSERTION_FAILURE,7ccfac253fd88e4f3b644bad4cbf19d327f29ecd57905b0c334f352fc93d59d8
ClassEval,CoreFlow-q224,43,ClassEval_8::view_balance,True,PASS,f065cdf79bc2515e655d40660c33db3788b6e64c348967fe96179246bb1b826e
ClassEval,CoreFlow-q224,43,ClassEval_8::withdraw,False,ASSERTION_FAILURE,27ac7bcd3d882e77e182ba24cc6b4d51c795562cc069e3f647e3cf2c38afd839
ClassEval,CoreFlow-q224,43,ClassEval_90::get_fragment,False,RUNTIME_FAILURE,df95d1f2b8dc1d4799f2ab3f65c67d3cc784bbe941c9908ea1e57f5d2f1b3c0c
ClassEval,CoreFlow-q224,43,ClassEval_90::get_host,False,RUNTIME_FAILURE,494ce5c4c766e79abd8a08b9bcf5a8fcddb53626513eba2548e5481fe5598ccb
ClassEval,CoreFlow-q224,43,ClassEval_90::get_path,False,ASSERTION_FAILURE,5baa9d6faa70f4c624a071f7279627adc568d64f6849a103916a46a1d548c5e8
ClassEval,CoreFlow-q224,43,ClassEval_90::get_query_params,False,RUNTIME_FAILURE,2aae2cdef4b24f4487168c38e7b0bead5aba69c9c43de44a3a15a57129cb1e2b
ClassEval,CoreFlow-q224,43,ClassEval_90::get_scheme,False,PARSE_FAILURE,0f7ffe90c3b5730c11d82d587ea7da489df8c1aa290de4ad13f3eec5d6729fcd
ClassEval,CoreFlow-q224,43,ClassEval_92::delete_user_by_username,False,ASSERTION_FAILURE,24c8aed10161f025b2d2a003083f2974d0ba95985cf2cdafed224366c8cc4451
ClassEval,CoreFlow-q224,43,ClassEval_92::insert_user,False,ASSERTION_FAILURE,122d188fab7cfe0aad065f22de8ce04b774d5d6113c17e9e5122c337fa7625e7
ClassEval,CoreFlow-q224,43,ClassEval_92::search_user_by_username,False,ASSERTION_FAILURE,a7727ee3632a333c33c6078d6aa98202fd35482b5c8264523782011248e14e01
ClassEval,CoreFlow-q224,43,ClassEval_92::validate_user_login,False,ASSERTION_FAILURE,20c8e15e24b034c03211534378b513bf2660498e98d1e8c623ea5409c6a1090b
ClassEval,LoRA-Flow,41,ClassEval_11::add,False,RUNTIME_FAILURE,16e297863a20f58da6ee35fd29284e6ed0ae7a338a6cefda3ba014b6edf013e3
ClassEval,LoRA-Flow,41,ClassEval_11::check,True,PASS,5317190b995356d4de6dab1056ac663232cb790ad0cbe505dfb03c4e45ea073a
ClassEval,LoRA-Flow,41,ClassEval_11::has,True,PASS,85e15a0e1d3f68b07a98fcfaa699b03f3dde9e347b08ba7aefdece681a290b60
ClassEval,LoRA-Flow,41,ClassEval_11::remove,False,RUNTIME_FAILURE,e3ef05098b0a6db402131488ba756ecffb61225447f9bda8dce7b50b7f2b9130
ClassEval,LoRA-Flow,41,ClassEval_12::calculate_hand_value,False,ASSERTION_FAILURE,3df833ac8da264f3175c715b837f4ea3ab4116b10c2046c1f2683731ee614a22
ClassEval,LoRA-Flow,41,ClassEval_12::check_winner,False,RUNTIME_FAILURE,e7681638ccb9b5045a2b3ac115549d9a3153383299cfbbf94b77a92460d94e50
ClassEval,LoRA-Flow,41,ClassEval_12::create_deck,False,ASSERTION_FAILURE,3dc29acaf64c4bcdb6cee1cf4a0ec55417c7c2f594e787654478d8a8ed609929
ClassEval,LoRA-Flow,41,ClassEval_14::add_book,False,PARSE_FAILURE,dc5b2347dcd43fdc51d0d3e4792c4d98c60f7ab4cac057fc9f22b8b5b41bf6f3
ClassEval,LoRA-Flow,41,ClassEval_14::borrow_book,False,RUNTIME_FAILURE,f0a10ec1239573d4d02c03fcd41313601187a5a8605d6f47ea875753b17aeeb1
ClassEval,LoRA-Flow,41,ClassEval_14::create_table,False,ASSERTION_FAILURE,43c6d32a25cfe983346cd220d696e45beaebaf574557c90bdb0b2447ff3af6fb
ClassEval,LoRA-Flow,41,ClassEval_14::remove_book,False,RUNTIME_FAILURE,5be7101be0e1922f9fb534784a1a2d4ea7290396914319c8afd59a5c12a01158
ClassEval,LoRA-Flow,41,ClassEval_14::return_book,False,RUNTIME_FAILURE,707144ec8d6ef6b82e6c175e3b16d84054eacdb33f37db81d21b9cf10e591858
ClassEval,LoRA-Flow,41,ClassEval_14::search_books,False,RUNTIME_FAILURE,4abe4cd28c1537598a632e96f7dc02202ad96991d6b52357c2b7edfea4b79716
ClassEval,LoRA-Flow,41,ClassEval_15::bad_character_heuristic,False,ASSERTION_FAILURE,b1f6a1261d530622f6a93eb549a2d6d0495bea12d52ca3e2ed3da9debbcae6c2
ClassEval,LoRA-Flow,41,ClassEval_15::match_in_pattern,False,RUNTIME_FAILURE,38c317cb4c7794c8fba8f8b91b2874e200fe9503b4b2fa5ccb2cc5fe7ade8aee
ClassEval,LoRA-Flow,41,ClassEval_15::mismatch_in_text,False,ASSERTION_FAILURE,88660b787133bb6173901db6a31ee67d4cf3886d0be41018bfed471f056ae616
ClassEval,LoRA-Flow,41,ClassEval_19::generate_primes,False,ASSERTION_FAILURE,9b5b6de22299ac65c0559a78dd915cb07928efe0b655b9eb66e1d87b9c78bb2c
ClassEval,LoRA-Flow,41,ClassEval_19::get_primes,False,ASSERTION_FAILURE,d78421a514a7d19f787e52afcf9ea43f10c22cd3a6b88560472f2a1908b9d00a
ClassEval,LoRA-Flow,41,ClassEval_1::calculate_annulus_area,False,ASSERTION_FAILURE,5617ec8d525e3a5a1f07b31ff894c3fcba222fb6caba90ee58a5ccf8f7d6d194
ClassEval,LoRA-Flow,41,ClassEval_1::calculate_circle_area,True,PASS,03908d4bc67e730730e7f1ec91a608862da0abf2ba934649d0a15f5711c12a96
ClassEval,LoRA-Flow,41,ClassEval_1::calculate_cylinder_area,False,ASSERTION_FAILURE,cc2eedf89d424567646e8b6d8e305bfd9d51242ab49b74e3ac096d08edfcb2aa
ClassEval,LoRA-Flow,41,ClassEval_1::calculate_sector_area,False,ASSERTION_FAILURE,decac791dfdf52cd8b27011b1754b696773310dc937e8e06e13e550aff7f13be
ClassEval,LoRA-Flow,41,ClassEval_1::calculate_sphere_area,False,ASSERTION_FAILURE,a253493a72fa78ca38b51c5e17c7864089554e9784f320c4ef05d23a43f9ecaf
ClassEval,LoRA-Flow,41,ClassEval_22::get_all_major,False,ASSERTION_FAILURE,68332cdb315543f0f21954d9f6635b6a332a09731c2191060a3ec20bdbfdd4ae
ClassEval,LoRA-Flow,41,ClassEval_22::get_most_popular_class_in_major,False,RUNTIME_FAILURE,42fcfacfe4d9c66e2ec6c4f3ea7cfed639eed68745191e45244bd8e4cba6873f
ClassEval,LoRA-Flow,41,ClassEval_22::get_students_by_major,True,PASS,d842f971f8191911f6d1e7fe3cc39a8b33eaf9b7f5ea97d7bfe5f62deba13ab1
ClassEval,LoRA-Flow,41,ClassEval_22::register_class,True,PASS,68eedb0064833a613767fc30d721c0a6570bf13d3205321cc2014d85badade2e
ClassEval,LoRA-Flow,41,ClassEval_22::register_student,False,RUNTIME_FAILURE,694306ebdf7f3a34106f345332528b5103739c7bfe1d5cf44fb3abf2828ec175
ClassEval,LoRA-Flow,41,ClassEval_27::add_currency_rate,True,PASS,f9ad1c4e191b71e1586552d1812570afacca167810c9592dfc85ed255ea04766
ClassEval,LoRA-Flow,41,ClassEval_27::convert,False,RUNTIME_FAILURE,6a336b2b76b8dd5f7baeb5c235875dfe66feb2818ebe40e80013d66d9c2a446d
ClassEval,LoRA-Flow,41,ClassEval_27::get_supported_currencies,False,ASSERTION_FAILURE,90b64159e0997d7f3242ea0ff68695241c8963fe4c35c0e10cd47bf5adec5d20
ClassEval,LoRA-Flow,41,ClassEval_27::update_currency_rate,True,PASS,984e771f59037e5d7b4067b9e012002b0bfcea2479003dcdc9205cec1b6a94f5
ClassEval,LoRA-Flow,41,ClassEval_29::mean,False,ASSERTION_FAILURE,a73b0719344b388e981d363d227230349207dd93a2875d0f26e48d76772fe01e
ClassEval,LoRA-Flow,41,ClassEval_29::median,True,PASS,55c9cb4a5106066df0f13eee04ef9c582b340e306fc85a5bd068ab38c85380d8
ClassEval,LoRA-Flow,41,ClassEval_29::mode,False,ASSERTION_FAILURE,fcc0ad8b9e1a170bc5b09ed2b85ffaa437bad31a7d8fb6f02d89c131c553d065
ClassEval,LoRA-Flow,41,ClassEval_2::_convert_type,False,RUNTIME_FAILURE,2d21aa5156af3b61dbbea1e908bc0e37235bbc1f91a4a40d7401e2727596dad5
ClassEval,LoRA-Flow,41,ClassEval_2::add_argument,False,RUNTIME_FAILURE,1526176f67df118583fb359cd5dc8e3ec2ad772c72e643e6bf801f33b3af03e1
ClassEval,LoRA-Flow,41,ClassEval_2::get_argument,True,PASS,a0c298ca5311d89e705d2c0c729119a78bc4a7e4327b62326a960f4304f49f3b
ClassEval,LoRA-Flow,41,ClassEval_2::parse_arguments,False,RUNTIME_FAILURE,abdface008c18223c09d454df4d8542659fbd876802d698ae6d3aec2b2d48a60
ClassEval,LoRA-Flow,41,ClassEval_30::get_correlation,False,RUNTIME_FAILURE,4cf9604780b3bf52bf712d63157abb836522beb438b68629534a7e36d72e7905
ClassEval,LoRA-Flow,41,ClassEval_30::get_max,True,PASS,036c42bab9b98974dac81bc70386f134af298858521c8ac26aeaa5a980ef5432
ClassEval,LoRA-Flow,41,ClassEval_30::get_min,True,PASS,b5617caf338f1858d4b77ca6733a8ddf9e52703243368626b9f7b5f04d8a7479
ClassEval,LoRA-Flow,41,ClassEval_30::get_std_deviation,False,ASSERTION_FAILURE,4b745ef0bb372aa333ce694011f498e25ead13673c111cc25ce906a5b82940c9
ClassEval,LoRA-Flow,41,ClassEval_30::get_sum,False,ASSERTION_FAILURE,12910021a1532ca04eaec3fb445378fb48a495c5eb25dd3736fd8c049fbd50ca
ClassEval,LoRA-Flow,41,ClassEval_30::get_variance,True,PASS,3b80a17a0cd84c9485ceb3d9df9527efe5f621df5f51d903b8d506d84aee4b54
ClassEval,LoRA-Flow,41,ClassEval_32::caesar_decipher,False,ASSERTION_FAILURE,029cb433109ceafd246610b5ca1e7adfebd649f15e0d05ec00629ac7b8631fbb
ClassEval,LoRA-Flow,41,ClassEval_32::rail_fence_decipher,False,ASSERTION_FAILURE,e82f24aa21f89d408f50d3273becf08464d0c4c81b5157fb78c868e076131e7c
ClassEval,LoRA-Flow,41,ClassEval_32::vigenere_decipher,False,ASSERTION_FAILURE,26d136ce5d9233005d64f6aa04debec0419bed03cc279525024c36c45a9bedc1
ClassEval,LoRA-Flow,41,ClassEval_33::BulkItemPromo,False,COMPILE_FAILURE:10,ceda21dfd71952dee61cedd6b86926bd02976467fbcb444303d70290ef98b9fc
ClassEval,LoRA-Flow,41,ClassEval_33::FidelityPromo,False,CLASS_COMPILE_FAILURE:46,01bfb68b35f76eb059d49663cd73da20665e5f6fa473bc4af0b5b38bf1a044f0
ClassEval,LoRA-Flow,41,ClassEval_33::LargeOrderPromo,False,CLASS_COMPILE_FAILURE:46,98cd5f916577dbe57dd931276625023605da221c6a7af6a314c78f632e24549c
ClassEval,LoRA-Flow,41,ClassEval_33::due,False,COMPILE_FAILURE:12,46ac94f315f495a6894ca61648e7dc2338a8652b341e709dec1e1d2ade2c78eb
ClassEval,LoRA-Flow,41,ClassEval_33::total,False,CLASS_COMPILE_FAILURE:46,6481fff424fc6caaf4337eb704b080d4484902f1cbdea7a65111aa642c89c37d
ClassEval,LoRA-Flow,41,ClassEval_35::find_blank,False,ASSERTION_FAILURE,faa30848c5b60dfcfb3afbd68ddb83f9fa077a7d074ca611277c0ed4726d379c
ClassEval,LoRA-Flow,41,ClassEval_35::get_possible_moves,False,ASSERTION_FAILURE,a18a9eb38d0bccbbf096edd22fc41ea451b544aedf8c6280eea05365b1f9d9dd
ClassEval,LoRA-Flow,41,ClassEval_35::move,False,RUNTIME_FAILURE,8abbc868af4268df042328dbb0fcc78e3ff471a90ae5d046cc20950991b3f16d
ClassEval,LoRA-Flow,41,ClassEval_35::solve,False,ASSERTION_FAILURE,e94fad8dccb570be5e55abafe3fdd2756dfa2a3326d163bc16b8f8baef453d8f
ClassEval,LoRA-Flow,41,ClassEval_37::caesar_cipher,False,ASSERTION_FAILURE,3efdafcf2a5dbe85557a32c62171c304b7d2a032c92b9edfffe7b68ded497bb2
ClassEval,LoRA-Flow,41,ClassEval_37::rail_fence_cipher,False,RUNTIME_FAILURE,fcbfbf11f655c2c5dfc3d7f1ee0ab3336793cebfad612fe06acd5a68215c8ad3
ClassEval,LoRA-Flow,41,ClassEval_37::vigenere_cipher,False,ASSERTION_FAILURE,9bde69a65338dc95385e8251a9897818cc6c66befb5a984cb3020ba8e3aa7773
ClassEval,LoRA-Flow,41,ClassEval_39::_calculate,False,PARSE_FAILURE,e392f3f7188cb1ecf4684ea87e6c66e137870ace87eff168eb6c936b03ab1a49
ClassEval,LoRA-Flow,41,ClassEval_39::calculate,False,RUNTIME_FAILURE,9596137aca025aa46a2d1a84ec3021dfa7744edcc59065c7c7207eaa980af05a
ClassEval,LoRA-Flow,41,ClassEval_39::compare,False,ASSERTION_FAILURE,cbc04e7e207306af24ddb5edb0b8703627ef43ea254a4574426f72770568781e
ClassEval,LoRA-Flow,41,ClassEval_39::is_operator,True,PASS,0fe922146c228d9b9ee66352da6d5fb162ef5674ef880667802048b262149068
ClassEval,LoRA-Flow,41,ClassEval_39::prepare,False,ASSERTION_FAILURE,4c846c51d781f68762e954f503ad7e2aea59182101f914f97fe25b61fec13bd8
ClassEval,LoRA-Flow,41,ClassEval_39::transform,False,RUNTIME_FAILURE,7cd8a72413f94806fae07db45ea8055b969fe151471052bd9f6a5d2d34369232
ClassEval,LoRA-Flow,41,ClassEval_3::count,False,CLASS_COMPILE_FAILURE:122,5139dfa110636727db85a7c1c3326e44be1c467dc35148833b8ba31760f1cedd
ClassEval,LoRA-Flow,41,ClassEval_3::count_all,False,COMPILE_FAILURE:102,ce716fa047db50a1ce1b13fe01c2876f6e512e2fbde6f78478576e0a54a87062
ClassEval,LoRA-Flow,41,ClassEval_3::factorial,False,CLASS_COMPILE_FAILURE:122,49debcbdee453b45d135a22540d3e0f6ad3b80dd7070c1fc5cfd200e257af907
ClassEval,LoRA-Flow,41,ClassEval_3::select,False,CLASS_COMPILE_FAILURE:122,071839bbaee9fdc80caceb1805482510ce5dbb587c580acf4b59db12842bb789
ClassEval,LoRA-Flow,41,ClassEval_3::select_all,False,CLASS_COMPILE_FAILURE:122,5204aee64071a474b6bda400126116259670c9b6a14516b953c43d08054cb09d
ClassEval,LoRA-Flow,41,ClassEval_41::_check_five_in_a_row,False,ASSERTION_FAILURE,8c72f88d1a3a2a84b03c752e40e09863b978a5bf7e18ae40bede7300d7d54542
ClassEval,LoRA-Flow,41,ClassEval_41::check_winner,False,ASSERTION_FAILURE,c04ad495382955dd0acc9f06f05c8f488f1490ce71a2a46e80cc0449e07c6e10
ClassEval,LoRA-Flow,41,ClassEval_41::make_move,True,PASS,964b7e04da6f95832558138d0cdb31e4a987441c74a987b869570b754232b84d
ClassEval,LoRA-Flow,41,ClassEval_42::book_room,False,RUNTIME_FAILURE,ddc39bfbc3ecfad2249a38333ce91c8a30499603fc836d3870aad9d1681aa56b
ClassEval,LoRA-Flow,41,ClassEval_42::check_in,False,ASSERTION_FAILURE,efadc7d537e23a4054ed5b633864649d2a6cfb8193fdb45f1b81a5a1475af398
ClassEval,LoRA-Flow,41,ClassEval_42::check_out,False,RUNTIME_FAILURE,afea5fd5edf5c1ec71c7b1a70ec3dfd87e81916197418d23fc1ae1acd12ba40e
ClassEval,LoRA-Flow,41,ClassEval_42::get_available_rooms,False,RUNTIME_FAILURE,ed51a910d3acf71c85e4366f7d9d312bd2f80620a38e6f130363b67c02b039d5
ClassEval,LoRA-Flow,41,ClassEval_43::add_employee,True,PASS,34bb1233edb5fdf418ad6b3360a6258b4fbc5ceceefa7bf832b62192e997dc10
ClassEval,LoRA-Flow,41,ClassEval_43::get_employee,True,PASS,a09dd1e386f880475b9bd354dbd60c64c5cc1e009ebcd502707fad68969d2da5
ClassEval,LoRA-Flow,41,ClassEval_43::list_employees,False,ASSERTION_FAILURE,663c90141d07a5cbf092a0deee6d5fc4706d1a41c0d706298a860e7d0b082cda
ClassEval,LoRA-Flow,41,ClassEval_43::remove_employee,True,PASS,4c5fbabe48e1a17bf11a68f28a172000a620c6d08e31f2920dabee69e4d6c890
ClassEval,LoRA-Flow,41,ClassEval_43::update_employee,False,ASSERTION_FAILURE,5f096c295af77b9c9a2ce1388b668b859cc73ed8365835346a1eeebc4b48ddb4
ClassEval,LoRA-Flow,41,ClassEval_46::interpolate_1d,False,ASSERTION_FAILURE,743445540ece36321a493e47ae146d3a5105f492803442ee995953fe9eb25970
ClassEval,LoRA-Flow,41,ClassEval_46::interpolate_2d,False,RUNTIME_FAILURE,446282dfad3b54febb6109e6ca94d6a08e3b887844b67e2993798cd483929f4b
ClassEval,LoRA-Flow,41,ClassEval_47::get_binary,False,ASSERTION_FAILURE,a8732adc58b1816046fcb2b49191297b991cc9769e0c8645a6ead284074311ef
ClassEval,LoRA-Flow,41,ClassEval_47::get_octets,False,ASSERTION_FAILURE,fbd27dba495f988c810e7bf608041d63bb18910018f5cba4ba0952f98dc44c2c
ClassEval,LoRA-Flow,41,ClassEval_47::is_valid,False,ASSERTION_FAILURE,425fb53d4cffe679024c294feacad8eed61225584fa63e2530adcd7ae1764ddc
ClassEval,LoRA-Flow,41,ClassEval_53::add_word,True,PASS,f906232c805568e9ca5856d62af8d2bcbe6685f7c2023176c5ecd1142a24bfc9
ClassEval,LoRA-Flow,41,ClassEval_53::find_longest_word,False,ASSERTION_FAILURE,aeea0576c3013d3bf451081d149ab0cf30dc6b985347ca467ac735963ccd630f
ClassEval,LoRA-Flow,41,ClassEval_54::create_board,True,PASS,c12fa45cf4c80fb8c993aef79ba967acfe41d4c36ad8fabbf4efeb534516a2e7
ClassEval,LoRA-Flow,41,ClassEval_54::has_path,False,ASSERTION_FAILURE,805d4ad4ab33d6f2c2279e1e3675a03c25227352caaf8480dc9412eb250fe162
ClassEval,LoRA-Flow,41,ClassEval_54::is_game_over,False,ASSERTION_FAILURE,811ce13dec6f31cbcc37665a3c7b74fbce61d94a05f75305e659b72698b8e405
ClassEval,LoRA-Flow,41,ClassEval_54::is_valid_move,False,RUNTIME_FAILURE,1f260d5987cb78aeee616b08c9c1cf7ba1a7ed6701ed18ac640d9cf44308e7ba
ClassEval,LoRA-Flow,41,ClassEval_54::remove_icons,False,ASSERTION_FAILURE,a831dafc4319d7614fb091e3b2c738342f6118bb8eaaa979f593309d20a0c085
ClassEval,LoRA-Flow,41,ClassEval_55::palindromic_length,False,RUNTIME_FAILURE,17cecb6c0d7c7405956ea136f5274afceb76ac643621417e1ee725dbd31b8062
ClassEval,LoRA-Flow,41,ClassEval_55::palindromic_string,False,RUNTIME_FAILURE,9d9d0c3b059c60cbc416c19a67ba6a08c817dc44c8523afac8013bb411f7eaf5
ClassEval,LoRA-Flow,41,ClassEval_56::accuracy,False,ASSERTION_FAILURE,9c37d76f47aa673868f5c042aebc215bf92ae307f3dec6ace67bb8ad6d298f28
ClassEval,LoRA-Flow,41,ClassEval_56::f1_score,False,RUNTIME_FAILURE,e9c550e9b31854310f6923d365e19fadd0e7ebd349df4c4c5bf0234432cf3835
ClassEval,LoRA-Flow,41,ClassEval_56::precision,False,ASSERTION_FAILURE,fad9ad8e0e692de7f18d493c9128c1a0b7b28e46860a0018c33d16c9fc1c903d
ClassEval,LoRA-Flow,41,ClassEval_56::recall,False,ASSERTION_FAILURE,f54ab9307be8c52448f3d0e26b42410879c43b6c2c35bac86c7e68f3a05938fd
ClassEval,LoRA-Flow,41,ClassEval_56::update,False,ASSERTION_FAILURE,926845f966108857e0c38a99cbd0fa0a135cc48b39ab35030b275a40dd7a1b14
ClassEval,LoRA-Flow,41,ClassEval_57::map,False,RUNTIME_FAILURE,0fe36c6598ee3259d7102325e9d5eee15a671ac2dd53169aafe42bf3e6f6a2f1
ClassEval,LoRA-Flow,41,ClassEval_57::mrr,False,RUNTIME_FAILURE,6b9c135e17c4666b5ef6824620d450c11bb67a8220ae47c9fd05de3845d91377
ClassEval,LoRA-Flow,41,ClassEval_58::check_won,False,CLASS_COMPILE_FAILURE:25,f7009c72ffd15346a825fd19e206ef5ff99178d0f6ddbb7570f929bd64283e28
ClassEval,LoRA-Flow,41,ClassEval_58::generate_mine_sweeper_map,False,COMPILE_FAILURE:9,0f4b270c855b0f3645a86e2010381f1caf772ad708b1a4ee09d722d891e90d46
ClassEval,LoRA-Flow,41,ClassEval_58::generate_playerMap,False,CLASS_COMPILE_FAILURE:25,7668c48f0a38bdd77b26e07abe6ab30660f0d9c1b897709a132b93a22efeb446
ClassEval,LoRA-Flow,41,ClassEval_58::sweep,False,CLASS_COMPILE_FAILURE:25,9a6c50dfc498761e23c71cfda80b51b8fbdd99bb160956865f444151f8a8de8b
ClassEval,LoRA-Flow,41,ClassEval_59::add_movie,False,ASSERTION_FAILURE,46aa272e1b63f8413dc811352ee5e1abf46c2db099a6a05eb4e019077ac60aa2
ClassEval,LoRA-Flow,41,ClassEval_59::available_movies,False,ASSERTION_FAILURE,c2de72bb5ea4a0d3d7a777ee9f464f7890b725a4488ce0d8c632b803d54816f2
ClassEval,LoRA-Flow,41,ClassEval_59::book_ticket,False,ASSERTION_FAILURE,69e030f9abf4dd8b5a0f00c36846aa319418beefa112f8bdb2a68fba17b2190c
ClassEval,LoRA-Flow,41,ClassEval_61::add_song,True,PASS,29007c6fd2e9c7e2310e83c71ec6417682905c6c1d9ad448d1edb71f0fde666c
ClassEval,LoRA-Flow,41,ClassEval_61::play,False,RUNTIME_FAILURE,4b73ebc59176148e6dd4207248b571f2eadacdca0dc8ab65afc94d532fc73182
ClassEval,LoRA-Flow,41,ClassEval_61::previous_song,False,ASSERTION_FAILURE,2905eeda2f1f087c5e92f29f2bd3696be8cdb62828186d9790f3fad41f0951fb
ClassEval,LoRA-Flow,41,ClassEval_61::remove_song,False,RUNTIME_FAILURE,c9c0705173f500da99c2476782d60fdc2ecfd932464a0009e02b4e8958075a3c
ClassEval,LoRA-Flow,41,ClassEval_61::set_volume,False,ASSERTION_FAILURE,689ed2e7022ecc91ff518a543f37e5b982948c4b1c5fdb610c8f09533a655399
ClassEval,LoRA-Flow,41,ClassEval_61::shuffle,True,PASS,7f61560e869fc79f30e40ba33f40d9eff1b8b344680400a9d20a8a42030af54c
ClassEval,LoRA-Flow,41,ClassEval_61::stop,True,PASS,eb34a757e2bd2083dfb028f405093660826fd45b45bf3a2a1c0e3905752ffdc6
ClassEval,LoRA-Flow,41,ClassEval_61::switch_song,False,ASSERTION_FAILURE,a619f6aad57456943c7586ada9894370f8d6530aabb3a9287de997f8798919d0
ClassEval,LoRA-Flow,41,ClassEval_64::binary_to_decimal,True,PASS,a00a938070fbd5329967c8181e4dbb38e7eb22ff28faf23357c00bff597f9262
ClassEval,LoRA-Flow,41,ClassEval_64::decimal_to_binary,False,ASSERTION_FAILURE,3e121e085f2c236de849313a2c9145f73b4ca39454ce3f131aa93dba6a3414b8
ClassEval,LoRA-Flow,41,ClassEval_64::decimal_to_hex,False,ASSERTION_FAILURE,c34b2352ae2e45a06472e47089f1f669f9603da070166981b7bd1ad6e8c04933
ClassEval,LoRA-Flow,41,ClassEval_64::decimal_to_octal,True,PASS,f251977cc3a9b1b9ebf16687a4f7a934e78a6f2bfe705e3cd7c54855f9743f51
ClassEval,LoRA-Flow,41,ClassEval_64::hex_to_decimal,False,ASSERTION_FAILURE,df2851da5ddc855a8169f7a6d2d970d3fbb837ff2a1106016696031b86e499be
ClassEval,LoRA-Flow,41,ClassEval_64::octal_to_decimal,True,PASS,a3d665711e23ab7ac41a5f50a3bf5856ecaee1799ed06ac8b5cf41ba295f8ec8
ClassEval,LoRA-Flow,41,ClassEval_65::format,False,RUNTIME_FAILURE,e5dce2716b7fa84028e8bb0e907516b2df14b422a536700321e40661731f59a4
ClassEval,LoRA-Flow,41,ClassEval_65::format_string,False,ASSERTION_FAILURE,010e53ce2c1305de8c3dd1508eaada69e77bc54f7c92ca5cc5caf17fea9cb58d
ClassEval,LoRA-Flow,41,ClassEval_65::parse_more,False,ASSERTION_FAILURE,f2dd6e4a23649956b9924d25cdf855e459b3b5a3754b92948aa9072ba44ba7ad
ClassEval,LoRA-Flow,41,ClassEval_65::trans_three,False,ASSERTION_FAILURE,3185cc5686646d559c9ceced8ed2281137ef2017075c499f3e19383493971718
ClassEval,LoRA-Flow,41,ClassEval_65::trans_two,False,ASSERTION_FAILURE,c381911cbafdae0e3ba247ee7282d7d21407b7e7ab9c4b3fe75c902527c1e44f
ClassEval,LoRA-Flow,41,ClassEval_68::get_page,False,RUNTIME_FAILURE,9bd3b924ad7e8ce94cb61304d5144f712dd6780c8fed20e642cad8f0818423a9
ClassEval,LoRA-Flow,41,ClassEval_68::get_page_info,False,ASSERTION_FAILURE,cd246d76cd69f9656728f5d949f6364197bbf3703492f1b5ba8776efe46b4f3f
ClassEval,LoRA-Flow,41,ClassEval_68::search,False,ASSERTION_FAILURE,f2b62e981b9595c71008aa9bd516be4f28086c6bf9f2eb69746d9671c4002b59
ClassEval,LoRA-Flow,41,ClassEval_70::_validate_name,True,PASS,2ed302a05e60ea9031223bd27aac20f0092423f2b2ca2baae2586e87b3848e65
ClassEval,LoRA-Flow,41,ClassEval_70::_validate_phoneNumber,True,PASS,ee435b4f4a1b6fbe605e78240175eace20e084507ce5d0fba43ab5bbeb9f7a94
ClassEval,LoRA-Flow,41,ClassEval_70::_validate_sex,False,ASSERTION_FAILURE,aaf55f1eae971a5c586bf3d87ca7596fd0b8dafc8b87663a188c0383b23fefe3
ClassEval,LoRA-Flow,41,ClassEval_71::check_win,False,RUNTIME_FAILURE,e46eb02574dded03bdf858e08c37493ebad7d009196d207816fdd57753e88047
ClassEval,LoRA-Flow,41,ClassEval_71::init_game,False,RUNTIME_FAILURE,726cfbf0752b4c63a0ed580f71154925bdaa31dd539f3063a4c620ca834b3b67
ClassEval,LoRA-Flow,41,ClassEval_71::move,False,RUNTIME_FAILURE,49a348ac61fc51a36c333abb85e7debc9f64b6171c48761d026eebae9b4d9f7e
ClassEval,LoRA-Flow,41,ClassEval_73::attack,True,PASS,69fb25defe59864821612d2a98e2c39c081e20fc58ded0ecfa3ff9a96472ffd6
ClassEval,LoRA-Flow,41,ClassEval_73::gain_exp,False,ASSERTION_FAILURE,ba1b0ba42220a7274ecd7bcc2d72c557877e03b2712cbc23c08c3e8b5bf5c2df
ClassEval,LoRA-Flow,41,ClassEval_73::heal,True,PASS,338989b002c1cca25b47a2d6b4a6aaa39c107a4d787467d6ab4319f3b1d401ca
ClassEval,LoRA-Flow,41,ClassEval_73::is_alive,True,PASS,f0ce94a48663e2bc940666ef1dcf0e653d3613dda831abb30e198ff2965d5a20
ClassEval,LoRA-Flow,41,ClassEval_73::level_up,False,ASSERTION_FAILURE,d1457443c81e95cd597e7932baf9417c090875f794de0c1d8c09dc072eaa724a
ClassEval,LoRA-Flow,41,ClassEval_75::add_item,True,PASS,3570c85364ca7f19242735eb78a0d9822ecb8cc298fb96e2014b2ff51a32c116
ClassEval,LoRA-Flow,41,ClassEval_75::remove_item,True,PASS,d0ac465d9a05a1400a747b13f4ee4f189108c8b57327fec4b1ebd7b364754c32
ClassEval,LoRA-Flow,41,ClassEval_75::total_price,True,PASS,e52f259f0fcc3ca000042100f3cd48d22eb2af70c4449d840615e5ce9a47038c
ClassEval,LoRA-Flow,41,ClassEval_75::view_items,True,PASS,8ffa22c04cc85102016fe1e6874ec75c402ca25745e1b1b837a51a00c98f3db7
ClassEval,LoRA-Flow,41,ClassEval_76::add_user,True,PASS,368b34d18a024417c8558b7fd52ae05034e8be8d83ee3b82f14a6afe2ef9ad64
ClassEval,LoRA-Flow,41,ClassEval_76::all_not_signed_in,False,ASSERTION_FAILURE,4b0809fc18cfa867d96cdd8d1466743d72ef68052006a3fd6be7e0d5620c5ae1
ClassEval,LoRA-Flow,41,ClassEval_76::all_signed_in,False,ASSERTION_FAILURE,28bc41cd505689f5693fd6699e38cbcd9e36464bd1b6d8437d017c907b0f1413
ClassEval,LoRA-Flow,41,ClassEval_76::check_sign_in,False,ASSERTION_FAILURE,91172c5d1dd33d079060bf0e809442c4ed974ed16f0750bc4f88c03b59f8ced2
ClassEval,LoRA-Flow,41,ClassEval_76::sign_in,True,PASS,022f887b30f61df889cde269eed4d2090e980e82bf3bded7bd15fece791d5926
ClassEval,LoRA-Flow,41,ClassEval_79::delete,False,ASSERTION_FAILURE,bc219bf0612535908a7b28dd1de98728abdf55802a66a84532c0d6782845934a
ClassEval,LoRA-Flow,41,ClassEval_79::insert,False,ASSERTION_FAILURE,14b555f5a25ec8167a14f9af898930320ec52fb93d1ba15af10271f146cfa901
ClassEval,LoRA-Flow,41,ClassEval_79::select,False,ASSERTION_FAILURE,69ac217383362e742a70347a38fe9a9b298d1ff219e5350bb42ccac5a516fa67
ClassEval,LoRA-Flow,41,ClassEval_79::select_by_age_range,True,PASS,02ba2173c6146b3e96a73b2784f707dcf145f55181166d463410702db7e2b908
ClassEval,LoRA-Flow,41,ClassEval_79::select_female_under_age,True,PASS,e152ca4df06a785b8f31e97e99a7ba7b1515c5f50e5d2e1c48e688c9cc1944be
ClassEval,LoRA-Flow,41,ClassEval_79::update,False,RUNTIME_FAILURE,1e2c02ee8574e0eb21a08c1f2917b6ee2fbac778ea1163ef3216067ed9f75d7f
ClassEval,LoRA-Flow,41,ClassEval_7::check_balanced_brackets,False,ASSERTION_FAILURE,2883eb409dbabc00ddaf8f12a7a8658a39922acda2e9c8087ffe685f9a6d7e16
ClassEval,LoRA-Flow,41,ClassEval_7::clear_expr,True,PASS,57d719943f5380677243472e34828034b94cbb3a5217117b67dcd6e244a3e290
ClassEval,LoRA-Flow,41,ClassEval_81::correlation,False,RUNTIME_FAILURE,35789a7e4971fef156cb51da99b10fbdab07104c7920bdd648b1263eb96006b6
ClassEval,LoRA-Flow,41,ClassEval_81::correlation_matrix,False,ASSERTION_FAILURE,c1920d42487e9a74c355ef81b21d6e0e04eef72e889f473b6ad550c1c33a458a
ClassEval,LoRA-Flow,41,ClassEval_81::mean,False,RUNTIME_FAILURE,db20bf8ce1bd2378ed3c1c970b65b91223e4b64505cddf3da87a3d5060c8c8bb
ClassEval,LoRA-Flow,41,ClassEval_81::median,True,PASS,091426db892b7dc307b4d9773fd8ad6ea837b3b729985889c0447080471444d6
ClassEval,LoRA-Flow,41,ClassEval_81::mode,False,ASSERTION_FAILURE,3a73bcc97ae99847ef02e36de46fa08007e92a62b807a7e54e133fee6e1dae02
ClassEval,LoRA-Flow,41,ClassEval_81::standard_deviation,False,RUNTIME_FAILURE,6ea4efcebeec3b69068236fd90ea76c1590c0e2bd3106a14ee790cbb4a404f4a
ClassEval,LoRA-Flow,41,ClassEval_81::z_score,False,RUNTIME_FAILURE,96a9dd11abd6e40875ab850c358ee3431c636ef7c78ffcc2dfe4fb7aab2193ba
ClassEval,LoRA-Flow,41,ClassEval_82::add_stock,False,ASSERTION_FAILURE,84c59629ade0e48035f6e023b006cee549200dcf4fdfbedd1f6f1ecb42d732f1
ClassEval,LoRA-Flow,41,ClassEval_82::buy_stock,False,ASSERTION_FAILURE,4fd3525898d898f72275cd2da0a1a08145ca039a408d8e90cde7ba486c67bea7
ClassEval,LoRA-Flow,41,ClassEval_82::calculate_portfolio_value,False,ASSERTION_FAILURE,b99b4be4f2a8c30c66fac6f25a5bd86fa9a4667461a583ca8de1a35f72c77555
ClassEval,LoRA-Flow,41,ClassEval_82::get_portfolio_summary,False,ASSERTION_FAILURE,7da8938244513775083f77f9a47434659b4b76965976642844e7592a64bd6e9f
ClassEval,LoRA-Flow,41,ClassEval_82::get_stock_value,True,PASS,914590fb0b5f8411bb0abf77e54c3167516749a88a2eb74573de92e06cdf1748
ClassEval,LoRA-Flow,41,ClassEval_82::remove_stock,False,ASSERTION_FAILURE,edc2abeaeb3fd510135ab6e284d43d09e9deee7bc41d206a62a024164cec7b15
ClassEval,LoRA-Flow,41,ClassEval_82::sell_stock,False,RUNTIME_FAILURE,de0e9e62d12c4b7764f8e3df01c27817f0afb6e05ff04e2e64420f34613c3b6f
ClassEval,LoRA-Flow,41,ClassEval_84::process_file,False,RUNTIME_FAILURE,8a64b0febad01b8df2d8b0ed3d55375249cdfdeb43e5c4a1844ee03f7011d2e2
ClassEval,LoRA-Flow,41,ClassEval_84::read_file,True,PASS,a3afb0f004482a02d9c3ad1aaf527bac8540a3f09ad8004f5d5241c8d675b6ce
ClassEval,LoRA-Flow,41,ClassEval_84::read_file_as_json,True,PASS,a2cbbc0f7358490e1214536c8c5141e22d2084f51efa86d68ecb26f5c4ca425f
ClassEval,LoRA-Flow,41,ClassEval_84::write_file,True,PASS,0ee39411eeb09450d43818f25bb2e55cf3d2201523b2c4ce3b22c878ee0bc8ac
ClassEval,LoRA-Flow,41,ClassEval_85::auto_check_conflict,False,ASSERTION_FAILURE,68dd420864ed793431654be5c0d24e32aefa045c2ae503db7f96aa90e5f1e633
ClassEval,LoRA-Flow,41,ClassEval_85::auto_set_mode,False,ASSERTION_FAILURE,fff74bd6c8b95e66a6f03fb8140df5c140419bbe7109b510f7eb3cf932575a21
ClassEval,LoRA-Flow,41,ClassEval_85::get_mode,True,PASS,bad4163008452271195da7e08cf7e21b562c229186e30179488bfcd13eb4f985
ClassEval,LoRA-Flow,41,ClassEval_85::get_target_temperature,True,PASS,d242f4813d72669879c6e0e970c5bb05ac705aa57a349fba73a11b2c5a1677ba
ClassEval,LoRA-Flow,41,ClassEval_85::set_mode,True,PASS,dd2ad1ed74f3f60f673ee999b4566c64a0365ff2a34692975702eca5bf613a77
ClassEval,LoRA-Flow,41,ClassEval_85::set_target_temperature,True,PASS,1f5a0c12174e3a40fb1068fab90e368bbb6872791f9e188ed4088eedae123a43
ClassEval,LoRA-Flow,41,ClassEval_85::simulate_operation,False,ASSERTION_FAILURE,4b7f12fc9e4fc565eeedcc0fc7bb1cd9ace3f3306c15cbd49c33965c96554159
ClassEval,LoRA-Flow,41,ClassEval_86::check_winner,False,ASSERTION_FAILURE,2dd6c87ad539513ee27acadd62740f2754b975e0dcfbd097c4f339d45c1dd8c3
ClassEval,LoRA-Flow,41,ClassEval_86::is_board_full,False,ASSERTION_FAILURE,d36516b11b2c236a349b04f64dfb810f4ce124e3f187828648531a007e2b9633
ClassEval,LoRA-Flow,41,ClassEval_86::make_move,False,ASSERTION_FAILURE,7f6f3db6d16c90f0c787665c3a4eeee45048a96c23be01c7607771c3adbd1039
ClassEval,LoRA-Flow,41,ClassEval_8::deposit,True,PASS,38631022e158f8d45d45f2e4cac5a13d787594ca3dd9ac13b4c96d609fc24d4d
ClassEval,LoRA-Flow,41,ClassEval_8::transfer,False,ASSERTION_FAILURE,412fa9254d284ea717f66e50f4c7dc61c37a72859de03c4ff4fb84d962daf2e9
ClassEval,LoRA-Flow,41,ClassEval_8::view_balance,True,PASS,d8c554b1b37eed59f1cda8adb134685196898b68ac0fbbdb8e481b92f82ad054
ClassEval,LoRA-Flow,41,ClassEval_8::withdraw,True,PASS,74b934ab42961f508ac60aef32cda931aa44c00c07b0302417406fa2d5e24955
ClassEval,LoRA-Flow,41,ClassEval_90::get_fragment,False,RUNTIME_FAILURE,8f30bc92e24ae6b15e89e5841510440846f4726739ba22629a652618018c9886
ClassEval,LoRA-Flow,41,ClassEval_90::get_host,False,ASSERTION_FAILURE,8073e6353828ae7cb0ea9fdf27538313f778927c2b3ede8f6f3d8a69d3c07ef1
ClassEval,LoRA-Flow,41,ClassEval_90::get_path,False,ASSERTION_FAILURE,5baa9d6faa70f4c624a071f7279627adc568d64f6849a103916a46a1d548c5e8
ClassEval,LoRA-Flow,41,ClassEval_90::get_query_params,False,ASSERTION_FAILURE,3ead1109332de37a60ea70f7634f66cb2cd0c3d864a8dd57f09582851a2b48cf
ClassEval,LoRA-Flow,41,ClassEval_90::get_scheme,False,RUNTIME_FAILURE,078a3155a673345acd7b4a0e662adddbb375efd0d8cfc9af7b3318f9669ce5ca
ClassEval,LoRA-Flow,41,ClassEval_92::delete_user_by_username,False,ASSERTION_FAILURE,32b2997ef7f3f70d98724548940be87b2e12b77b22949a3481e059f1955b2d55
ClassEval,LoRA-Flow,41,ClassEval_92::insert_user,False,ASSERTION_FAILURE,2fe4db2b7a7d96235c2853a5e66a2573996c6ef934fcf1ac30303b38a3d82c91
ClassEval,LoRA-Flow,41,ClassEval_92::search_user_by_username,False,ASSERTION_FAILURE,3f7a02a520c138466b49a69acb5c102e687697d226d189635f44d05a0c3c3634
ClassEval,LoRA-Flow,41,ClassEval_92::validate_user_login,False,ASSERTION_FAILURE,536e5264f5cda017b4c6ddbf8bb403f4b58ec7944a49cab5085cc07869db1bfd
ClassEval,LoRA-Flow,42,ClassEval_11::add,False,RUNTIME_FAILURE,b4aa17803de45625014ba08126a8a57156450d5e87189c97f8f123c68544c4b1
ClassEval,LoRA-Flow,42,ClassEval_11::check,False,RUNTIME_FAILURE,cd52744780360b80f134868da44a60fe0c69cfb80ddf6c32841102f0cb2a5c2d
ClassEval,LoRA-Flow,42,ClassEval_11::has,True,PASS,bc9545a875304559e3dc71824a048d55b777539632e9b05c8aa69d239301830c
ClassEval,LoRA-Flow,42,ClassEval_11::remove,False,RUNTIME_FAILURE,9c06d0ade43d9d04caf61975989cc5b56b4ec99f6b500f2298b9ab9997b5c5c9
ClassEval,LoRA-Flow,42,ClassEval_12::calculate_hand_value,False,ASSERTION_FAILURE,162c971cad8fff3a9d84078dec3bcbc6337c03979b64f81104d95e6aaf6e8b4c
ClassEval,LoRA-Flow,42,ClassEval_12::check_winner,False,RUNTIME_FAILURE,e3995cb8f990d553a3901e5f28e06582894854415e85a5afb35c90b83f2f0bd7
ClassEval,LoRA-Flow,42,ClassEval_12::create_deck,False,ASSERTION_FAILURE,4cb9d0a280fa77481151223b8f1cf4681de9752ff461170bfbb18cb5c765050b
ClassEval,LoRA-Flow,42,ClassEval_14::add_book,False,RUNTIME_FAILURE,dfca82a96e8bebbdca1eab420685ab1ef8bd5898db452a0f980097188233bf3b
ClassEval,LoRA-Flow,42,ClassEval_14::borrow_book,False,RUNTIME_FAILURE,61a6e21feff21016214e0224034f2af89c37c237b7a82e16e629eed2bd7a6f33
ClassEval,LoRA-Flow,42,ClassEval_14::create_table,False,ASSERTION_FAILURE,b5bf8711ac27c7aaddfc13e7c1d12c767940123065667f66f31eea1987d01769
ClassEval,LoRA-Flow,42,ClassEval_14::remove_book,False,RUNTIME_FAILURE,22ade8194089b9cab1d7a5de2a1f35ffbd639fbc87642e92c3b684093f1205df
ClassEval,LoRA-Flow,42,ClassEval_14::return_book,False,RUNTIME_FAILURE,3034ffcd54757eda265bbdd1ab325ef98c21651d43d096b31dae26676b8abbd2
ClassEval,LoRA-Flow,42,ClassEval_14::search_books,False,RUNTIME_FAILURE,303938d0c8bf44e1b3720af1dfb0e22c8c498b1bf0f4103cba3bf87e2b8db3b5
ClassEval,LoRA-Flow,42,ClassEval_15::bad_character_heuristic,False,ASSERTION_FAILURE,8ab33df975fa736ef8e0d3834f060637e0be93ecf7b790f3782776d397732271
ClassEval,LoRA-Flow,42,ClassEval_15::match_in_pattern,False,RUNTIME_FAILURE,8ae7bc67c5abd6cd6670f71effb14e4c0c79ee51c618ae4f3c305ef9ceeb7a62
ClassEval,LoRA-Flow,42,ClassEval_15::mismatch_in_text,False,ASSERTION_FAILURE,fc0150e1584c77bc8991a172b48178cbf263c42a46818376ada0bad342a525c6
ClassEval,LoRA-Flow,42,ClassEval_19::generate_primes,False,ASSERTION_FAILURE,034ca56d6aa3c61a198eda7dc3ec5780451b874f460bf8842f57fb841ba4130d
ClassEval,LoRA-Flow,42,ClassEval_19::get_primes,False,ASSERTION_FAILURE,7ea6e24b7b8b37331d090ff6eb6203bc6843509c66bc78656eac3b07b512ef89
ClassEval,LoRA-Flow,42,ClassEval_1::calculate_annulus_area,False,RUNTIME_FAILURE,4fb1d44e383870d16d39b23c20118d4d87d5f84c125acb3533f4dcc4d06ed7a8
ClassEval,LoRA-Flow,42,ClassEval_1::calculate_circle_area,True,PASS,e1c09103fd87de13100f0d9ebb457b677a846158c9732d718ddc934fe96e57fd
ClassEval,LoRA-Flow,42,ClassEval_1::calculate_cylinder_area,False,ASSERTION_FAILURE,a9d2afd1ba161077d94338b11ad194b9102b8a860426efe88e41a5e1a985f813
ClassEval,LoRA-Flow,42,ClassEval_1::calculate_sector_area,False,ASSERTION_FAILURE,264f6fa3d51c54e1a13c1b59eabbd7d1d7d7712695fe0b1a01e7c8c87c47838e
ClassEval,LoRA-Flow,42,ClassEval_1::calculate_sphere_area,False,ASSERTION_FAILURE,edeac182fb37236a3449c46eb34f2f24592374eeff7c79df83b32049bd27e7da
ClassEval,LoRA-Flow,42,ClassEval_22::get_all_major,False,ASSERTION_FAILURE,a3fa91b09af1e4d3dabdb5841491b69b545b7d0cba65b7466eec95824f1ccd36
ClassEval,LoRA-Flow,42,ClassEval_22::get_most_popular_class_in_major,False,RUNTIME_FAILURE,afb03cd3af9ae2ee25cafd3c7b1aa5219210a36c6d9afb744d1e35233407e2ae
ClassEval,LoRA-Flow,42,ClassEval_22::get_students_by_major,True,PASS,c7859a4004bdbe054760c0d1b796e65cab05e27596369ee51243f7ce54169a2a
ClassEval,LoRA-Flow,42,ClassEval_22::register_class,True,PASS,458e7743f70355f962bc0870f829711d20391be84df8f27950aaa5bb8567442e
ClassEval,LoRA-Flow,42,ClassEval_22::register_student,False,RUNTIME_FAILURE,98d858e0a042e702cb1b80c2377f03d79a256fb5f86ed3407effe87da3cd43a7
ClassEval,LoRA-Flow,42,ClassEval_27::add_currency_rate,True,PASS,c63bd8806e0d8274d46cd6da6d79a800929e43a3eeb75fef91875d6dd921e6d4
ClassEval,LoRA-Flow,42,ClassEval_27::convert,False,RUNTIME_FAILURE,f8b295ca72a4c7aa6f178d7d0d21d771121a4d7c1e3dba0ab47ff47e7193a030
ClassEval,LoRA-Flow,42,ClassEval_27::get_supported_currencies,False,ASSERTION_FAILURE,90b64159e0997d7f3242ea0ff68695241c8963fe4c35c0e10cd47bf5adec5d20
ClassEval,LoRA-Flow,42,ClassEval_27::update_currency_rate,True,PASS,f2343badca20881dabe330271af0130bb691ea0046c623a922cc7ffc5340ea9a
ClassEval,LoRA-Flow,42,ClassEval_29::mean,False,ASSERTION_FAILURE,e91e54bfeee2a3b16ef116d8a7e8429f7fd6a0777ad508e49acd0b00774cdca6
ClassEval,LoRA-Flow,42,ClassEval_29::median,False,RUNTIME_FAILURE,678c4b8d1363f06fa436618a27647dd2831177602903c0e07a5561ece467865d
ClassEval,LoRA-Flow,42,ClassEval_29::mode,False,ASSERTION_FAILURE,0fdf7516c98c537b1332190086288d242986696e973af6c80f5906a0c8f1184d
ClassEval,LoRA-Flow,42,ClassEval_2::_convert_type,False,RUNTIME_FAILURE,92aa7220095abb01256aca0d906925f52d40f53b05fc837a1ddd7c127705d8e9
ClassEval,LoRA-Flow,42,ClassEval_2::add_argument,False,RUNTIME_FAILURE,fd4896ff8c3fc39356fd5db4d14fdfa06ab311fb8ae8281e7971a11bd45dc12c
ClassEval,LoRA-Flow,42,ClassEval_2::get_argument,True,PASS,a0c298ca5311d89e705d2c0c729119a78bc4a7e4327b62326a960f4304f49f3b
ClassEval,LoRA-Flow,42,ClassEval_2::parse_arguments,False,RUNTIME_FAILURE,3aee04be77f083b2500610596fd09ddeac5342300576669aa59ffd79e0d201f6
ClassEval,LoRA-Flow,42,ClassEval_30::get_correlation,False,RUNTIME_FAILURE,c74ec953dfa05a7fc61cd5fd2c61896fd408ed6bc4bb76ce489612a2c156ed57
ClassEval,LoRA-Flow,42,ClassEval_30::get_max,True,PASS,7475b73af38866e286b09b0ffd216a20a59f7cae0585f09ee93cba0148de05a0
ClassEval,LoRA-Flow,42,ClassEval_30::get_min,True,PASS,b5617caf338f1858d4b77ca6733a8ddf9e52703243368626b9f7b5f04d8a7479
ClassEval,LoRA-Flow,42,ClassEval_30::get_std_deviation,False,ASSERTION_FAILURE,5889706079f03605657a3ea56b7da2671158902acd2c92dfb7f543f843b09fd7
ClassEval,LoRA-Flow,42,ClassEval_30::get_sum,False,ASSERTION_FAILURE,1b5095bc3145c5ead0596d8a42017c02241b0c8c70ee2aa7a53647d569fcecd7
ClassEval,LoRA-Flow,42,ClassEval_30::get_variance,True,PASS,cd97176ab26c73fce21054ed62128e3d4c51fb8bdec7a31369d560f9e42dc87d
ClassEval,LoRA-Flow,42,ClassEval_32::caesar_decipher,False,ASSERTION_FAILURE,029cb433109ceafd246610b5ca1e7adfebd649f15e0d05ec00629ac7b8631fbb
ClassEval,LoRA-Flow,42,ClassEval_32::rail_fence_decipher,False,ASSERTION_FAILURE,d96cef99dedc9126daa66b5f62b6e92426c6b049a38affa90fd093571d5a9df4
ClassEval,LoRA-Flow,42,ClassEval_32::vigenere_decipher,False,RUNTIME_FAILURE,4e79be7a4ebed91d698c6d093cc8453de1f11c9f90154c4ec579567d95d0250e
ClassEval,LoRA-Flow,42,ClassEval_33::BulkItemPromo,False,COMPILE_FAILURE:10,ceda21dfd71952dee61cedd6b86926bd02976467fbcb444303d70290ef98b9fc
ClassEval,LoRA-Flow,42,ClassEval_33::FidelityPromo,False,CLASS_COMPILE_FAILURE:43,5cfc36c9c224278a0eeac912a25e40d69cf22ca29074af53621b54c766e950a3
ClassEval,LoRA-Flow,42,ClassEval_33::LargeOrderPromo,False,CLASS_COMPILE_FAILURE:43,360e057163972b8990cbd840f193cf5ef0af8b94cab79d4de7b09935b60bd660
ClassEval,LoRA-Flow,42,ClassEval_33::due,False,COMPILE_FAILURE:12,50bbff1b11e487389a6ee11512339bfb45bed5d56410e2da5cafe5da57553a21
ClassEval,LoRA-Flow,42,ClassEval_33::total,False,CLASS_COMPILE_FAILURE:43,43e90b7c5e9f85201cbd23c3dd65429ca2ba27c0219753c05aaad54a9aef8304
ClassEval,LoRA-Flow,42,ClassEval_35::find_blank,False,ASSERTION_FAILURE,c7f3939f80ebe7f2c9fcc569d92d3f53b5f1b8edc0300454cded488dec3f083a
ClassEval,LoRA-Flow,42,ClassEval_35::get_possible_moves,False,ASSERTION_FAILURE,7d813fd57629d8bef372d78e837c6377b42930674ddfa06a37b196002e352504
ClassEval,LoRA-Flow,42,ClassEval_35::move,False,RUNTIME_FAILURE,d73d4f815a339c5603f252b81857f5250f2232cd5c8c5cfccedae70ce96b6b01
ClassEval,LoRA-Flow,42,ClassEval_35::solve,False,ASSERTION_FAILURE,56c7717d865b9ff18867bd2a6cf65cf24ce094efa96654f9c2f29e7699bee7fc
ClassEval,LoRA-Flow,42,ClassEval_37::caesar_cipher,False,ASSERTION_FAILURE,acac5b0982f5e0c4980d5a80d3fea3329f21c3dddfc8b2589bc3b4e0bca73313
ClassEval,LoRA-Flow,42,ClassEval_37::rail_fence_cipher,False,RUNTIME_FAILURE,dc499510f718da73724f0b9c599878e79876396f5f70488c954a4652c1397ab2
ClassEval,LoRA-Flow,42,ClassEval_37::vigenere_cipher,False,ASSERTION_FAILURE,b32c01e028bd4d6180f6b2d4cf7b131764aab936351c1f1ad23a54afb9024a18
ClassEval,LoRA-Flow,42,ClassEval_39::_calculate,False,PARSE_FAILURE,48dc16b667a00e55b89bace266071989bc300c3b9dc330e64cab6a1b5d363ef6
ClassEval,LoRA-Flow,42,ClassEval_39::calculate,False,RUNTIME_FAILURE,aab12ace2d01c74a110a70349554845a291e904c72358f6588aa126fec842909
ClassEval,LoRA-Flow,42,ClassEval_39::compare,False,RUNTIME_FAILURE,fedc78d83a0577cb1057ca8d066e057995a5e8a48ad088d2372adc2d4808282f
ClassEval,LoRA-Flow,42,ClassEval_39::is_operator,True,PASS,5711249da6a788c99427b04dbac7c1b385ad9ea396af774d30d1582d32421f1a
ClassEval,LoRA-Flow,42,ClassEval_39::prepare,False,ASSERTION_FAILURE,4f3b4e2c2fda2c5b28e4a96223c027d4de4b291c42c5f54550b93fc8c0dcef46
ClassEval,LoRA-Flow,42,ClassEval_39::transform,False,RUNTIME_FAILURE,1f6bb400b6a607c2dfac4575f27a1fbb170bd6376b27e7adcf1588d922d72016
ClassEval,LoRA-Flow,42,ClassEval_3::count,False,CLASS_COMPILE_FAILURE:122,c8ca1fc932bb35ca54eaae3b8f18cabb227e3ca31cb941caa22b3b382d0de381
ClassEval,LoRA-Flow,42,ClassEval_3::count_all,False,COMPILE_FAILURE:102,ce716fa047db50a1ce1b13fe01c2876f6e512e2fbde6f78478576e0a54a87062
ClassEval,LoRA-Flow,42,ClassEval_3::factorial,False,CLASS_COMPILE_FAILURE:122,5a2567bbcc76551dab3970200f713aeed285772dbaa319afb4e09ae6a5c38e06
ClassEval,LoRA-Flow,42,ClassEval_3::select,False,CLASS_COMPILE_FAILURE:122,f131d8df0546defe40c89aa627c8912997c2617ad6a72d11029621d479d20e62
ClassEval,LoRA-Flow,42,ClassEval_3::select_all,False,CLASS_COMPILE_FAILURE:122,161143be0f06f1ae838f3a51513b3c69614771a4c8fc1d4aa19d9439b05c676c
ClassEval,LoRA-Flow,42,ClassEval_41::_check_five_in_a_row,False,ASSERTION_FAILURE,0a7e5344547cba79aebaf3092290b80e0c88f71333dabd0d51107abe8d1ccc8c
ClassEval,LoRA-Flow,42,ClassEval_41::check_winner,False,ASSERTION_FAILURE,ca115e7a46a4832fabe7622c37b96d4a6bd580758c20663153791f5a69c418fc
ClassEval,LoRA-Flow,42,ClassEval_41::make_move,True,PASS,9dd4cd76b8e1a7c42027125a9e095226957f9997218c11433bae9906a50c3d1a
ClassEval,LoRA-Flow,42,ClassEval_42::book_room,False,RUNTIME_FAILURE,08f0240413d03a0f822ed56db18887f4b77e4971980ce49015b8cda1aa21aa1c
ClassEval,LoRA-Flow,42,ClassEval_42::check_in,False,RUNTIME_FAILURE,15169aa212758a78d342399c643362179bd1fa989048b5fa1d3aefd594e00b24
ClassEval,LoRA-Flow,42,ClassEval_42::check_out,False,ASSERTION_FAILURE,f586298c859ab7909d764e71abc36e4359a595ea731b3de30ed0380e142c77c0
ClassEval,LoRA-Flow,42,ClassEval_42::get_available_rooms,False,RUNTIME_FAILURE,b129e17bdb75c3c1367d903b6456ec8cfcaa76129084baee03341f9725afe01c
ClassEval,LoRA-Flow,42,ClassEval_43::add_employee,True,PASS,e96c587b70c4a4f688754ede486addeb64afabba4b4d8e2faca3a5dba3f8ba24
ClassEval,LoRA-Flow,42,ClassEval_43::get_employee,True,PASS,eda803c0c1b07ecdfb0b0af4a0c55cf62c9c1ee1cefaf7149804dae89bec0b0e
ClassEval,LoRA-Flow,42,ClassEval_43::list_employees,False,ASSERTION_FAILURE,0d4b2d8a4d5bce5cdd52b9a87f66597c13d72e1aea56ce2cea6919b8a6c1a403
ClassEval,LoRA-Flow,42,ClassEval_43::remove_employee,True,PASS,4c5fbabe48e1a17bf11a68f28a172000a620c6d08e31f2920dabee69e4d6c890
ClassEval,LoRA-Flow,42,ClassEval_43::update_employee,False,ASSERTION_FAILURE,1594e52802ed05e6c4f15b0f858dcf48974ed21d4387d07c21f85859710aec4c
ClassEval,LoRA-Flow,42,ClassEval_46::interpolate_1d,False,ASSERTION_FAILURE,d349d9627c7d75a799b66f16902044efe9872689b99086799c949f38b392ed95
ClassEval,LoRA-Flow,42,ClassEval_46::interpolate_2d,False,RUNTIME_FAILURE,f77e9193017a125601251a514975659700670cc698792b0155e730a109c157d9
ClassEval,LoRA-Flow,42,ClassEval_47::get_binary,False,ASSERTION_FAILURE,f8f81977e0ea4f228f9084e827f35df6ded12e6166702f6d9aa0d338fcacacce
ClassEval,LoRA-Flow,42,ClassEval_47::get_octets,False,ASSERTION_FAILURE,da631d8aca5db955601f9a85e9dd448a09372f6eafb40e42d626f562d16ec173
ClassEval,LoRA-Flow,42,ClassEval_47::is_valid,False,ASSERTION_FAILURE,ef49e034df99303fb944d3285199c6402d7005915beef7bc5f219f6f85dc50f4
ClassEval,LoRA-Flow,42,ClassEval_53::add_word,True,PASS,2fa032464b90ea47c696291e4277a3b88ff0becf5d76bfe9c40848cc62885ac0
ClassEval,LoRA-Flow,42,ClassEval_53::find_longest_word,False,ASSERTION_FAILURE,b40f4681480690b56e38bbafa731c65a8a04bfcd2745daab9f03b6016979c7b1
ClassEval,LoRA-Flow,42,ClassEval_54::create_board,True,PASS,13f51dbc0e41e3c16c5452cd18f388e32a466c051c6851a666a3a357db4f7ab8
ClassEval,LoRA-Flow,42,ClassEval_54::has_path,False,ASSERTION_FAILURE,68aaaa798077dc8ad05d99cce16c49fcfc4ab2fd277dc43c030e6822c8d385d3
ClassEval,LoRA-Flow,42,ClassEval_54::is_game_over,True,PASS,b6caa99dba305886a6562bf1adaf276158ef01ca1141e393f7631c4ff53a3eb7
ClassEval,LoRA-Flow,42,ClassEval_54::is_valid_move,False,RUNTIME_FAILURE,e6bc2311946bff3ea04a1a329d6def3c5a2f039687b74e9942e537066f4e5db3
ClassEval,LoRA-Flow,42,ClassEval_54::remove_icons,False,ASSERTION_FAILURE,95ec0f065451f851c6b86111bee5ac996e31af08be95e1d4eaf9fb3d9198d83f
ClassEval,LoRA-Flow,42,ClassEval_55::palindromic_length,False,RUNTIME_FAILURE,70d46fd962cb8b14f418e3da55d8443714408c84f05f35ef02903c12fa96be85
ClassEval,LoRA-Flow,42,ClassEval_55::palindromic_string,False,RUNTIME_FAILURE,240374d3d529419504ed196749d5e4c0b7605c0aed2d625a5b6d3632df168bd9
ClassEval,LoRA-Flow,42,ClassEval_56::accuracy,False,ASSERTION_FAILURE,ce2b4580dc40ab185fc4bb2ca3ae68c2cf4926175a228daecd227cb40dc60a82
ClassEval,LoRA-Flow,42,ClassEval_56::f1_score,False,RUNTIME_FAILURE,4c48e58586b29fe1ac352a75367ce4c93e1cc8a21657c580a3bfcdf752dbc496
ClassEval,LoRA-Flow,42,ClassEval_56::precision,False,RUNTIME_FAILURE,059ceffc6b04cb82546d642f31e572f99118178b2ffca2069d4425e3df7147ef
ClassEval,LoRA-Flow,42,ClassEval_56::recall,False,ASSERTION_FAILURE,e9f15718186011834c4dc78ad4bec69d88328be82109567fe4ddc0cdb7aec5e5
ClassEval,LoRA-Flow,42,ClassEval_56::update,False,ASSERTION_FAILURE,97e5f4d7cff75c0194d053021ffc4b0a63de2433999048ef244b8ca36568031a
ClassEval,LoRA-Flow,42,ClassEval_57::map,False,RUNTIME_FAILURE,4d86ca84796ee783b950ebe2bdba7488dc49f59e1ee92712562a38c48ef18416
ClassEval,LoRA-Flow,42,ClassEval_57::mrr,False,RUNTIME_FAILURE,3458674887cdf870de8542bad5ec03faa8e867cef99ddbcb59e64b31beda2d57
ClassEval,LoRA-Flow,42,ClassEval_58::check_won,False,RUNTIME_FAILURE,ff268f02a4cc0bbbfbfe95fb1069c3dd2ea40edc86ab70f7e09d188ca066c420
ClassEval,LoRA-Flow,42,ClassEval_58::generate_mine_sweeper_map,False,RUNTIME_FAILURE,e994c983b915ba43defbecf9e7f038a5be2283ecc2f7dacc8e9ea4467b916de9
ClassEval,LoRA-Flow,42,ClassEval_58::generate_playerMap,False,RUNTIME_FAILURE,1d164f0709699663a0d4c5f29578cc50a981829fb25dbca2be7542b5e5bf644f
ClassEval,LoRA-Flow,42,ClassEval_58::sweep,False,RUNTIME_FAILURE,8af8389a55ea89cc926f797104cc0daa40622191b7422c5f375d8a683f8c6ca8
ClassEval,LoRA-Flow,42,ClassEval_59::add_movie,False,ASSERTION_FAILURE,18f4bd32d42d092cb0cc413c1efb3aad1fadda43c225599520a8f7b25b3ddd91
ClassEval,LoRA-Flow,42,ClassEval_59::available_movies,False,ASSERTION_FAILURE,d0dd3ef6b745756e31e4233152f7a28258ef033d2f5a8097889419338e4dc74c
ClassEval,LoRA-Flow,42,ClassEval_59::book_ticket,False,ASSERTION_FAILURE,1693789fe64aea5c89f4df2958790e821c26daadd054de86c67a3b68ee730ea1
ClassEval,LoRA-Flow,42,ClassEval_61::add_song,True,PASS,f43509869d6f9db165cb69677d5d29e95f1fd3abaf753bd5464f298cb1610867
ClassEval,LoRA-Flow,42,ClassEval_61::play,False,RUNTIME_FAILURE,4b73ebc59176148e6dd4207248b571f2eadacdca0dc8ab65afc94d532fc73182
ClassEval,LoRA-Flow,42,ClassEval_61::previous_song,False,ASSERTION_FAILURE,f4d14539aa63b9d8b119dd8206af1d930c782bbdb0a41155e8f16a1ee7d81ee0
ClassEval,LoRA-Flow,42,ClassEval_61::remove_song,False,RUNTIME_FAILURE,c9c0705173f500da99c2476782d60fdc2ecfd932464a0009e02b4e8958075a3c
ClassEval,LoRA-Flow,42,ClassEval_61::set_volume,False,ASSERTION_FAILURE,57d47aad0b5ff91c32861fed41d49b018dd1e4e885dc6f3cbdf76f4d20b6672f
ClassEval,LoRA-Flow,42,ClassEval_61::shuffle,True,PASS,5e1a3cfe9882065ee27bc1ffe1df136fe303da4c2626dfc438ca0a7c0bbc1694
ClassEval,LoRA-Flow,42,ClassEval_61::stop,False,RUNTIME_FAILURE,ff3bcdf4b5fac626c59a3d40f58208037abf7210ebd8d88ac2ac294c5507a2a7
ClassEval,LoRA-Flow,42,ClassEval_61::switch_song,False,ASSERTION_FAILURE,c17f4f4ce5215a40917d50c568ee2749ea46feb863770fd017b91cb1430c938d
ClassEval,LoRA-Flow,42,ClassEval_64::binary_to_decimal,True,PASS,fa16b56731e887c165f827b8ed9d665ea7276381394232099ae03fb1f42ebf4b
ClassEval,LoRA-Flow,42,ClassEval_64::decimal_to_binary,True,PASS,e30c65f486d940525546e85a2c7b0fdefe7a4ec245142349bb86e44e40577a53
ClassEval,LoRA-Flow,42,ClassEval_64::decimal_to_hex,False,ASSERTION_FAILURE,f03e814bf7821c8b0db8fd0532ef1cf9ba121ea5dfdd125b405242a0f574bca9
ClassEval,LoRA-Flow,42,ClassEval_64::decimal_to_octal,True,PASS,5ac834238cc7f6701cfd5a3b31a5b58610783c0ae2798addd2c34499df874fec
ClassEval,LoRA-Flow,42,ClassEval_64::hex_to_decimal,False,ASSERTION_FAILURE,ffad39a30f008008b2d354e749fa807c8586ebdf366cc79f6c3a7eface28cbe3
ClassEval,LoRA-Flow,42,ClassEval_64::octal_to_decimal,True,PASS,ce3a13b581f800b0123130ab150799b990ea304d1a436d2927249ccc0fa6a45e
ClassEval,LoRA-Flow,42,ClassEval_65::format,False,RUNTIME_FAILURE,68e1068fa48443e42faac28ebdc7dbe0c805cc7f3e894035d090480125acdaf1
ClassEval,LoRA-Flow,42,ClassEval_65::format_string,False,ASSERTION_FAILURE,c35f49acb2080c860260596122fa42d5ee6f6f1c3f4cc941caeb2cdd93c12aa5
ClassEval,LoRA-Flow,42,ClassEval_65::parse_more,False,ASSERTION_FAILURE,727ad9a4de43fd7b691848f2f7ac18b98fe77fe8cac225a448abb77c5f4675c1
ClassEval,LoRA-Flow,42,ClassEval_65::trans_three,False,ASSERTION_FAILURE,d95f7cf55bcc5be0b989ba17bde03bb0a11a15348a1a5ba555d5bfa2537f05ed
ClassEval,LoRA-Flow,42,ClassEval_65::trans_two,False,ASSERTION_FAILURE,6799d80abfa3d25436eb09174dd77442b7ae97f437d86d529c5cf9d1ccb44e7d
ClassEval,LoRA-Flow,42,ClassEval_68::get_page,False,RUNTIME_FAILURE,36264015feaa08fa1a158273218e2de840942b11d519b51e46b8a38eeb60b620
ClassEval,LoRA-Flow,42,ClassEval_68::get_page_info,False,ASSERTION_FAILURE,6f0a296ceaea5545b5126b78a29f7b6e86b1fc80ebc3acef016521891cc8627b
ClassEval,LoRA-Flow,42,ClassEval_68::search,False,ASSERTION_FAILURE,5b555840a908a5d634967746467fc311971a5d04e32c1ec5e70facaccbc6c867
ClassEval,LoRA-Flow,42,ClassEval_70::_validate_name,True,PASS,7ad572defafe0615a42cdc7431e0b8b635d234b2e918f17e8851c782840748ec
ClassEval,LoRA-Flow,42,ClassEval_70::_validate_phoneNumber,True,PASS,93e38d60a1dbe7351631ed204f7a2156d4e884bf6cc37f3fd41094cbfc991573
ClassEval,LoRA-Flow,42,ClassEval_70::_validate_sex,True,PASS,5f53aa77df03d6089c71ccdcfb530b51b269d35b7331cae4d889af7698c2aedc
ClassEval,LoRA-Flow,42,ClassEval_71::check_win,False,RUNTIME_FAILURE,e46eb02574dded03bdf858e08c37493ebad7d009196d207816fdd57753e88047
ClassEval,LoRA-Flow,42,ClassEval_71::init_game,False,RUNTIME_FAILURE,b45413ec44d82e2adbff777725e7cac3a02192cad3dde79bd3aeb1fb1bed6c17
ClassEval,LoRA-Flow,42,ClassEval_71::move,False,RUNTIME_FAILURE,f6614063c634aff43f8d7fbc15dbeef43bc5208b2d9f9c3cc947a3c909300248
ClassEval,LoRA-Flow,42,ClassEval_73::attack,False,CLASS_COMPILE_FAILURE:75,7dc96c5bf80b9d59074316d8ed131f71cde94fcb74ebe00402291b7d4eee85bd
ClassEval,LoRA-Flow,42,ClassEval_73::gain_exp,False,CLASS_COMPILE_FAILURE:75,a205c3de081e0e8aba4219e6b531b1a690a85bf2b90c29e228a05c38e2191fe1
ClassEval,LoRA-Flow,42,ClassEval_73::heal,False,CLASS_COMPILE_FAILURE:75,338989b002c1cca25b47a2d6b4a6aaa39c107a4d787467d6ab4319f3b1d401ca
ClassEval,LoRA-Flow,42,ClassEval_73::is_alive,False,CLASS_COMPILE_FAILURE:75,fe6097e410fc924d6e469f13d5bddcd8891a8697afcf9643220af04bf7190702
ClassEval,LoRA-Flow,42,ClassEval_73::level_up,False,COMPILE_FAILURE:11,42aa9bbb7fbf9fc335f8026fee07ec730b3638c4850c0e40747a7af98d301df4
ClassEval,LoRA-Flow,42,ClassEval_75::add_item,True,PASS,4e99249184aa418bc3edb00cdc9a5eb88d8d2046744fa3929e1a1542eb72083c
ClassEval,LoRA-Flow,42,ClassEval_75::remove_item,True,PASS,d0ac465d9a05a1400a747b13f4ee4f189108c8b57327fec4b1ebd7b364754c32
ClassEval,LoRA-Flow,42,ClassEval_75::total_price,True,PASS,e52f259f0fcc3ca000042100f3cd48d22eb2af70c4449d840615e5ce9a47038c
ClassEval,LoRA-Flow,42,ClassEval_75::view_items,True,PASS,8ffa22c04cc85102016fe1e6874ec75c402ca25745e1b1b837a51a00c98f3db7
ClassEval,LoRA-Flow,42,ClassEval_76::add_user,True,PASS,f8c95886c0c676d23af899aa86b0e0b2c8f055a215e5db1881bbdc766c421faa
ClassEval,LoRA-Flow,42,ClassEval_76::all_not_signed_in,False,ASSERTION_FAILURE,8d43c58cee2893d7f96aa84fad5f53f54c7dd690aca61c31f5cf1285e2a364cd
ClassEval,LoRA-Flow,42,ClassEval_76::all_signed_in,False,ASSERTION_FAILURE,7c03812803f184d603936c2ff91aaca2c1d71b5d86308cfd62c32d1df78f8328
ClassEval,LoRA-Flow,42,ClassEval_76::check_sign_in,False,ASSERTION_FAILURE,cb7c7f663c80d8f17088d8fd337357be2567da2121cda670916453f7a5fd20f9
ClassEval,LoRA-Flow,42,ClassEval_76::sign_in,True,PASS,9d372c54fe326e0cbc70db636beafd6aa6bb454f81012184d8f53f3f039a030a
ClassEval,LoRA-Flow,42,ClassEval_79::delete,False,ASSERTION_FAILURE,3e6dee186024fe369c989e317359f756cda3342f02264184cb77909944fbe264
ClassEval,LoRA-Flow,42,ClassEval_79::insert,False,ASSERTION_FAILURE,7238f7efdde08b73417a164e60f241a547d1bd63b0fb517ca10cf5f46abbe4db
ClassEval,LoRA-Flow,42,ClassEval_79::select,False,ASSERTION_FAILURE,21984e314f9ffca3c9a01ba3aecf0a35817cc4cb763bcd67b9335eed496bbd98
ClassEval,LoRA-Flow,42,ClassEval_79::select_by_age_range,True,PASS,02ba2173c6146b3e96a73b2784f707dcf145f55181166d463410702db7e2b908
ClassEval,LoRA-Flow,42,ClassEval_79::select_female_under_age,True,PASS,16542afd05e62c7f152955a90c27ca66d910df228ee0c08baa830269a0054390
ClassEval,LoRA-Flow,42,ClassEval_79::update,False,RUNTIME_FAILURE,1e2c02ee8574e0eb21a08c1f2917b6ee2fbac778ea1163ef3216067ed9f75d7f
ClassEval,LoRA-Flow,42,ClassEval_7::check_balanced_brackets,False,ASSERTION_FAILURE,4ac895dd0dbcf03b9551c83f490407ce04822090e2e9c1a745d80fb76e7fd023
ClassEval,LoRA-Flow,42,ClassEval_7::clear_expr,True,PASS,f68b2dd95538d9896ea99c36466802bec2644e338c9a45192fa10a81f6df3c29
ClassEval,LoRA-Flow,42,ClassEval_81::correlation,False,ASSERTION_FAILURE,b9e046389e80d763715c70dfaddfe0cdfa4ffbe5aef95de318353b045a6b1452
ClassEval,LoRA-Flow,42,ClassEval_81::correlation_matrix,False,ASSERTION_FAILURE,6c42eee0330c4e8c40b01cb4e3a454af1c136c7fd22c92404815eb6a2b0d6470
ClassEval,LoRA-Flow,42,ClassEval_81::mean,False,RUNTIME_FAILURE,7b03e2308de89973c7d127e7646ec4407c3127be6f91a6b3145ae263ff8069d7
ClassEval,LoRA-Flow,42,ClassEval_81::median,True,PASS,6d813ffc9883007114c79a8cdbfb4d541ac057b438f84924011b1e4ca0fd61b9
ClassEval,LoRA-Flow,42,ClassEval_81::mode,False,ASSERTION_FAILURE,b8452122ff1b6fb82a6dfc6a7096827a543cd9143d33dea7f7c12303c07d9f50
ClassEval,LoRA-Flow,42,ClassEval_81::standard_deviation,False,RUNTIME_FAILURE,c1b068fbe52c270bb2f65f172e359484ba33589f51fce4adf8342783e1b39cce
ClassEval,LoRA-Flow,42,ClassEval_81::z_score,False,RUNTIME_FAILURE,047a79b81cb68de2a451f658c62ef37300d4c86cc7b59249195f9acb22e2b7ad
ClassEval,LoRA-Flow,42,ClassEval_82::add_stock,False,CLASS_COMPILE_FAILURE:75,998b8b041166447d6ce08bd0728e432a0d6c2d12dc502ccf82d63f383d974fde
ClassEval,LoRA-Flow,42,ClassEval_82::buy_stock,False,CLASS_COMPILE_FAILURE:75,4fd3525898d898f72275cd2da0a1a08145ca039a408d8e90cde7ba486c67bea7
ClassEval,LoRA-Flow,42,ClassEval_82::calculate_portfolio_value,False,CLASS_COMPILE_FAILURE:75,c0621caff8a178f6963a78dd98c2a47c7a6148a248b731484c6996141b9baa87
ClassEval,LoRA-Flow,42,ClassEval_82::get_portfolio_summary,False,CLASS_COMPILE_FAILURE:75,b4e6d0adf3d0fb07a942e9d153e4c3fdef895e4bae78a4e83fb4b59bd7ccf522
ClassEval,LoRA-Flow,42,ClassEval_82::get_stock_value,False,CLASS_COMPILE_FAILURE:75,0285c9f5391bb2458ee481081e03791e726ddce1381acc842b68de1ffdc8a13c
ClassEval,LoRA-Flow,42,ClassEval_82::remove_stock,False,COMPILE_FAILURE:47,12611f88a60f29959bdf3b6f898277e74db7e6d4bda54195f94ee9c4b4311eb8
ClassEval,LoRA-Flow,42,ClassEval_82::sell_stock,False,CLASS_COMPILE_FAILURE:75,de0e9e62d12c4b7764f8e3df01c27817f0afb6e05ff04e2e64420f34613c3b6f
ClassEval,LoRA-Flow,42,ClassEval_84::process_file,False,RUNTIME_FAILURE,c3ce6ab972f8704f3fe5880ff1c96b7dc1fb0dc4b5eee8c925343f9331175d66
ClassEval,LoRA-Flow,42,ClassEval_84::read_file,True,PASS,e88b8fcd5fc2f46fb1ad35615cd5c5cfb6c86e3dda22bac15cada98be2dddcd6
ClassEval,LoRA-Flow,42,ClassEval_84::read_file_as_json,True,PASS,854efbcf6f8d826629597312e59c4461c21b16339cf725227e3de24fb46dd942
ClassEval,LoRA-Flow,42,ClassEval_84::write_file,True,PASS,0ee39411eeb09450d43818f25bb2e55cf3d2201523b2c4ce3b22c878ee0bc8ac
ClassEval,LoRA-Flow,42,ClassEval_85::auto_check_conflict,False,ASSERTION_FAILURE,69b7058f506c0573401badce611dacde7cfb15ad0a31f6ee954d190661bf120d
ClassEval,LoRA-Flow,42,ClassEval_85::auto_set_mode,True,PASS,b2cb4300ee3f3abcc7849ef1caf19502aa54a93c21b9287b5cbca1065cfdce49
ClassEval,LoRA-Flow,42,ClassEval_85::get_mode,True,PASS,e196cbab95eb8b71d921618a1c7d81c936ece8ae2f1d538d7df042aa7b677a28
ClassEval,LoRA-Flow,42,ClassEval_85::get_target_temperature,True,PASS,d242f4813d72669879c6e0e970c5bb05ac705aa57a349fba73a11b2c5a1677ba
ClassEval,LoRA-Flow,42,ClassEval_85::set_mode,False,RUNTIME_FAILURE,078a43d4f4703ac1766c0e65934196f5a7be577a58066b2c20a8a595ec75e828
ClassEval,LoRA-Flow,42,ClassEval_85::set_target_temperature,True,PASS,5caab3779f6941d0deda69546306b4aa082c954bc7832c85c4bc9322bbf84c51
ClassEval,LoRA-Flow,42,ClassEval_85::simulate_operation,False,TIMEOUT,6124a864fad106050863b9573dd320edf0933a52f00e2787980bb0b0c66584d0
ClassEval,LoRA-Flow,42,ClassEval_86::check_winner,False,ASSERTION_FAILURE,d950f57972124aa73cb70809f418a7ed02934b530dc9f901c02eee21a67692f8
ClassEval,LoRA-Flow,42,ClassEval_86::is_board_full,False,ASSERTION_FAILURE,abe10d3d80d78d3a0439c58e7c0ad048d53f9d75c73b45a5440dccf2d4d95703
ClassEval,LoRA-Flow,42,ClassEval_86::make_move,False,ASSERTION_FAILURE,e25bef87269cebfb0bd8c03575ea55831c2e3c7dc42131f82340dc1b761af26a
ClassEval,LoRA-Flow,42,ClassEval_8::deposit,True,PASS,d666f6320f997c069406a50c1c6051107ddd6e03bda2a6076b9a3ba4d0e879bb
ClassEval,LoRA-Flow,42,ClassEval_8::transfer,False,ASSERTION_FAILURE,bd907a342a6bae6d65b6fb609e18374fdc7a5608cde45038224641bfdc5da2aa
ClassEval,LoRA-Flow,42,ClassEval_8::view_balance,True,PASS,a15e1455c373aefa98a2def4182712daa8d3199270b47bbb8d056bfe946bcddd
ClassEval,LoRA-Flow,42,ClassEval_8::withdraw,True,PASS,980fc3fbdfa1885470489a8890e6a4f759850fac96ac8a0bd28759880955f899
ClassEval,LoRA-Flow,42,ClassEval_90::get_fragment,False,RUNTIME_FAILURE,a0d8d1b03e1e17ac0e60a6b1aab6b99a11a17b66684fb0c5f3c7319ac585dc45
ClassEval,LoRA-Flow,42,ClassEval_90::get_host,False,RUNTIME_FAILURE,557fda153c5b5e897d1d5db8e6523e82b1b04b9a5de2f61bc6c4c550599bf018
ClassEval,LoRA-Flow,42,ClassEval_90::get_path,False,ASSERTION_FAILURE,b3bbc6e80fcbcfda89913d71ac25afd04b28059fbdfcedb3603d537725dff93f
ClassEval,LoRA-Flow,42,ClassEval_90::get_query_params,False,RUNTIME_FAILURE,a66ac6f2ce561c9099d92765bd1a7410e7528ba818a34e473f8ac8a2076eff69
ClassEval,LoRA-Flow,42,ClassEval_90::get_scheme,False,RUNTIME_FAILURE,3b8afc6b1dd5f2a6c07441d72b8e69df7b7658fbfc1f5fc8b3fe1a6ef78632d1
ClassEval,LoRA-Flow,42,ClassEval_92::delete_user_by_username,False,ASSERTION_FAILURE,6f19c88ae45097e9ab3f4093f13343b9b25613e26608918da619a4347ff8cea9
ClassEval,LoRA-Flow,42,ClassEval_92::insert_user,False,ASSERTION_FAILURE,2fe4db2b7a7d96235c2853a5e66a2573996c6ef934fcf1ac30303b38a3d82c91
ClassEval,LoRA-Flow,42,ClassEval_92::search_user_by_username,False,ASSERTION_FAILURE,e86d6d171c617df8889b17598ad0f6771cc9a6d7466b84e425f1e9fc34349349
ClassEval,LoRA-Flow,42,ClassEval_92::validate_user_login,False,ASSERTION_FAILURE,23296056e86920216bc636c20863efb9f8805f259751c691a099291d8d557a46
ClassEval,LoRA-Flow,43,ClassEval_11::add,False,RUNTIME_FAILURE,9a69922c7067bd683bb71e398434fec1ef249808f974effca020cb9f149db61f
ClassEval,LoRA-Flow,43,ClassEval_11::check,True,PASS,5317190b995356d4de6dab1056ac663232cb790ad0cbe505dfb03c4e45ea073a
ClassEval,LoRA-Flow,43,ClassEval_11::has,True,PASS,ae019d64fdbcbe0dfef904f7849205b72032787b5386c0ab1c502d5d0a47d975
ClassEval,LoRA-Flow,43,ClassEval_11::remove,False,RUNTIME_FAILURE,e3ef05098b0a6db402131488ba756ecffb61225447f9bda8dce7b50b7f2b9130
ClassEval,LoRA-Flow,43,ClassEval_12::calculate_hand_value,False,RUNTIME_FAILURE,bdca2e9b8f0de30e2d9754116546b789179d1ef07c3d6707cb77fce85b0a68c6
ClassEval,LoRA-Flow,43,ClassEval_12::check_winner,False,RUNTIME_FAILURE,da6a5453bfae8443703d57ec943efc68ee566d864da6064f83c095981b89e884
ClassEval,LoRA-Flow,43,ClassEval_12::create_deck,False,PARSE_FAILURE,5b88c4c27f362eafbd78c70fe169008c59ee452fd2db410b302844b3eab32a2b
ClassEval,LoRA-Flow,43,ClassEval_14::add_book,False,PARSE_FAILURE,dc5b2347dcd43fdc51d0d3e4792c4d98c60f7ab4cac057fc9f22b8b5b41bf6f3
ClassEval,LoRA-Flow,43,ClassEval_14::borrow_book,False,RUNTIME_FAILURE,29133e77bfbb284d6aa9d48d6146d763b6b1fee7aa1b51104d4deba8c292b30e
ClassEval,LoRA-Flow,43,ClassEval_14::create_table,False,ASSERTION_FAILURE,c2d5223e6d7839323d9044c141de036668984384b6ca9e01b1a876f0fbe261f8
ClassEval,LoRA-Flow,43,ClassEval_14::remove_book,False,RUNTIME_FAILURE,13a02987ea48efdff7f4226c04e2078ff067eec2d0675a5762a8a6fe80cd17aa
ClassEval,LoRA-Flow,43,ClassEval_14::return_book,False,RUNTIME_FAILURE,b9c6fecf84f22ec74a19b1af3c002aec1b42af142ba2cdf305e0fd1ad2397bf1
ClassEval,LoRA-Flow,43,ClassEval_14::search_books,False,RUNTIME_FAILURE,3850577b36ae2a79b27a004a801021ab54052127d4c234a3e9b1cd6136cfff66
ClassEval,LoRA-Flow,43,ClassEval_15::bad_character_heuristic,False,ASSERTION_FAILURE,c91ff7c4c4c67399496749be17fc8b936abf4488435ceceb2fb2710c56913f4f
ClassEval,LoRA-Flow,43,ClassEval_15::match_in_pattern,False,RUNTIME_FAILURE,85d820d78f0b9b468f37b1b1701268d03dc51f8714fb384583f02ce1701ad278
ClassEval,LoRA-Flow,43,ClassEval_15::mismatch_in_text,False,RUNTIME_FAILURE,4f03cae6d397efe9a258da34fb57e6bb13d999ede9b1bc962f6dce4b74d27950
ClassEval,LoRA-Flow,43,ClassEval_19::generate_primes,False,RUNTIME_FAILURE,c58ef3bb185aebbe507397a12e2f179e3eb4bb49f1d5d5fc19a938fc830b39f0
ClassEval,LoRA-Flow,43,ClassEval_19::get_primes,False,PARSE_FAILURE,3e0565506c6aa315d2061d0bf88b509f54d819e77f7067b58d753d7dabdd1219
ClassEval,LoRA-Flow,43,ClassEval_1::calculate_annulus_area,False,ASSERTION_FAILURE,8b50c19f1a2b674139d4bfa79b69ad2639d69109ad57d3d11d5f26d6a9433bc3
ClassEval,LoRA-Flow,43,ClassEval_1::calculate_circle_area,True,PASS,c2681dbb07e168f77f0d40be1a948f44a9b5817023fc17bccd2d58b066bb41fa
ClassEval,LoRA-Flow,43,ClassEval_1::calculate_cylinder_area,False,ASSERTION_FAILURE,bc5b6d83e1600d7b7cf7cf7f26aedc8858b327552d8537ebc430af787502100b
ClassEval,LoRA-Flow,43,ClassEval_1::calculate_sector_area,False,ASSERTION_FAILURE,f23ce87d4d95f8e595dacee7615b13d5ae425d98137402821584c72403d89823
ClassEval,LoRA-Flow,43,ClassEval_1::calculate_sphere_area,False,ASSERTION_FAILURE,844f530622f2f31e71be0a8663eb8453d7835a44ff063a89f004613597ede850
ClassEval,LoRA-Flow,43,ClassEval_22::get_all_major,False,ASSERTION_FAILURE,2da0994602ddb8a38c2b4984945b50117dbc6f72f0b61d95d58f563f9c70153d
ClassEval,LoRA-Flow,43,ClassEval_22::get_most_popular_class_in_major,False,RUNTIME_FAILURE,3ee841d848aa95267af29768f5a44fe03ecc2473fc0810957d5d1116f40a5d9e
ClassEval,LoRA-Flow,43,ClassEval_22::get_students_by_major,True,PASS,4ce9aa6150371352eb3875e5801d46d5e1ecbb4192bdca025666d1a2a4a6b1c9
ClassEval,LoRA-Flow,43,ClassEval_22::register_class,False,RUNTIME_FAILURE,88022606b33e9ce7775fef9ed9f59ae034713ab9bc53111de04b1a69bdc083e4
ClassEval,LoRA-Flow,43,ClassEval_22::register_student,False,RUNTIME_FAILURE,98d858e0a042e702cb1b80c2377f03d79a256fb5f86ed3407effe87da3cd43a7
ClassEval,LoRA-Flow,43,ClassEval_27::add_currency_rate,True,PASS,9aa2cacd1dbefdd6a29d10b07a9b80b0ff198d07aa889ca27fd14bc9ed2814dc
ClassEval,LoRA-Flow,43,ClassEval_27::convert,False,PARSE_FAILURE,5c9bee559cc5a7a970508f648a3ef90f8e362cee746b8082ce4ecc61fcfe8d6e
ClassEval,LoRA-Flow,43,ClassEval_27::get_supported_currencies,False,ASSERTION_FAILURE,90b64159e0997d7f3242ea0ff68695241c8963fe4c35c0e10cd47bf5adec5d20
ClassEval,LoRA-Flow,43,ClassEval_27::update_currency_rate,True,PASS,094d29cf444d152778c6ed5a5fe9db9a08afc1e24c35ba423fd86ab4a53d0b98
ClassEval,LoRA-Flow,43,ClassEval_29::mean,False,ASSERTION_FAILURE,561d9ea64a48af94be0f82ae6a87985aa4e0d1507e65d401a6459511ccc30a4e
ClassEval,LoRA-Flow,43,ClassEval_29::median,True,PASS,b4ce8c8fd9a77b1f33b4d78028a1dee6143f717a1d078b207ee6b586919239f1
ClassEval,LoRA-Flow,43,ClassEval_29::mode,False,ASSERTION_FAILURE,8deb3a5638c65fbe2c961d4734ced378644a190a1e883635c66f3b233dd074a4
ClassEval,LoRA-Flow,43,ClassEval_2::_convert_type,False,RUNTIME_FAILURE,14e637cf2bf509563b517fb28fbb4a04fae4dfccd968c5da72af1f82acd4e416
ClassEval,LoRA-Flow,43,ClassEval_2::add_argument,False,ASSERTION_FAILURE,cde499c7c661e1da3593a061618f2602d20d076052afbb72751eb6cdf00e0132
ClassEval,LoRA-Flow,43,ClassEval_2::get_argument,False,RUNTIME_FAILURE,dd5b017ae5da0a9c4460fc87c16945257a94cc2cff790d32e235685c0d5cf2cf
ClassEval,LoRA-Flow,43,ClassEval_2::parse_arguments,False,ASSERTION_FAILURE,deffe0107576c7639ade16a5f739c143d96d917dc8bf505dc5ac4c04997a4d42
ClassEval,LoRA-Flow,43,ClassEval_30::get_correlation,False,ASSERTION_FAILURE,f2eaeb3b84d2e34ac9b7267b82a679789c4488308e3162c1f1eec008e7cc240e
ClassEval,LoRA-Flow,43,ClassEval_30::get_max,True,PASS,847b9f20e280ae0bbf6b9f162256819054e9fe6de8ecb31d7f5199f0aee6fa39
ClassEval,LoRA-Flow,43,ClassEval_30::get_min,True,PASS,f926e85302b6e28fc5a5b7ef0094ea046af2a8f27c5d40ed4249edc38767947f
ClassEval,LoRA-Flow,43,ClassEval_30::get_std_deviation,False,PARSE_FAILURE,59ddb94b3b007492d703af7f79f489e26affcc14d7bfa006851345e939b2be82
ClassEval,LoRA-Flow,43,ClassEval_30::get_sum,True,PASS,0ab907c24773d3a60ef70546760217165d6d5c3c0d36bb867f433b46b0312210
ClassEval,LoRA-Flow,43,ClassEval_30::get_variance,True,PASS,2ed6ef3c15d2d44f6fe775bea6616b5ae5751da07520ea4ff98d770cade25295
ClassEval,LoRA-Flow,43,ClassEval_32::caesar_decipher,False,ASSERTION_FAILURE,029cb433109ceafd246610b5ca1e7adfebd649f15e0d05ec00629ac7b8631fbb
ClassEval,LoRA-Flow,43,ClassEval_32::rail_fence_decipher,False,ASSERTION_FAILURE,a1090b4397619b58c1b1b54b1f6d285878c42767ce616376f72f83ad24c66aa8
ClassEval,LoRA-Flow,43,ClassEval_32::vigenere_decipher,False,ASSERTION_FAILURE,1cbcc701ed993570bd2f0280a76b43ee834d5ec48011f751e89dafda7bfd88e7
ClassEval,LoRA-Flow,43,ClassEval_33::BulkItemPromo,False,COMPILE_FAILURE:10,aaa9fc7cb4ded95be526f909c38b7cf6880fd6b201d976d7e923930c5194b19f
ClassEval,LoRA-Flow,43,ClassEval_33::FidelityPromo,False,CLASS_COMPILE_FAILURE:43,5cfc36c9c224278a0eeac912a25e40d69cf22ca29074af53621b54c766e950a3
ClassEval,LoRA-Flow,43,ClassEval_33::LargeOrderPromo,False,CLASS_COMPILE_FAILURE:43,7329d6cc7f4219c9201dc872088729bde3d034b5ee036ad8e5edb7df868eb805
ClassEval,LoRA-Flow,43,ClassEval_33::due,False,COMPILE_FAILURE:12,50bbff1b11e487389a6ee11512339bfb45bed5d56410e2da5cafe5da57553a21
ClassEval,LoRA-Flow,43,ClassEval_33::total,False,CLASS_COMPILE_FAILURE:43,43e90b7c5e9f85201cbd23c3dd65429ca2ba27c0219753c05aaad54a9aef8304
ClassEval,LoRA-Flow,43,ClassEval_35::find_blank,False,ASSERTION_FAILURE,ed15356c63958c2e84a78966b2055acc2044e228f819d61ddc0665ed6119e5ca
ClassEval,LoRA-Flow,43,ClassEval_35::get_possible_moves,False,ASSERTION_FAILURE,a18a9eb38d0bccbbf096edd22fc41ea451b544aedf8c6280eea05365b1f9d9dd
ClassEval,LoRA-Flow,43,ClassEval_35::move,False,PARSE_FAILURE,3933f61d7b73d201f03319afe26a768a2396a12b06b18c3612cb960216f4de5b
ClassEval,LoRA-Flow,43,ClassEval_35::solve,False,RUNTIME_FAILURE,4d9649f02e7a7fcc6e373fb1f8c2871f21537a402a2559bdb9eabe9a61c9a990
ClassEval,LoRA-Flow,43,ClassEval_37::caesar_cipher,False,ASSERTION_FAILURE,ee7330d453839c787365e27d4d9ba7ac2d0f417357a94f21f204619276e6d88a
ClassEval,LoRA-Flow,43,ClassEval_37::rail_fence_cipher,False,RUNTIME_FAILURE,f84fa5fb9e1b486e94c88c694ff21419151798e02e34245e7d49f530f3a52ccc
ClassEval,LoRA-Flow,43,ClassEval_37::vigenere_cipher,False,RUNTIME_FAILURE,6e898267f86e865eeaed6ac4ebf5d371eef6556d4116d44b82514368cbcd9190
ClassEval,LoRA-Flow,43,ClassEval_39::_calculate,False,PARSE_FAILURE,36e934a953f7837c2d3cf0f0a1c426762a16731e42680409172c96c4f65a5e60
ClassEval,LoRA-Flow,43,ClassEval_39::calculate,False,CLASS_COMPILE_FAILURE:135,08e8a9ac24a8e7a252a6b1486225b5a234c4b2f390b4e558aa9dbc5abcf40cd9
ClassEval,LoRA-Flow,43,ClassEval_39::compare,False,CLASS_COMPILE_FAILURE:135,c262ec7d72e184604f6f2276ecff080295e87c531d43931ce2bc4760e37a2760
ClassEval,LoRA-Flow,43,ClassEval_39::is_operator,False,CLASS_COMPILE_FAILURE:135,5711249da6a788c99427b04dbac7c1b385ad9ea396af774d30d1582d32421f1a
ClassEval,LoRA-Flow,43,ClassEval_39::prepare,False,COMPILE_FAILURE:57,06b47ea2709e01ade345024e176c47338fa099548ed365ec0760700fc90a2426
ClassEval,LoRA-Flow,43,ClassEval_39::transform,False,PARSE_FAILURE,7287277676dd2afa002e087dc37c7c7508328e5f5c550fad3fcef36ca7b7a9cd
ClassEval,LoRA-Flow,43,ClassEval_3::count,False,RUNTIME_FAILURE,c2415ebde50f1ac6bf0351b7c796960523403e13a090ea67a2ead3703e450248
ClassEval,LoRA-Flow,43,ClassEval_3::count_all,False,RUNTIME_FAILURE,3d063f34f9221324050eba305111889395a0ba060804a21e209ae8885d1dd056
ClassEval,LoRA-Flow,43,ClassEval_3::factorial,True,PASS,6219055742a7ab32df845e3a2f3811001f0f35fad3799f7fbfc5d372c69e6e6c
ClassEval,LoRA-Flow,43,ClassEval_3::select,False,ASSERTION_FAILURE,bfac4a59b35571e7c25f7e20e929892bd8c6f6bf9dc62552bd2c8192c189c5d6
ClassEval,LoRA-Flow,43,ClassEval_3::select_all,False,RUNTIME_FAILURE,2c50f965e822530f10d2f7dc32528246024e7c3264e753b63db5c61c6b18d6f4
ClassEval,LoRA-Flow,43,ClassEval_41::_check_five_in_a_row,False,RUNTIME_FAILURE,08d7b0ac2da8ec836dfcff69dddaf33f840cdcdc903b8bbc04891946a4794231
ClassEval,LoRA-Flow,43,ClassEval_41::check_winner,False,RUNTIME_FAILURE,eb8db63128cb69095681aa48f340402c3de0f79d13fd556a81a306d5c078a1e6
ClassEval,LoRA-Flow,43,ClassEval_41::make_move,False,PARSE_FAILURE,216d71ec682046ed7abce4e712db123531c8d5151cf11e0b22d5d2d58f714237
ClassEval,LoRA-Flow,43,ClassEval_42::book_room,False,RUNTIME_FAILURE,4cbf74d7c699197c3786bc3ad7fd1b00de388098ee27d3e6de2b86f5b50db696
ClassEval,LoRA-Flow,43,ClassEval_42::check_in,False,RUNTIME_FAILURE,d846d12e91d500ba3a7458411abe601cdf1109f4309267040d9e720e92f8f0d1
ClassEval,LoRA-Flow,43,ClassEval_42::check_out,False,ASSERTION_FAILURE,e44fc83a375e2a0051ef4dee74277cc762eed30d0ae6d410ad0d0771c713fae5
ClassEval,LoRA-Flow,43,ClassEval_42::get_available_rooms,False,RUNTIME_FAILURE,b129e17bdb75c3c1367d903b6456ec8cfcaa76129084baee03341f9725afe01c
ClassEval,LoRA-Flow,43,ClassEval_43::add_employee,True,PASS,3e1f2d90f593735039a2631536756d096269d1ac983da889683c4e6b13b90b9f
ClassEval,LoRA-Flow,43,ClassEval_43::get_employee,True,PASS,61c891574ce3be01e66aaf423323ea2303681b9aded70a1a7a874749f43a081e
ClassEval,LoRA-Flow,43,ClassEval_43::list_employees,False,ASSERTION_FAILURE,c3b23f3411e5f1f003052103586b9a1d61e2bbfe6ba12b7d8ed65a24ca25bac5
ClassEval,LoRA-Flow,43,ClassEval_43::remove_employee,True,PASS,0815e8bb5f07ba577f5261f46a0de41144fd56d50e26a4ddab98a06e9d14048b
ClassEval,LoRA-Flow,43,ClassEval_43::update_employee,False,ASSERTION_FAILURE,78bc325e55082d74dbca2fc537f6f62eba0ce7da549322290e81e493c0bab992
ClassEval,LoRA-Flow,43,ClassEval_46::interpolate_1d,False,RUNTIME_FAILURE,3f3df1bee810442852f73e0254a45bb51a5ff048c4acead552b92eaab2c1304a
ClassEval,LoRA-Flow,43,ClassEval_46::interpolate_2d,False,RUNTIME_FAILURE,9e3765e0ca51f6505c8a64266996e73e2878cf4db22a0cdf2c0139ed0f8780b2
ClassEval,LoRA-Flow,43,ClassEval_47::get_binary,False,ASSERTION_FAILURE,f3495e553ac122aa186f02e308ea5db0dfbac7c6dbd88b8324308e5a8836ed29
ClassEval,LoRA-Flow,43,ClassEval_47::get_octets,False,ASSERTION_FAILURE,43853fae8f959c3896bad94138690f3ca5a4697e77d0123bc0e73d4471e5e93f
ClassEval,LoRA-Flow,43,ClassEval_47::is_valid,False,ASSERTION_FAILURE,154b1fc9f978732a209cabbe6374e7a89ab8440582f325de7b62084950b4739f
ClassEval,LoRA-Flow,43,ClassEval_53::add_word,True,PASS,3f65d184362fc2454c4b43f1dcb580ff18412e8d09aba3f61ccc72d8a7b2f6fc
ClassEval,LoRA-Flow,43,ClassEval_53::find_longest_word,False,ASSERTION_FAILURE,9961c36e5b93a8fdf0f3d622675014277964391826ba763ee01b3e3e7abf3d92
ClassEval,LoRA-Flow,43,ClassEval_54::create_board,True,PASS,53667dde0dda8caccf405190e9a72457f3da344d667df4d50af9fd80d9f22dc3
ClassEval,LoRA-Flow,43,ClassEval_54::has_path,False,ASSERTION_FAILURE,2b0cae7924d78e5741cd3968bf729c6a0176b2d5a33a86ff4c6378c720f30bdd
ClassEval,LoRA-Flow,43,ClassEval_54::is_game_over,False,ASSERTION_FAILURE,811ce13dec6f31cbcc37665a3c7b74fbce61d94a05f75305e659b72698b8e405
ClassEval,LoRA-Flow,43,ClassEval_54::is_valid_move,False,RUNTIME_FAILURE,654e0170c70e28c45c5ef520f40ba3f4d1702792debda244d4ff2eb288229c07
ClassEval,LoRA-Flow,43,ClassEval_54::remove_icons,False,ASSERTION_FAILURE,9b2d8fd5aa615f28e13fc9a02f9e921f1fbd4757df19497cb485e673d7729524
ClassEval,LoRA-Flow,43,ClassEval_55::palindromic_length,False,ASSERTION_FAILURE,b7a0e5863540b18c13927f116c2575f060b5085dc1bbdb6a9b0d5bd9a3fa0c31
ClassEval,LoRA-Flow,43,ClassEval_55::palindromic_string,False,ASSERTION_FAILURE,166eb4318b6beef88ee378995a56e46fe165c32a5b68eddd87960d294f494399
ClassEval,LoRA-Flow,43,ClassEval_56::accuracy,False,ASSERTION_FAILURE,6f0c81395313d8c244089dc5703c26292e1f6c7e1730d9368f281e08750e5b28
ClassEval,LoRA-Flow,43,ClassEval_56::f1_score,False,RUNTIME_FAILURE,2155ea249e5aeaef518796f70231fa78fc6d24c5d912d04a1126610852b2b69f
ClassEval,LoRA-Flow,43,ClassEval_56::precision,False,PARSE_FAILURE,746affdacb4b8fe31c83ccc7c615516cf12d92caaec5c93e9e923075c360cd7a
ClassEval,LoRA-Flow,43,ClassEval_56::recall,False,ASSERTION_FAILURE,f54ab9307be8c52448f3d0e26b42410879c43b6c2c35bac86c7e68f3a05938fd
ClassEval,LoRA-Flow,43,ClassEval_56::update,False,ASSERTION_FAILURE,cadcc5ce13a53a7f177e432436f658355b2a5a221ac91ceab6b08e1d25e4b794
ClassEval,LoRA-Flow,43,ClassEval_57::map,False,RUNTIME_FAILURE,467c0b3be4469fdef3965777fbc9200ca7b13d3cbc042c0636cf50d8fffc76f1
ClassEval,LoRA-Flow,43,ClassEval_57::mrr,False,RUNTIME_FAILURE,d6ce90c18ec8965ec839fd2c79b64ac469f3a0226e8a9df408b27a6918510670
ClassEval,LoRA-Flow,43,ClassEval_58::check_won,False,RUNTIME_FAILURE,de2ae385facf155570e6481f3e9b50dcf516cf1e33d014eb118afd8d800831be
ClassEval,LoRA-Flow,43,ClassEval_58::generate_mine_sweeper_map,False,RUNTIME_FAILURE,387101d0b948c44e28a59858d81b28f1534bd19c60ed9e66d31c6096b9f5857d
ClassEval,LoRA-Flow,43,ClassEval_58::generate_playerMap,False,PARSE_FAILURE,078bf9ad7246f6d0d38b5e9d01c1bad706dba8e0d25f5ddc7eb28afea1abad4d
ClassEval,LoRA-Flow,43,ClassEval_58::sweep,False,RUNTIME_FAILURE,4c862d4278c8fe6703468e63c14592a5babec0db33b79bcc640f367b9b3d1969
ClassEval,LoRA-Flow,43,ClassEval_59::add_movie,False,ASSERTION_FAILURE,40ffb0aee6387227727882333b17d8d0b97de34cdab7353fd1d65b4e6bf6b13a
ClassEval,LoRA-Flow,43,ClassEval_59::available_movies,False,ASSERTION_FAILURE,9bf111bb7c03d145c984becab290fd08755ffa176c70b718dbba733e16dc72e6
ClassEval,LoRA-Flow,43,ClassEval_59::book_ticket,False,ASSERTION_FAILURE,31a820fbcb4ed9e822d150d102e7ace696f6cfd7faab0cfb8fe83073096156da
ClassEval,LoRA-Flow,43,ClassEval_61::add_song,True,PASS,4762169003394dc4e82ac981791c61af03f524cebd126f86ec17c82dff7d67c3
ClassEval,LoRA-Flow,43,ClassEval_61::play,False,RUNTIME_FAILURE,97a372ab8f9983c2ff10ba331cfd71eba68866089fdc3fd29196e801091747e5
ClassEval,LoRA-Flow,43,ClassEval_61::previous_song,False,ASSERTION_FAILURE,bc766da2492f1aac8f38a32560e45fc43fb890b929312876b9425e352d8f78dc
ClassEval,LoRA-Flow,43,ClassEval_61::remove_song,False,RUNTIME_FAILURE,e6103895ea0a178e4122ff85d31cde21d3821270fbfd2bf9d39e12aea9eca116
ClassEval,LoRA-Flow,43,ClassEval_61::set_volume,False,ASSERTION_FAILURE,46b6eb4b1d5dd831825a826162763b9e6a86676bc4e23d33ffe50a6e769f7e2c
ClassEval,LoRA-Flow,43,ClassEval_61::shuffle,True,PASS,82044b3f9c078cbb028eedd17a4d822ccf51e7d5bd95457f47e0acdcbf6ff29f
ClassEval,LoRA-Flow,43,ClassEval_61::stop,False,RUNTIME_FAILURE,ce468d30522d15cc76bf674366957af220e606d944f90cc037ac4993d58c76af
ClassEval,LoRA-Flow,43,ClassEval_61::switch_song,False,ASSERTION_FAILURE,5e5e3f6a4d563d091f7f102c3679a81d6b9efe93bbd74c977710ad6d4b5c6d22
ClassEval,LoRA-Flow,43,ClassEval_64::binary_to_decimal,True,PASS,5be96f13080252140433db2dbb848b45d78b39bbda99f277d3e91022ae770ca7
ClassEval,LoRA-Flow,43,ClassEval_64::decimal_to_binary,False,PARSE_FAILURE,e99d779f289068b5cb45d458001661809d867b938f687c9102dbf218659f1cfb
ClassEval,LoRA-Flow,43,ClassEval_64::decimal_to_hex,False,ASSERTION_FAILURE,0767ca645cdf3a3a49c92a181b0af71f98ab834bc437d8e9bc1f1254829938cd
ClassEval,LoRA-Flow,43,ClassEval_64::decimal_to_octal,False,ASSERTION_FAILURE,b14fe88924d5cc3e3b63494a85261e4ae70ea485b722bb7d88d6330b3eb00741
ClassEval,LoRA-Flow,43,ClassEval_64::hex_to_decimal,True,PASS,4d4ff98d8955f26bd58da036714cdabb4c3b52f7494ef83dc2dbb6a9b9bf3d13
ClassEval,LoRA-Flow,43,ClassEval_64::octal_to_decimal,True,PASS,19b285f7f750847bde7f08bce2b47a0c1e78aa86fb87a0168e9ad4809adaa993
ClassEval,LoRA-Flow,43,ClassEval_65::format,False,ASSERTION_FAILURE,c73e7a0dce1bb72041fc01a316c20b8003ac7dce3d3a144b3ec73dc9a162ee20
ClassEval,LoRA-Flow,43,ClassEval_65::format_string,False,ASSERTION_FAILURE,c4f9ff58b9ea2d62d39dd30c2c2dbdaaa1b7c3a09141384e5885b96153d75e49
ClassEval,LoRA-Flow,43,ClassEval_65::parse_more,False,ASSERTION_FAILURE,727ad9a4de43fd7b691848f2f7ac18b98fe77fe8cac225a448abb77c5f4675c1
ClassEval,LoRA-Flow,43,ClassEval_65::trans_three,False,ASSERTION_FAILURE,c922b0f01160b23f9f423360b2d6336255211e5581ebe9a2c3268d7d397f29d1
ClassEval,LoRA-Flow,43,ClassEval_65::trans_two,False,PARSE_FAILURE,d7077ec578bc67127d4bdf50227f641daab5b7884d73dcf6b3c9264dd82e5829
ClassEval,LoRA-Flow,43,ClassEval_68::get_page,False,RUNTIME_FAILURE,17fc31f67a30dc4426b773a91156edd300bd3627eac8219d1bfacc82a716184e
ClassEval,LoRA-Flow,43,ClassEval_68::get_page_info,False,ASSERTION_FAILURE,b5c8dca91f4770af5f2523f96337c0703d3792e5b376f23b99b4b18eb7f23c27
ClassEval,LoRA-Flow,43,ClassEval_68::search,False,ASSERTION_FAILURE,89d7bcdbeff4c6f6e8ee6f0bd5628ad48965cd77f3623e831720a2147d477389
ClassEval,LoRA-Flow,43,ClassEval_70::_validate_name,True,PASS,71f1ae844e9e2eb58d0e9af8496fc28d7493c0338df6cdde1716d6133f4a878d
ClassEval,LoRA-Flow,43,ClassEval_70::_validate_phoneNumber,True,PASS,4496f75c340f14bf54e0b198aa5501d0b60624e9df25720e32a4a53d4653c505
ClassEval,LoRA-Flow,43,ClassEval_70::_validate_sex,True,PASS,786ce611b76a4d5d88e390cd2698c971389fff1a02cebfe72e9e80593ac129f5
ClassEval,LoRA-Flow,43,ClassEval_71::check_win,False,CLASS_COMPILE_FAILURE:96,ca82a0780066176052c4a6c4940b98a838dfae942d93efb843e40ed5b7841031
ClassEval,LoRA-Flow,43,ClassEval_71::init_game,False,CLASS_COMPILE_FAILURE:96,2b6fb602b3653b31faa79eb9a8c0b586023029d53a21d73cd4706c78f6f73a9c
ClassEval,LoRA-Flow,43,ClassEval_71::move,False,COMPILE_FAILURE:41,538f1804f1c4f348bd33f7c2b355e003d59f8ab809cdf5ea498eba697e128f52
ClassEval,LoRA-Flow,43,ClassEval_73::attack,True,PASS,7dc96c5bf80b9d59074316d8ed131f71cde94fcb74ebe00402291b7d4eee85bd
ClassEval,LoRA-Flow,43,ClassEval_73::gain_exp,False,ASSERTION_FAILURE,6b9dd201d0b9cbfedf5df32659ec5e017b95aacc41daf58dd290987cebad9305
ClassEval,LoRA-Flow,43,ClassEval_73::heal,False,ASSERTION_FAILURE,2524c4a7c8bded3a187072c4cc2c6e00db5a9cbdb2cb8e50010494aa3b7736b3
ClassEval,LoRA-Flow,43,ClassEval_73::is_alive,True,PASS,65e846568b711f7366613b453fcd6031793bf845d0de0a31ac736aff9ac438c8
ClassEval,LoRA-Flow,43,ClassEval_73::level_up,False,ASSERTION_FAILURE,588580a1fe0cad585663b4147afa3a0936fed255eca12b164a403d16f6a7dd37
ClassEval,LoRA-Flow,43,ClassEval_75::add_item,False,ASSERTION_FAILURE,708fcc4403dabbbf638b0349945dceabcfff3c58f6ddfa5225b631eca85f4bb8
ClassEval,LoRA-Flow,43,ClassEval_75::remove_item,False,ASSERTION_FAILURE,5aa38d39d91a411eed3fe4a0ac0f33ca5a51fc65b7e5be97d812c5a6c1f30009
ClassEval,LoRA-Flow,43,ClassEval_75::total_price,False,ASSERTION_FAILURE,e9afd04f41e16a40117cd1205d552e431a9e6d261a3cb76dd44da9d7e642995c
ClassEval,LoRA-Flow,43,ClassEval_75::view_items,False,ASSERTION_FAILURE,59f10bc957e3023d16d1861cf10527dc4e2bfc5d545108bacf049b8f9d32da13
ClassEval,LoRA-Flow,43,ClassEval_76::add_user,True,PASS,938f51844fd360f6f69e7cb6e4aa1d70956d42fa439e113ea5487a0ac88ad10b
ClassEval,LoRA-Flow,43,ClassEval_76::all_not_signed_in,False,ASSERTION_FAILURE,4b0809fc18cfa867d96cdd8d1466743d72ef68052006a3fd6be7e0d5620c5ae1
ClassEval,LoRA-Flow,43,ClassEval_76::all_signed_in,False,ASSERTION_FAILURE,51eb38160cc76b22aa23a4be778d317b9ec01d51fb3d787704ebf7894bd99f73
ClassEval,LoRA-Flow,43,ClassEval_76::check_sign_in,False,ASSERTION_FAILURE,2ff9b36846b0135b2e58cb091b3606b71b952a890c5fcfd0f3eeb901234a7a18
ClassEval,LoRA-Flow,43,ClassEval_76::sign_in,True,PASS,5380c2ce34c93273d68c0b9d662d8eb5d1d610ea17ef8f1314ddefcdcf7bff7c
ClassEval,LoRA-Flow,43,ClassEval_79::delete,False,ASSERTION_FAILURE,3e6dee186024fe369c989e317359f756cda3342f02264184cb77909944fbe264
ClassEval,LoRA-Flow,43,ClassEval_79::insert,False,ASSERTION_FAILURE,fcab11ea5d051d67067a447dd35dae27318f05f453ae2774ba1d0bb25da89cd2
ClassEval,LoRA-Flow,43,ClassEval_79::select,False,ASSERTION_FAILURE,6e236a02a8cb7a896d9b3885a29d431972ab61993a36e9d64854ea5e4bc98730
ClassEval,LoRA-Flow,43,ClassEval_79::select_by_age_range,True,PASS,02ba2173c6146b3e96a73b2784f707dcf145f55181166d463410702db7e2b908
ClassEval,LoRA-Flow,43,ClassEval_79::select_female_under_age,True,PASS,e152ca4df06a785b8f31e97e99a7ba7b1515c5f50e5d2e1c48e688c9cc1944be
ClassEval,LoRA-Flow,43,ClassEval_79::update,False,ASSERTION_FAILURE,0f55fbb9257668727d64d9b517fa5f5597d4de41a4e3853fc194420097d1cd82
ClassEval,LoRA-Flow,43,ClassEval_7::check_balanced_brackets,False,ASSERTION_FAILURE,dbf1bf2c9aaa57ba4533af1302b877c4af49fdabf4703690bd60d42b18221b21
ClassEval,LoRA-Flow,43,ClassEval_7::clear_expr,True,PASS,cd0ef480f8e33738f1c19ce779cdee9f1e5f85192e31b3c780eaab0e1a68d47a
ClassEval,LoRA-Flow,43,ClassEval_81::correlation,False,PARSE_FAILURE,a601a70ba0214c77fe921df3c7408bfd683797adde03d2001a01287b8f9b3d8c
ClassEval,LoRA-Flow,43,ClassEval_81::correlation_matrix,False,ASSERTION_FAILURE,596cc6700066a38f854afadc9731c2446f9d43ecb885f8258b3851d81360012a
ClassEval,LoRA-Flow,43,ClassEval_81::mean,False,ASSERTION_FAILURE,5efd0b67c8cb6a71c93aaca3bdd640f18ebb76a088058905ac6c3db90f6db809
ClassEval,LoRA-Flow,43,ClassEval_81::median,True,PASS,72a361bd0b247a2537cd062d8c1b388dcfe3e4b9ee2fbb028e9079ff0355439d
ClassEval,LoRA-Flow,43,ClassEval_81::mode,False,ASSERTION_FAILURE,308ac7b84e783d2a11ddbfc535df7e587140667505bd525539b23d468175062a
ClassEval,LoRA-Flow,43,ClassEval_81::standard_deviation,False,RUNTIME_FAILURE,63d23580bf07be7a65028eb0b006e25a8f22fd65f5acd42c8f31613d0dde61a1
ClassEval,LoRA-Flow,43,ClassEval_81::z_score,False,RUNTIME_FAILURE,7de9deb8507e5cc7252d72e8950b6914dc8b890c2e0d6211a4cae059f7ace3c5
ClassEval,LoRA-Flow,43,ClassEval_82::add_stock,False,ASSERTION_FAILURE,d3b12b7ebdc33a5473e39cdee6bdbaa6aa54d9f9d1a7018c6429acc97b071954
ClassEval,LoRA-Flow,43,ClassEval_82::buy_stock,False,ASSERTION_FAILURE,4fd3525898d898f72275cd2da0a1a08145ca039a408d8e90cde7ba486c67bea7
ClassEval,LoRA-Flow,43,ClassEval_82::calculate_portfolio_value,False,ASSERTION_FAILURE,b1b7762317094221f468385e3f860f7d0f9d22e5c26fd5758ad726c875507de9
ClassEval,LoRA-Flow,43,ClassEval_82::get_portfolio_summary,False,ASSERTION_FAILURE,b4e6d0adf3d0fb07a942e9d153e4c3fdef895e4bae78a4e83fb4b59bd7ccf522
ClassEval,LoRA-Flow,43,ClassEval_82::get_stock_value,True,PASS,914590fb0b5f8411bb0abf77e54c3167516749a88a2eb74573de92e06cdf1748
ClassEval,LoRA-Flow,43,ClassEval_82::remove_stock,False,ASSERTION_FAILURE,136014fece2f7ff285f87b0c7e66e37c8391632dd4a6efc3e1e5fdf436b1c50c
ClassEval,LoRA-Flow,43,ClassEval_82::sell_stock,False,RUNTIME_FAILURE,edda5ac44852c1a3f33f3bac2b233cd0d9b4d536f3571541ba6037cded19ac9e
ClassEval,LoRA-Flow,43,ClassEval_84::process_file,False,RUNTIME_FAILURE,6a301c510a4b1553347c0242f7087fbada7abfe14b0f6d0d49e91dbe5ef8258c
ClassEval,LoRA-Flow,43,ClassEval_84::read_file,True,PASS,b21037f715707e19486b45346ca988ed8edd7c9cb313a1997a45b880a392be1e
ClassEval,LoRA-Flow,43,ClassEval_84::read_file_as_json,True,PASS,7cb76db0db458cf9ffe833f833b1997b11c82279b929df1fa1f621660bdd7278
ClassEval,LoRA-Flow,43,ClassEval_84::write_file,False,PARSE_FAILURE,d67006a4888246b4a0c37c77ede0633f44715243008716abe079f9c41d61ef5c
ClassEval,LoRA-Flow,43,ClassEval_85::auto_check_conflict,False,ASSERTION_FAILURE,1c3913982e83244678700fd587c29a718a0a6f1700549816c60a95b2a91ee4d3
ClassEval,LoRA-Flow,43,ClassEval_85::auto_set_mode,False,PARSE_FAILURE,c476f06d6208642886c88cd1819be19040dd4b45d65977c1cfc8230ffaeb8686
ClassEval,LoRA-Flow,43,ClassEval_85::get_mode,True,PASS,e196cbab95eb8b71d921618a1c7d81c936ece8ae2f1d538d7df042aa7b677a28
ClassEval,LoRA-Flow,43,ClassEval_85::get_target_temperature,True,PASS,d242f4813d72669879c6e0e970c5bb05ac705aa57a349fba73a11b2c5a1677ba
ClassEval,LoRA-Flow,43,ClassEval_85::set_mode,True,PASS,d3445e154f5b696f8610a70580e260d2d8e803d129ae5e7ec6084666f177d3ef
ClassEval,LoRA-Flow,43,ClassEval_85::set_target_temperature,False,PARSE_FAILURE,b93a2afca96938a798b7cb00e25901179c499728babb4bf27770a105c0b04681
ClassEval,LoRA-Flow,43,ClassEval_85::simulate_operation,False,ASSERTION_FAILURE,ea89ac67795e3a4dfdd8cd609946d02aaf0128c60fec59b0f5c12f1e627c46d5
ClassEval,LoRA-Flow,43,ClassEval_86::check_winner,False,ASSERTION_FAILURE,decdba8c51937d9c1c536cefe69306096eb20c32d268999ea61abb09551258b4
ClassEval,LoRA-Flow,43,ClassEval_86::is_board_full,False,ASSERTION_FAILURE,81fce19f345a93f5f4e3e88d3e05309c4a212cfe3f6523811a0495a8cb8418a9
ClassEval,LoRA-Flow,43,ClassEval_86::make_move,False,ASSERTION_FAILURE,31509659a6e8b33bcb371657e0520e4ef8433ef20d4605b9965755d044378430
ClassEval,LoRA-Flow,43,ClassEval_8::deposit,True,PASS,b3c733e8e5a8cd99e29918613063dd2f3765913d018e5606b2ce3d798f3449f2
ClassEval,LoRA-Flow,43,ClassEval_8::transfer,False,ASSERTION_FAILURE,d79123fdd5421c3eb04218d87de6c773b966164291377cc7227bc7c04b8c116e
ClassEval,LoRA-Flow,43,ClassEval_8::view_balance,True,PASS,515a4aecb0069c226f62ca8f6134559c46dc2d77d0019fe266331de4fb43e292
ClassEval,LoRA-Flow,43,ClassEval_8::withdraw,False,ASSERTION_FAILURE,986a821ecd456f511573d5b9ac8282b9f55c9f604b1b6b77b5a740839371aa4c
ClassEval,LoRA-Flow,43,ClassEval_90::get_fragment,False,RUNTIME_FAILURE,df95d1f2b8dc1d4799f2ab3f65c67d3cc784bbe941c9908ea1e57f5d2f1b3c0c
ClassEval,LoRA-Flow,43,ClassEval_90::get_host,False,RUNTIME_FAILURE,5b1b3408402ca430cad9d260a5d9a5dde6f6ce94a1ed718b84a8dfd7ab870898
ClassEval,LoRA-Flow,43,ClassEval_90::get_path,False,ASSERTION_FAILURE,bdd87e33c8efd63a18868a6529dcac8a85d8532bbec25c4b70e5c0cd0c8289ee
ClassEval,LoRA-Flow,43,ClassEval_90::get_query_params,False,ASSERTION_FAILURE,331f4dcab8d7dd3690a345d0668fc054bdf5ad4d864de14ceaf5aca2058b9337
ClassEval,LoRA-Flow,43,ClassEval_90::get_scheme,False,PARSE_FAILURE,0f7ffe90c3b5730c11d82d587ea7da489df8c1aa290de4ad13f3eec5d6729fcd
ClassEval,LoRA-Flow,43,ClassEval_92::delete_user_by_username,False,ASSERTION_FAILURE,bac528934b4a3ab853363c973ddbb055c1ce9defc99a94804a6ee0df4d669ef3
ClassEval,LoRA-Flow,43,ClassEval_92::insert_user,False,ASSERTION_FAILURE,05ce1dc648e12751734c6896b08a6323e14c89efadb76a9323ef1c4b96f4091e
ClassEval,LoRA-Flow,43,ClassEval_92::search_user_by_username,False,ASSERTION_FAILURE,a7727ee3632a333c33c6078d6aa98202fd35482b5c8264523782011248e14e01
ClassEval,LoRA-Flow,43,ClassEval_92::validate_user_login,False,ASSERTION_FAILURE,218b4e24a4ad228dfdb40d4ba31f130f3c454e07c50ffd9d74482bf839f65708
ClassEval,Per-Expert-SVD,41,ClassEval_11::add,False,RUNTIME_FAILURE,16e297863a20f58da6ee35fd29284e6ed0ae7a338a6cefda3ba014b6edf013e3
ClassEval,Per-Expert-SVD,41,ClassEval_11::check,True,PASS,5317190b995356d4de6dab1056ac663232cb790ad0cbe505dfb03c4e45ea073a
ClassEval,Per-Expert-SVD,41,ClassEval_11::has,True,PASS,85e15a0e1d3f68b07a98fcfaa699b03f3dde9e347b08ba7aefdece681a290b60
ClassEval,Per-Expert-SVD,41,ClassEval_11::remove,False,RUNTIME_FAILURE,2f5735022d440530d7c307fb648bc290e57aeff44cae90aa9a782d762c2fcc85
ClassEval,Per-Expert-SVD,41,ClassEval_12::calculate_hand_value,False,ASSERTION_FAILURE,515f13d1f06e6dbcd58b4ae102874dcb36a16d71c48405abe35e099429e34843
ClassEval,Per-Expert-SVD,41,ClassEval_12::check_winner,False,RUNTIME_FAILURE,e7681638ccb9b5045a2b3ac115549d9a3153383299cfbbf94b77a92460d94e50
ClassEval,Per-Expert-SVD,41,ClassEval_12::create_deck,False,ASSERTION_FAILURE,28b069ccbff1a7416ddcd53eb03ab6f049b8ecc66cddcb1b5e89092ce470ff95
ClassEval,Per-Expert-SVD,41,ClassEval_14::add_book,False,PARSE_FAILURE,dc5b2347dcd43fdc51d0d3e4792c4d98c60f7ab4cac057fc9f22b8b5b41bf6f3
ClassEval,Per-Expert-SVD,41,ClassEval_14::borrow_book,False,RUNTIME_FAILURE,f0a10ec1239573d4d02c03fcd41313601187a5a8605d6f47ea875753b17aeeb1
ClassEval,Per-Expert-SVD,41,ClassEval_14::create_table,False,ASSERTION_FAILURE,43c6d32a25cfe983346cd220d696e45beaebaf574557c90bdb0b2447ff3af6fb
ClassEval,Per-Expert-SVD,41,ClassEval_14::remove_book,False,RUNTIME_FAILURE,eb123327cbc54667130895f0d84e1f96155d547bbbe3f2c32740778303200e33
ClassEval,Per-Expert-SVD,41,ClassEval_14::return_book,False,RUNTIME_FAILURE,707144ec8d6ef6b82e6c175e3b16d84054eacdb33f37db81d21b9cf10e591858
ClassEval,Per-Expert-SVD,41,ClassEval_14::search_books,False,RUNTIME_FAILURE,4abe4cd28c1537598a632e96f7dc02202ad96991d6b52357c2b7edfea4b79716
ClassEval,Per-Expert-SVD,41,ClassEval_15::bad_character_heuristic,False,ASSERTION_FAILURE,9bc87a586d40a6d9fda4925459f077e2cae6c28558931b62948a13a12d99ff5d
ClassEval,Per-Expert-SVD,41,ClassEval_15::match_in_pattern,False,RUNTIME_FAILURE,46c4be793e616df1e0bc1d8a44bf5938cb1270fa6c28aac3d7182ba4537a8c9e
ClassEval,Per-Expert-SVD,41,ClassEval_15::mismatch_in_text,False,ASSERTION_FAILURE,2924a25840c2a4ec7afb976c1b223c78e0748368fc31164f54fe72c7ca06eb9c
ClassEval,Per-Expert-SVD,41,ClassEval_19::generate_primes,False,ASSERTION_FAILURE,870244bcb314c3228144630b442f84c0260e99d50dd295205e37caad786011b5
ClassEval,Per-Expert-SVD,41,ClassEval_19::get_primes,False,ASSERTION_FAILURE,d78421a514a7d19f787e52afcf9ea43f10c22cd3a6b88560472f2a1908b9d00a
ClassEval,Per-Expert-SVD,41,ClassEval_1::calculate_annulus_area,False,ASSERTION_FAILURE,5c30c30744cbc634a8ba9a210e8df5b571edbb27857bf07a67ac03cd6ac8610e
ClassEval,Per-Expert-SVD,41,ClassEval_1::calculate_circle_area,True,PASS,03908d4bc67e730730e7f1ec91a608862da0abf2ba934649d0a15f5711c12a96
ClassEval,Per-Expert-SVD,41,ClassEval_1::calculate_cylinder_area,False,ASSERTION_FAILURE,d2fc9e8b7d011bd4f93fdd775afb8ca639cc32b4d27fed75af1823366a155c3a
ClassEval,Per-Expert-SVD,41,ClassEval_1::calculate_sector_area,False,ASSERTION_FAILURE,a1ebea0d979ab065ea96f2448e51729b6154235ddcff6637944dab038092340a
ClassEval,Per-Expert-SVD,41,ClassEval_1::calculate_sphere_area,False,ASSERTION_FAILURE,844f530622f2f31e71be0a8663eb8453d7835a44ff063a89f004613597ede850
ClassEval,Per-Expert-SVD,41,ClassEval_22::get_all_major,False,ASSERTION_FAILURE,68332cdb315543f0f21954d9f6635b6a332a09731c2191060a3ec20bdbfdd4ae
ClassEval,Per-Expert-SVD,41,ClassEval_22::get_most_popular_class_in_major,False,ASSERTION_FAILURE,4f915265f929a8b923d263401716cb27c4b91c36bdbf17acf98ad1c562d9fb2c
ClassEval,Per-Expert-SVD,41,ClassEval_22::get_students_by_major,True,PASS,5c633b2c00c9c364007ad80d622c0b13b00c22777b5be6a1cbc29125740cf5c2
ClassEval,Per-Expert-SVD,41,ClassEval_22::register_class,True,PASS,68eedb0064833a613767fc30d721c0a6570bf13d3205321cc2014d85badade2e
ClassEval,Per-Expert-SVD,41,ClassEval_22::register_student,False,RUNTIME_FAILURE,694306ebdf7f3a34106f345332528b5103739c7bfe1d5cf44fb3abf2828ec175
ClassEval,Per-Expert-SVD,41,ClassEval_27::add_currency_rate,True,PASS,f1319c0acabcf092e2850ac8397841a22ce161e9ca0da12176903f7198f2a3e2
ClassEval,Per-Expert-SVD,41,ClassEval_27::convert,False,RUNTIME_FAILURE,6a336b2b76b8dd5f7baeb5c235875dfe66feb2818ebe40e80013d66d9c2a446d
ClassEval,Per-Expert-SVD,41,ClassEval_27::get_supported_currencies,False,ASSERTION_FAILURE,90b64159e0997d7f3242ea0ff68695241c8963fe4c35c0e10cd47bf5adec5d20
ClassEval,Per-Expert-SVD,41,ClassEval_27::update_currency_rate,True,PASS,984e771f59037e5d7b4067b9e012002b0bfcea2479003dcdc9205cec1b6a94f5
ClassEval,Per-Expert-SVD,41,ClassEval_29::mean,False,ASSERTION_FAILURE,561d9ea64a48af94be0f82ae6a87985aa4e0d1507e65d401a6459511ccc30a4e
ClassEval,Per-Expert-SVD,41,ClassEval_29::median,False,RUNTIME_FAILURE,e892b6e0eb4cd725af178eef1e862a3f386c3c1d0605ba90e999b8397d5a52b8
ClassEval,Per-Expert-SVD,41,ClassEval_29::mode,False,ASSERTION_FAILURE,fcc0ad8b9e1a170bc5b09ed2b85ffaa437bad31a7d8fb6f02d89c131c553d065
ClassEval,Per-Expert-SVD,41,ClassEval_2::_convert_type,False,RUNTIME_FAILURE,7261c1ccd9fe04cd01fdc65c16264c5c9bd647020fd3119a736e17d1cfafd2b3
ClassEval,Per-Expert-SVD,41,ClassEval_2::add_argument,False,RUNTIME_FAILURE,1526176f67df118583fb359cd5dc8e3ec2ad772c72e643e6bf801f33b3af03e1
ClassEval,Per-Expert-SVD,41,ClassEval_2::get_argument,True,PASS,a0c298ca5311d89e705d2c0c729119a78bc4a7e4327b62326a960f4304f49f3b
ClassEval,Per-Expert-SVD,41,ClassEval_2::parse_arguments,False,RUNTIME_FAILURE,802eaf950006a1900a1089d1e00f029a9231febd2ea33c881d5df190f971162d
ClassEval,Per-Expert-SVD,41,ClassEval_30::get_correlation,False,RUNTIME_FAILURE,4cf9604780b3bf52bf712d63157abb836522beb438b68629534a7e36d72e7905
ClassEval,Per-Expert-SVD,41,ClassEval_30::get_max,True,PASS,8ba74a5a4bb87f5ff62921ff6d554e03b26e8efbd9875c24e5e08a31e5fdc643
ClassEval,Per-Expert-SVD,41,ClassEval_30::get_min,True,PASS,b5617caf338f1858d4b77ca6733a8ddf9e52703243368626b9f7b5f04d8a7479
ClassEval,Per-Expert-SVD,41,ClassEval_30::get_std_deviation,False,ASSERTION_FAILURE,4b745ef0bb372aa333ce694011f498e25ead13673c111cc25ce906a5b82940c9
ClassEval,Per-Expert-SVD,41,ClassEval_30::get_sum,False,ASSERTION_FAILURE,12910021a1532ca04eaec3fb445378fb48a495c5eb25dd3736fd8c049fbd50ca
ClassEval,Per-Expert-SVD,41,ClassEval_30::get_variance,True,PASS,8f6ac965850e4eea5d5a3734558b7e02832d3ee2dbd20d369c403b0e97c9b214
ClassEval,Per-Expert-SVD,41,ClassEval_32::caesar_decipher,False,ASSERTION_FAILURE,029cb433109ceafd246610b5ca1e7adfebd649f15e0d05ec00629ac7b8631fbb
ClassEval,Per-Expert-SVD,41,ClassEval_32::rail_fence_decipher,False,ASSERTION_FAILURE,e82f24aa21f89d408f50d3273becf08464d0c4c81b5157fb78c868e076131e7c
ClassEval,Per-Expert-SVD,41,ClassEval_32::vigenere_decipher,False,ASSERTION_FAILURE,fc833de802ac973dbd5c02f855e95d20bf7b4128515218ccb6e33b68672ab2e9
ClassEval,Per-Expert-SVD,41,ClassEval_33::BulkItemPromo,False,COMPILE_FAILURE:10,ceda21dfd71952dee61cedd6b86926bd02976467fbcb444303d70290ef98b9fc
ClassEval,Per-Expert-SVD,41,ClassEval_33::FidelityPromo,False,CLASS_COMPILE_FAILURE:46,01bfb68b35f76eb059d49663cd73da20665e5f6fa473bc4af0b5b38bf1a044f0
ClassEval,Per-Expert-SVD,41,ClassEval_33::LargeOrderPromo,False,CLASS_COMPILE_FAILURE:46,98cd5f916577dbe57dd931276625023605da221c6a7af6a314c78f632e24549c
ClassEval,Per-Expert-SVD,41,ClassEval_33::due,False,COMPILE_FAILURE:12,46ac94f315f495a6894ca61648e7dc2338a8652b341e709dec1e1d2ade2c78eb
ClassEval,Per-Expert-SVD,41,ClassEval_33::total,False,CLASS_COMPILE_FAILURE:46,6481fff424fc6caaf4337eb704b080d4484902f1cbdea7a65111aa642c89c37d
ClassEval,Per-Expert-SVD,41,ClassEval_35::find_blank,False,ASSERTION_FAILURE,faa30848c5b60dfcfb3afbd68ddb83f9fa077a7d074ca611277c0ed4726d379c
ClassEval,Per-Expert-SVD,41,ClassEval_35::get_possible_moves,False,ASSERTION_FAILURE,d5ccd3c614445bb17a6f90843506eeded163eb3f0dbd5866c009a1ff1d0edb91
ClassEval,Per-Expert-SVD,41,ClassEval_35::move,False,RUNTIME_FAILURE,8abbc868af4268df042328dbb0fcc78e3ff471a90ae5d046cc20950991b3f16d
ClassEval,Per-Expert-SVD,41,ClassEval_35::solve,False,ASSERTION_FAILURE,d4784876bcbdbe26d343241087959694a9fedeffdaeae666f0ec0aa31b7e1b93
ClassEval,Per-Expert-SVD,41,ClassEval_37::caesar_cipher,False,ASSERTION_FAILURE,adb987585d87faad3c463b8eeaba93547d7492fe2c2d0859eed968f0d04a91b4
ClassEval,Per-Expert-SVD,41,ClassEval_37::rail_fence_cipher,False,RUNTIME_FAILURE,f84fa5fb9e1b486e94c88c694ff21419151798e02e34245e7d49f530f3a52ccc
ClassEval,Per-Expert-SVD,41,ClassEval_37::vigenere_cipher,False,ASSERTION_FAILURE,82f341cc5b46e4ca792f8a6ff806ecf2ae814da813b01d35819ba1c4341428d9
ClassEval,Per-Expert-SVD,41,ClassEval_39::_calculate,False,PARSE_FAILURE,8b120c21b62a606fe201b6168ec011fd53a2861a9a7cd16f223e2c0fbbb38e6b
ClassEval,Per-Expert-SVD,41,ClassEval_39::calculate,False,RUNTIME_FAILURE,e997eb8991bf41dc6f59c79c415799a11421a8e6d3c2efd0dea0df9a689d373d
ClassEval,Per-Expert-SVD,41,ClassEval_39::compare,False,ASSERTION_FAILURE,cbc04e7e207306af24ddb5edb0b8703627ef43ea254a4574426f72770568781e
ClassEval,Per-Expert-SVD,41,ClassEval_39::is_operator,True,PASS,dc38cafb7e24296da58cab7579c5d1dcffe7bddbf2cdbb6b1ecc349c64fce15b
ClassEval,Per-Expert-SVD,41,ClassEval_39::prepare,False,ASSERTION_FAILURE,936f410fcb1ea89ee685038e0fcd737fb123a2050c78a91c15f22fa308429ffb
ClassEval,Per-Expert-SVD,41,ClassEval_39::transform,False,RUNTIME_FAILURE,7cd8a72413f94806fae07db45ea8055b969fe151471052bd9f6a5d2d34369232
ClassEval,Per-Expert-SVD,41,ClassEval_3::count,False,CLASS_COMPILE_FAILURE:122,142f375dfb73a986fe0043ef88f538d6193bfe4e9eb02a0b2b7fe9f57889435d
ClassEval,Per-Expert-SVD,41,ClassEval_3::count_all,False,COMPILE_FAILURE:102,ce716fa047db50a1ce1b13fe01c2876f6e512e2fbde6f78478576e0a54a87062
ClassEval,Per-Expert-SVD,41,ClassEval_3::factorial,False,CLASS_COMPILE_FAILURE:122,2cba484afc1058721e6520c7e4c160f07e679bedee39e49eb8fea1d6056da01d
ClassEval,Per-Expert-SVD,41,ClassEval_3::select,False,CLASS_COMPILE_FAILURE:122,132d346abe3b49f6326b8a79b14f3a67e315b7299a91273f4b2117bebf2d5dc2
ClassEval,Per-Expert-SVD,41,ClassEval_3::select_all,False,CLASS_COMPILE_FAILURE:122,5204aee64071a474b6bda400126116259670c9b6a14516b953c43d08054cb09d
ClassEval,Per-Expert-SVD,41,ClassEval_41::_check_five_in_a_row,False,ASSERTION_FAILURE,e7341e25e54fed2874ef11c8ce5f3aaf264e6d3b6073473b8dbc65fd08318910
ClassEval,Per-Expert-SVD,41,ClassEval_41::check_winner,False,ASSERTION_FAILURE,159aef8a35144c5a56765a27715d792a06f8d191f9882ded797639d643b6762b
ClassEval,Per-Expert-SVD,41,ClassEval_41::make_move,True,PASS,964b7e04da6f95832558138d0cdb31e4a987441c74a987b869570b754232b84d
ClassEval,Per-Expert-SVD,41,ClassEval_42::book_room,False,RUNTIME_FAILURE,ddc39bfbc3ecfad2249a38333ce91c8a30499603fc836d3870aad9d1681aa56b
ClassEval,Per-Expert-SVD,41,ClassEval_42::check_in,False,ASSERTION_FAILURE,efadc7d537e23a4054ed5b633864649d2a6cfb8193fdb45f1b81a5a1475af398
ClassEval,Per-Expert-SVD,41,ClassEval_42::check_out,False,RUNTIME_FAILURE,afea5fd5edf5c1ec71c7b1a70ec3dfd87e81916197418d23fc1ae1acd12ba40e
ClassEval,Per-Expert-SVD,41,ClassEval_42::get_available_rooms,False,RUNTIME_FAILURE,ed51a910d3acf71c85e4366f7d9d312bd2f80620a38e6f130363b67c02b039d5
ClassEval,Per-Expert-SVD,41,ClassEval_43::add_employee,True,PASS,e96c587b70c4a4f688754ede486addeb64afabba4b4d8e2faca3a5dba3f8ba24
ClassEval,Per-Expert-SVD,41,ClassEval_43::get_employee,True,PASS,d7f303a9671e40a15d74ea5d7bed09068740b8e4534060e9c3cbddcfe4276102
ClassEval,Per-Expert-SVD,41,ClassEval_43::list_employees,False,ASSERTION_FAILURE,6db8f07da1472a5450fd80f31814e81226f2aaf0cd83e83745582bc099dda4de
ClassEval,Per-Expert-SVD,41,ClassEval_43::remove_employee,True,PASS,4c5fbabe48e1a17bf11a68f28a172000a620c6d08e31f2920dabee69e4d6c890
ClassEval,Per-Expert-SVD,41,ClassEval_43::update_employee,False,ASSERTION_FAILURE,2deec0401c76121cc65e2da90ba802bb29c5f15c2041a3e2d1924ac43d53a674
ClassEval,Per-Expert-SVD,41,ClassEval_46::interpolate_1d,False,ASSERTION_FAILURE,e72a5d00e1177b105f63a47f4e8e4b529fabaa8ee0788ee3a7bd8842f65ee86a
ClassEval,Per-Expert-SVD,41,ClassEval_46::interpolate_2d,False,RUNTIME_FAILURE,446282dfad3b54febb6109e6ca94d6a08e3b887844b67e2993798cd483929f4b
ClassEval,Per-Expert-SVD,41,ClassEval_47::get_binary,False,ASSERTION_FAILURE,ebfa8dfd874c056a318dc3cc720ab77967414f5062f0849a86df65f30e5ede35
ClassEval,Per-Expert-SVD,41,ClassEval_47::get_octets,False,ASSERTION_FAILURE,fbd27dba495f988c810e7bf608041d63bb18910018f5cba4ba0952f98dc44c2c
ClassEval,Per-Expert-SVD,41,ClassEval_47::is_valid,False,ASSERTION_FAILURE,febedbddabc49247e6548249a6d4a53ad6f1e50b258bd236dbcc27c4039e3a5c
ClassEval,Per-Expert-SVD,41,ClassEval_53::add_word,True,PASS,f906232c805568e9ca5856d62af8d2bcbe6685f7c2023176c5ecd1142a24bfc9
ClassEval,Per-Expert-SVD,41,ClassEval_53::find_longest_word,False,ASSERTION_FAILURE,c1012514f2b0188680f1c3794f210188a95cbe1b5fd06e1121cabea1b281d0d5
ClassEval,Per-Expert-SVD,41,ClassEval_54::create_board,True,PASS,c12fa45cf4c80fb8c993aef79ba967acfe41d4c36ad8fabbf4efeb534516a2e7
ClassEval,Per-Expert-SVD,41,ClassEval_54::has_path,False,ASSERTION_FAILURE,805d4ad4ab33d6f2c2279e1e3675a03c25227352caaf8480dc9412eb250fe162
ClassEval,Per-Expert-SVD,41,ClassEval_54::is_game_over,False,ASSERTION_FAILURE,811ce13dec6f31cbcc37665a3c7b74fbce61d94a05f75305e659b72698b8e405
ClassEval,Per-Expert-SVD,41,ClassEval_54::is_valid_move,False,RUNTIME_FAILURE,1f260d5987cb78aeee616b08c9c1cf7ba1a7ed6701ed18ac640d9cf44308e7ba
ClassEval,Per-Expert-SVD,41,ClassEval_54::remove_icons,False,ASSERTION_FAILURE,a831dafc4319d7614fb091e3b2c738342f6118bb8eaaa979f593309d20a0c085
ClassEval,Per-Expert-SVD,41,ClassEval_55::palindromic_length,False,RUNTIME_FAILURE,17cecb6c0d7c7405956ea136f5274afceb76ac643621417e1ee725dbd31b8062
ClassEval,Per-Expert-SVD,41,ClassEval_55::palindromic_string,False,RUNTIME_FAILURE,9d9d0c3b059c60cbc416c19a67ba6a08c817dc44c8523afac8013bb411f7eaf5
ClassEval,Per-Expert-SVD,41,ClassEval_56::accuracy,False,ASSERTION_FAILURE,e1330a117a27359c7a099023ae114d27fa0eb5954b16261a73298ce94fd3d64a
ClassEval,Per-Expert-SVD,41,ClassEval_56::f1_score,False,RUNTIME_FAILURE,f9fd602ae7a5a6a6629cffb73c69c90ab3c5055892fe631dcd5796b57eec75c9
ClassEval,Per-Expert-SVD,41,ClassEval_56::precision,False,RUNTIME_FAILURE,db9c4915d083f305099fc573002f62bd2b8bce1bfc149dbc0bd952ae47cbc29d
ClassEval,Per-Expert-SVD,41,ClassEval_56::recall,False,ASSERTION_FAILURE,f54ab9307be8c52448f3d0e26b42410879c43b6c2c35bac86c7e68f3a05938fd
ClassEval,Per-Expert-SVD,41,ClassEval_56::update,False,ASSERTION_FAILURE,926845f966108857e0c38a99cbd0fa0a135cc48b39ab35030b275a40dd7a1b14
ClassEval,Per-Expert-SVD,41,ClassEval_57::map,False,RUNTIME_FAILURE,e9e4632d8a659d7925685fe7d34452b4acf0d90d3568a4b801f45305d3452e4a
ClassEval,Per-Expert-SVD,41,ClassEval_57::mrr,False,RUNTIME_FAILURE,6b9c135e17c4666b5ef6824620d450c11bb67a8220ae47c9fd05de3845d91377
ClassEval,Per-Expert-SVD,41,ClassEval_58::check_won,False,RUNTIME_FAILURE,c03497001711eceffa0b6c5fe763bd606f71d3b2cba013dc7075220ad6d32121
ClassEval,Per-Expert-SVD,41,ClassEval_58::generate_mine_sweeper_map,False,RUNTIME_FAILURE,a7697e7431a8013c8d371922d531fd1b2c1b915a80f94cf37dc3539adb5c7f08
ClassEval,Per-Expert-SVD,41,ClassEval_58::generate_playerMap,False,RUNTIME_FAILURE,27a2859cf2c09af6daa25d19e6c8a53740cd2ccd2e5b847c3c3b48c2f3b228d5
ClassEval,Per-Expert-SVD,41,ClassEval_58::sweep,False,RUNTIME_FAILURE,9a6c50dfc498761e23c71cfda80b51b8fbdd99bb160956865f444151f8a8de8b
ClassEval,Per-Expert-SVD,41,ClassEval_59::add_movie,False,ASSERTION_FAILURE,9225c958ef91d185796f1d00b185a0510fdfa54cfbc341951ea6f2932aa3f9ed
ClassEval,Per-Expert-SVD,41,ClassEval_59::available_movies,False,ASSERTION_FAILURE,e9ea8656b263990192fe54777a0b0992d97484bb4b76f2dbf28f55de71ed3c78
ClassEval,Per-Expert-SVD,41,ClassEval_59::book_ticket,False,ASSERTION_FAILURE,69e030f9abf4dd8b5a0f00c36846aa319418beefa112f8bdb2a68fba17b2190c
ClassEval,Per-Expert-SVD,41,ClassEval_61::add_song,True,PASS,c6cf1076728ba56585cd1005ae7012eb9821d85a0886da9dafda658e47e55858
ClassEval,Per-Expert-SVD,41,ClassEval_61::play,False,RUNTIME_FAILURE,4b73ebc59176148e6dd4207248b571f2eadacdca0dc8ab65afc94d532fc73182
ClassEval,Per-Expert-SVD,41,ClassEval_61::previous_song,False,ASSERTION_FAILURE,2905eeda2f1f087c5e92f29f2bd3696be8cdb62828186d9790f3fad41f0951fb
ClassEval,Per-Expert-SVD,41,ClassEval_61::remove_song,False,RUNTIME_FAILURE,c9c0705173f500da99c2476782d60fdc2ecfd932464a0009e02b4e8958075a3c
ClassEval,Per-Expert-SVD,41,ClassEval_61::set_volume,False,ASSERTION_FAILURE,689ed2e7022ecc91ff518a543f37e5b982948c4b1c5fdb610c8f09533a655399
ClassEval,Per-Expert-SVD,41,ClassEval_61::shuffle,True,PASS,2e43c5b37064aa560c1db5e4873cb8a1d2bcbd0661bc862c3a7a6835f3caa03b
ClassEval,Per-Expert-SVD,41,ClassEval_61::stop,True,PASS,108fc98305452e22ef72e071cbb9051f27cc0ce3179c9dff135f9c57120d77e0
ClassEval,Per-Expert-SVD,41,ClassEval_61::switch_song,False,ASSERTION_FAILURE,a619f6aad57456943c7586ada9894370f8d6530aabb3a9287de997f8798919d0
ClassEval,Per-Expert-SVD,41,ClassEval_64::binary_to_decimal,False,CLASS_COMPILE_FAILURE:162,d7f6e02fc6eb3961c4b5346c2f18bb8e21e44458618bb520a15e7038e8b5f3c0
ClassEval,Per-Expert-SVD,41,ClassEval_64::decimal_to_binary,False,CLASS_COMPILE_FAILURE:162,83fb1968218518336510ce5f799ff6d49c891b73ec332b63c0000eadafa6c351
ClassEval,Per-Expert-SVD,41,ClassEval_64::decimal_to_hex,False,CLASS_COMPILE_FAILURE:162,c34b2352ae2e45a06472e47089f1f669f9603da070166981b7bd1ad6e8c04933
ClassEval,Per-Expert-SVD,41,ClassEval_64::decimal_to_octal,False,CLASS_COMPILE_FAILURE:162,2e2fa9f97068a67fc127017f77468ea72f8b5c949b49dc48c687c4eda8c3442f
ClassEval,Per-Expert-SVD,41,ClassEval_64::hex_to_decimal,False,COMPILE_FAILURE:55,2283ee773ca07f1a7235aa878148845b9d3911f449876f0c3e1a1392b97e6c22
ClassEval,Per-Expert-SVD,41,ClassEval_64::octal_to_decimal,False,CLASS_COMPILE_FAILURE:162,054645cabe666cf20af1c6b4f1cd7c02c54a6e08cb6cead204816a6bedc8fe20
ClassEval,Per-Expert-SVD,41,ClassEval_65::format,False,RUNTIME_FAILURE,e5dce2716b7fa84028e8bb0e907516b2df14b422a536700321e40661731f59a4
ClassEval,Per-Expert-SVD,41,ClassEval_65::format_string,False,ASSERTION_FAILURE,84bdc500361ed4cc1f02a6308380cd47c7bcb1c63799e6b84f09fee4412ead85
ClassEval,Per-Expert-SVD,41,ClassEval_65::parse_more,False,ASSERTION_FAILURE,f2dd6e4a23649956b9924d25cdf855e459b3b5a3754b92948aa9072ba44ba7ad
ClassEval,Per-Expert-SVD,41,ClassEval_65::trans_three,False,ASSERTION_FAILURE,bce21efaa8097a4f455e0d6f93d1dfeaf09add17bc1b8c3968fa75b046a878e2
ClassEval,Per-Expert-SVD,41,ClassEval_65::trans_two,False,ASSERTION_FAILURE,972f58c695801969571fd6af2313f6d0d7eae44942b1d46bff923a6187589bf9
ClassEval,Per-Expert-SVD,41,ClassEval_68::get_page,False,CLASS_COMPILE_FAILURE:83,1118603a77792f7b18c1360ce4027a85df00116f1433905eae2da8df264d5b7e
ClassEval,Per-Expert-SVD,41,ClassEval_68::get_page_info,False,CLASS_COMPILE_FAILURE:83,cd246d76cd69f9656728f5d949f6364197bbf3703492f1b5ba8776efe46b4f3f
ClassEval,Per-Expert-SVD,41,ClassEval_68::search,False,COMPILE_FAILURE:15,215a84ca6248abd46cee54b93f469d0e83e4ac14d7498ec89a044a7b8c9e2b83
ClassEval,Per-Expert-SVD,41,ClassEval_70::_validate_name,False,RUNTIME_FAILURE,46fd1618c4af80967b50a7c9f3faaa7b1c50e77aa65a2fa2499f21267f1c061d
ClassEval,Per-Expert-SVD,41,ClassEval_70::_validate_phoneNumber,False,RUNTIME_FAILURE,2fdc0d97efc114f28c044ad0597ea9a4c121cb809eca96e712d6a5850f3eab10
ClassEval,Per-Expert-SVD,41,ClassEval_70::_validate_sex,False,RUNTIME_FAILURE,a0e2168d7265e9e4b10f2e16aa9f4b3081387169eb92043e52af8dbae3ac76b3
ClassEval,Per-Expert-SVD,41,ClassEval_71::check_win,False,RUNTIME_FAILURE,e46eb02574dded03bdf858e08c37493ebad7d009196d207816fdd57753e88047
ClassEval,Per-Expert-SVD,41,ClassEval_71::init_game,False,RUNTIME_FAILURE,726cfbf0752b4c63a0ed580f71154925bdaa31dd539f3063a4c620ca834b3b67
ClassEval,Per-Expert-SVD,41,ClassEval_71::move,False,RUNTIME_FAILURE,a4e1024e5f4da88c3652070ee42cf677405289dd4479666847f9fac57bbebff9
ClassEval,Per-Expert-SVD,41,ClassEval_73::attack,True,PASS,7dc96c5bf80b9d59074316d8ed131f71cde94fcb74ebe00402291b7d4eee85bd
ClassEval,Per-Expert-SVD,41,ClassEval_73::gain_exp,False,ASSERTION_FAILURE,ba1b0ba42220a7274ecd7bcc2d72c557877e03b2712cbc23c08c3e8b5bf5c2df
ClassEval,Per-Expert-SVD,41,ClassEval_73::heal,True,PASS,338989b002c1cca25b47a2d6b4a6aaa39c107a4d787467d6ab4319f3b1d401ca
ClassEval,Per-Expert-SVD,41,ClassEval_73::is_alive,True,PASS,fe6097e410fc924d6e469f13d5bddcd8891a8697afcf9643220af04bf7190702
ClassEval,Per-Expert-SVD,41,ClassEval_73::level_up,False,ASSERTION_FAILURE,d1457443c81e95cd597e7932baf9417c090875f794de0c1d8c09dc072eaa724a
ClassEval,Per-Expert-SVD,41,ClassEval_75::add_item,False,ASSERTION_FAILURE,708fcc4403dabbbf638b0349945dceabcfff3c58f6ddfa5225b631eca85f4bb8
ClassEval,Per-Expert-SVD,41,ClassEval_75::remove_item,False,ASSERTION_FAILURE,d0ac465d9a05a1400a747b13f4ee4f189108c8b57327fec4b1ebd7b364754c32
ClassEval,Per-Expert-SVD,41,ClassEval_75::total_price,False,ASSERTION_FAILURE,93060886221e44434ce5c6f18d49482fdf5c51845ae262756bdeea0529f89364
ClassEval,Per-Expert-SVD,41,ClassEval_75::view_items,False,ASSERTION_FAILURE,8ffa22c04cc85102016fe1e6874ec75c402ca25745e1b1b837a51a00c98f3db7
ClassEval,Per-Expert-SVD,41,ClassEval_76::add_user,True,PASS,368b34d18a024417c8558b7fd52ae05034e8be8d83ee3b82f14a6afe2ef9ad64
ClassEval,Per-Expert-SVD,41,ClassEval_76::all_not_signed_in,False,ASSERTION_FAILURE,4b0809fc18cfa867d96cdd8d1466743d72ef68052006a3fd6be7e0d5620c5ae1
ClassEval,Per-Expert-SVD,41,ClassEval_76::all_signed_in,False,ASSERTION_FAILURE,28bc41cd505689f5693fd6699e38cbcd9e36464bd1b6d8437d017c907b0f1413
ClassEval,Per-Expert-SVD,41,ClassEval_76::check_sign_in,False,ASSERTION_FAILURE,91172c5d1dd33d079060bf0e809442c4ed974ed16f0750bc4f88c03b59f8ced2
ClassEval,Per-Expert-SVD,41,ClassEval_76::sign_in,True,PASS,022f887b30f61df889cde269eed4d2090e980e82bf3bded7bd15fece791d5926
ClassEval,Per-Expert-SVD,41,ClassEval_79::delete,False,ASSERTION_FAILURE,bc219bf0612535908a7b28dd1de98728abdf55802a66a84532c0d6782845934a
ClassEval,Per-Expert-SVD,41,ClassEval_79::insert,False,ASSERTION_FAILURE,d29bde90f57b620234355d94385bc2c237f077cff06ce8f51a088d9725069b42
ClassEval,Per-Expert-SVD,41,ClassEval_79::select,False,ASSERTION_FAILURE,707c541dfb35a9da10056681e03a4b07600069da69c954ed01ee2bc7e8d43fe2
ClassEval,Per-Expert-SVD,41,ClassEval_79::select_by_age_range,True,PASS,02ba2173c6146b3e96a73b2784f707dcf145f55181166d463410702db7e2b908
ClassEval,Per-Expert-SVD,41,ClassEval_79::select_female_under_age,True,PASS,e152ca4df06a785b8f31e97e99a7ba7b1515c5f50e5d2e1c48e688c9cc1944be
ClassEval,Per-Expert-SVD,41,ClassEval_79::update,False,RUNTIME_FAILURE,1e2c02ee8574e0eb21a08c1f2917b6ee2fbac778ea1163ef3216067ed9f75d7f
ClassEval,Per-Expert-SVD,41,ClassEval_7::check_balanced_brackets,False,ASSERTION_FAILURE,9cae91ce11d0682efc8b7d47caf920f188f786624c6cfd07d098832d3df6845a
ClassEval,Per-Expert-SVD,41,ClassEval_7::clear_expr,True,PASS,677ebb93e450b4172bdd2b8a681a697997ae1fc78ba3035e96a1ce062bdaf395
ClassEval,Per-Expert-SVD,41,ClassEval_81::correlation,False,RUNTIME_FAILURE,35789a7e4971fef156cb51da99b10fbdab07104c7920bdd648b1263eb96006b6
ClassEval,Per-Expert-SVD,41,ClassEval_81::correlation_matrix,False,ASSERTION_FAILURE,61891a9437c27a1361a70a38bdba34a5d14edeb4997a61a24476bf8a0786eba8
ClassEval,Per-Expert-SVD,41,ClassEval_81::mean,False,RUNTIME_FAILURE,7b03e2308de89973c7d127e7646ec4407c3127be6f91a6b3145ae263ff8069d7
ClassEval,Per-Expert-SVD,41,ClassEval_81::median,True,PASS,091426db892b7dc307b4d9773fd8ad6ea837b3b729985889c0447080471444d6
ClassEval,Per-Expert-SVD,41,ClassEval_81::mode,False,ASSERTION_FAILURE,7527377978b195e5c0dc3762437bcd808b06cd1381e73a686167521a8b66e748
ClassEval,Per-Expert-SVD,41,ClassEval_81::standard_deviation,False,RUNTIME_FAILURE,6ea4efcebeec3b69068236fd90ea76c1590c0e2bd3106a14ee790cbb4a404f4a
ClassEval,Per-Expert-SVD,41,ClassEval_81::z_score,False,RUNTIME_FAILURE,9c50bc7f9c8668da385a9cbcf883e269c4c8e0fc0417de9dd7dab815a7cd63f2
ClassEval,Per-Expert-SVD,41,ClassEval_82::add_stock,False,ASSERTION_FAILURE,84c59629ade0e48035f6e023b006cee549200dcf4fdfbedd1f6f1ecb42d732f1
ClassEval,Per-Expert-SVD,41,ClassEval_82::buy_stock,False,ASSERTION_FAILURE,4fd3525898d898f72275cd2da0a1a08145ca039a408d8e90cde7ba486c67bea7
ClassEval,Per-Expert-SVD,41,ClassEval_82::calculate_portfolio_value,False,ASSERTION_FAILURE,68468770e061da7eef6b970c7e89fa30519de3236506324f9ab984ee1d316c8f
ClassEval,Per-Expert-SVD,41,ClassEval_82::get_portfolio_summary,False,ASSERTION_FAILURE,62436c4da25ede4f8d60410efd2ef000a26fb529a0bc8f905c75c52a0a896139
ClassEval,Per-Expert-SVD,41,ClassEval_82::get_stock_value,True,PASS,914590fb0b5f8411bb0abf77e54c3167516749a88a2eb74573de92e06cdf1748
ClassEval,Per-Expert-SVD,41,ClassEval_82::remove_stock,False,ASSERTION_FAILURE,edc2abeaeb3fd510135ab6e284d43d09e9deee7bc41d206a62a024164cec7b15
ClassEval,Per-Expert-SVD,41,ClassEval_82::sell_stock,False,RUNTIME_FAILURE,de0e9e62d12c4b7764f8e3df01c27817f0afb6e05ff04e2e64420f34613c3b6f
ClassEval,Per-Expert-SVD,41,ClassEval_84::process_file,False,RUNTIME_FAILURE,8a64b0febad01b8df2d8b0ed3d55375249cdfdeb43e5c4a1844ee03f7011d2e2
ClassEval,Per-Expert-SVD,41,ClassEval_84::read_file,True,PASS,a3afb0f004482a02d9c3ad1aaf527bac8540a3f09ad8004f5d5241c8d675b6ce
ClassEval,Per-Expert-SVD,41,ClassEval_84::read_file_as_json,True,PASS,a2cbbc0f7358490e1214536c8c5141e22d2084f51efa86d68ecb26f5c4ca425f
ClassEval,Per-Expert-SVD,41,ClassEval_84::write_file,True,PASS,0ee39411eeb09450d43818f25bb2e55cf3d2201523b2c4ce3b22c878ee0bc8ac
ClassEval,Per-Expert-SVD,41,ClassEval_85::auto_check_conflict,False,ASSERTION_FAILURE,ac1ea1eb500e48365f71dfbd9c774c8eb78cc0cc5a4a7aba5ac9078338a4bab7
ClassEval,Per-Expert-SVD,41,ClassEval_85::auto_set_mode,False,RUNTIME_FAILURE,d6574e53fc8f14610218c08844564ce2a13a61e95c899ab476e9b55f5904e7d5
ClassEval,Per-Expert-SVD,41,ClassEval_85::get_mode,False,PARSE_FAILURE,5192f7f0ec4cb47e5a0b6fc4244d423206e078f359574efd3fff93c6140943ca
ClassEval,Per-Expert-SVD,41,ClassEval_85::get_target_temperature,True,PASS,d242f4813d72669879c6e0e970c5bb05ac705aa57a349fba73a11b2c5a1677ba
ClassEval,Per-Expert-SVD,41,ClassEval_85::set_mode,False,RUNTIME_FAILURE,839205e54ccc72b69853120a2894c742d397546c093292573b02f2aadce89654
ClassEval,Per-Expert-SVD,41,ClassEval_85::set_target_temperature,True,PASS,3e2db09da1f52bed70f577c85a45aef7857b587356c8e421dae733432893553a
ClassEval,Per-Expert-SVD,41,ClassEval_85::simulate_operation,False,TIMEOUT,b18ae45510284b7d4a0d1ae19f947f909c832c1290dfe09019186aa60470fa99
ClassEval,Per-Expert-SVD,41,ClassEval_86::check_winner,False,RUNTIME_FAILURE,8bea9728304b8b1ab1a111a9b54648133ef64d7dda9b4dea3cb9f15db86a96fe
ClassEval,Per-Expert-SVD,41,ClassEval_86::is_board_full,False,ASSERTION_FAILURE,d36516b11b2c236a349b04f64dfb810f4ce124e3f187828648531a007e2b9633
ClassEval,Per-Expert-SVD,41,ClassEval_86::make_move,False,ASSERTION_FAILURE,05edf1dfca7ed75bab6081916993f5362c30f5ea533fab63fe431701121125bb
ClassEval,Per-Expert-SVD,41,ClassEval_8::deposit,False,CLASS_COMPILE_FAILURE:30,38631022e158f8d45d45f2e4cac5a13d787594ca3dd9ac13b4c96d609fc24d4d
ClassEval,Per-Expert-SVD,41,ClassEval_8::transfer,False,CLASS_COMPILE_FAILURE:30,412fa9254d284ea717f66e50f4c7dc61c37a72859de03c4ff4fb84d962daf2e9
ClassEval,Per-Expert-SVD,41,ClassEval_8::view_balance,False,CLASS_COMPILE_FAILURE:30,d8c554b1b37eed59f1cda8adb134685196898b68ac0fbbdb8e481b92f82ad054
ClassEval,Per-Expert-SVD,41,ClassEval_8::withdraw,False,COMPILE_FAILURE:10,31f1b4e4e31490865a5b8840a882ba4ca17ddcabba77a647ed7f9a7d1ba4e67c
ClassEval,Per-Expert-SVD,41,ClassEval_90::get_fragment,False,RUNTIME_FAILURE,a0d8d1b03e1e17ac0e60a6b1aab6b99a11a17b66684fb0c5f3c7319ac585dc45
ClassEval,Per-Expert-SVD,41,ClassEval_90::get_host,False,ASSERTION_FAILURE,8073e6353828ae7cb0ea9fdf27538313f778927c2b3ede8f6f3d8a69d3c07ef1
ClassEval,Per-Expert-SVD,41,ClassEval_90::get_path,False,ASSERTION_FAILURE,5baa9d6faa70f4c624a071f7279627adc568d64f6849a103916a46a1d548c5e8
ClassEval,Per-Expert-SVD,41,ClassEval_90::get_query_params,False,ASSERTION_FAILURE,7a93084be519fb4dc277d83961c3cb739af442d856d6f2d2550e1152ba1210a5
ClassEval,Per-Expert-SVD,41,ClassEval_90::get_scheme,False,RUNTIME_FAILURE,078a3155a673345acd7b4a0e662adddbb375efd0d8cfc9af7b3318f9669ce5ca
ClassEval,Per-Expert-SVD,41,ClassEval_92::delete_user_by_username,False,ASSERTION_FAILURE,83162cab2d6798db08f2b1a17e32d0d5e94fccb1d372d370b3271d538ffe6069
ClassEval,Per-Expert-SVD,41,ClassEval_92::insert_user,False,ASSERTION_FAILURE,2fe4db2b7a7d96235c2853a5e66a2573996c6ef934fcf1ac30303b38a3d82c91
ClassEval,Per-Expert-SVD,41,ClassEval_92::search_user_by_username,False,ASSERTION_FAILURE,3f7a02a520c138466b49a69acb5c102e687697d226d189635f44d05a0c3c3634
ClassEval,Per-Expert-SVD,41,ClassEval_92::validate_user_login,False,ASSERTION_FAILURE,a804bdc4588946cb358ba51ffebb28bc490dce2ccf934c04323212fdfebeb56d
ClassEval,Per-Expert-SVD,42,ClassEval_11::add,False,RUNTIME_FAILURE,b4aa17803de45625014ba08126a8a57156450d5e87189c97f8f123c68544c4b1
ClassEval,Per-Expert-SVD,42,ClassEval_11::check,False,RUNTIME_FAILURE,cd52744780360b80f134868da44a60fe0c69cfb80ddf6c32841102f0cb2a5c2d
ClassEval,Per-Expert-SVD,42,ClassEval_11::has,True,PASS,bc9545a875304559e3dc71824a048d55b777539632e9b05c8aa69d239301830c
ClassEval,Per-Expert-SVD,42,ClassEval_11::remove,False,RUNTIME_FAILURE,9c06d0ade43d9d04caf61975989cc5b56b4ec99f6b500f2298b9ab9997b5c5c9
ClassEval,Per-Expert-SVD,42,ClassEval_12::calculate_hand_value,False,ASSERTION_FAILURE,799beef19763361a60eed9f7d84a8abd26a2611dea349c7944d4bfa3c8c2f4a1
ClassEval,Per-Expert-SVD,42,ClassEval_12::check_winner,False,RUNTIME_FAILURE,e3995cb8f990d553a3901e5f28e06582894854415e85a5afb35c90b83f2f0bd7
ClassEval,Per-Expert-SVD,42,ClassEval_12::create_deck,False,ASSERTION_FAILURE,28b069ccbff1a7416ddcd53eb03ab6f049b8ecc66cddcb1b5e89092ce470ff95
ClassEval,Per-Expert-SVD,42,ClassEval_14::add_book,False,RUNTIME_FAILURE,dfca82a96e8bebbdca1eab420685ab1ef8bd5898db452a0f980097188233bf3b
ClassEval,Per-Expert-SVD,42,ClassEval_14::borrow_book,False,RUNTIME_FAILURE,61a6e21feff21016214e0224034f2af89c37c237b7a82e16e629eed2bd7a6f33
ClassEval,Per-Expert-SVD,42,ClassEval_14::create_table,False,ASSERTION_FAILURE,efaff6473359813b7ab722150426fb4887c8128d25bf0dbb0f6eca2fa9a617dd
ClassEval,Per-Expert-SVD,42,ClassEval_14::remove_book,False,RUNTIME_FAILURE,38cc01eb4656d38c58c61c1dd2f250b6597f1eced3bca11c47304434dcd52457
ClassEval,Per-Expert-SVD,42,ClassEval_14::return_book,False,RUNTIME_FAILURE,a9a2bdc769cefedefa830889df03954955868d3a057e26d0302d3879e06e871e
ClassEval,Per-Expert-SVD,42,ClassEval_14::search_books,False,RUNTIME_FAILURE,303938d0c8bf44e1b3720af1dfb0e22c8c498b1bf0f4103cba3bf87e2b8db3b5
ClassEval,Per-Expert-SVD,42,ClassEval_15::bad_character_heuristic,False,ASSERTION_FAILURE,8ab33df975fa736ef8e0d3834f060637e0be93ecf7b790f3782776d397732271
ClassEval,Per-Expert-SVD,42,ClassEval_15::match_in_pattern,False,RUNTIME_FAILURE,40a4f96ccad24c1e84279d014ac82576121e0c83d32dab56a4f3b2835eee117b
ClassEval,Per-Expert-SVD,42,ClassEval_15::mismatch_in_text,False,ASSERTION_FAILURE,cbc411b7fd8ca695b26c0541a39e27e994f68063fe8c7746f0a7af0c80dd49ba
ClassEval,Per-Expert-SVD,42,ClassEval_19::generate_primes,False,ASSERTION_FAILURE,9b5b6de22299ac65c0559a78dd915cb07928efe0b655b9eb66e1d87b9c78bb2c
ClassEval,Per-Expert-SVD,42,ClassEval_19::get_primes,False,ASSERTION_FAILURE,555a45552fff2fef57eb5a29e13d5b24b6c17c521ff15d8de94fda5a1f3ad716
ClassEval,Per-Expert-SVD,42,ClassEval_1::calculate_annulus_area,False,COMPILE_FAILURE:2,e7206f529ad1d2c0d36c3fe2e24ddf4af42b530df5edc03e4b601e9a977b44b1
ClassEval,Per-Expert-SVD,42,ClassEval_1::calculate_circle_area,False,CLASS_COMPILE_FAILURE:59,e1c09103fd87de13100f0d9ebb457b677a846158c9732d718ddc934fe96e57fd
ClassEval,Per-Expert-SVD,42,ClassEval_1::calculate_cylinder_area,False,CLASS_COMPILE_FAILURE:59,a9d2afd1ba161077d94338b11ad194b9102b8a860426efe88e41a5e1a985f813
ClassEval,Per-Expert-SVD,42,ClassEval_1::calculate_sector_area,False,CLASS_COMPILE_FAILURE:59,9b0427df61980321ff87191e62bad2de8fcd65485f14d0636eb28c1f105dfca2
ClassEval,Per-Expert-SVD,42,ClassEval_1::calculate_sphere_area,False,CLASS_COMPILE_FAILURE:59,479d41f50383f41e484f82add787e849710e49eec2dae09e980451c1703208f7
ClassEval,Per-Expert-SVD,42,ClassEval_22::get_all_major,False,ASSERTION_FAILURE,a3fa91b09af1e4d3dabdb5841491b69b545b7d0cba65b7466eec95824f1ccd36
ClassEval,Per-Expert-SVD,42,ClassEval_22::get_most_popular_class_in_major,False,RUNTIME_FAILURE,7cc49d5a483faf756650d505ffe7d70c8f975272e6e40b821286f3827239557e
ClassEval,Per-Expert-SVD,42,ClassEval_22::get_students_by_major,True,PASS,5c633b2c00c9c364007ad80d622c0b13b00c22777b5be6a1cbc29125740cf5c2
ClassEval,Per-Expert-SVD,42,ClassEval_22::register_class,True,PASS,458e7743f70355f962bc0870f829711d20391be84df8f27950aaa5bb8567442e
ClassEval,Per-Expert-SVD,42,ClassEval_22::register_student,False,RUNTIME_FAILURE,98d858e0a042e702cb1b80c2377f03d79a256fb5f86ed3407effe87da3cd43a7
ClassEval,Per-Expert-SVD,42,ClassEval_27::add_currency_rate,True,PASS,1a1dd35b5dbab3fa78ac2b2a09e485020def1e8240b5d0e0a76f2c116dac9f6e
ClassEval,Per-Expert-SVD,42,ClassEval_27::convert,False,RUNTIME_FAILURE,9d5e8abdfaeda557c451ad478f557715c80d80c75408dcb44eb46328edec24af
ClassEval,Per-Expert-SVD,42,ClassEval_27::get_supported_currencies,False,ASSERTION_FAILURE,90b64159e0997d7f3242ea0ff68695241c8963fe4c35c0e10cd47bf5adec5d20
ClassEval,Per-Expert-SVD,42,ClassEval_27::update_currency_rate,True,PASS,f2343badca20881dabe330271af0130bb691ea0046c623a922cc7ffc5340ea9a
ClassEval,Per-Expert-SVD,42,ClassEval_29::mean,False,ASSERTION_FAILURE,e91e54bfeee2a3b16ef116d8a7e8429f7fd6a0777ad508e49acd0b00774cdca6
ClassEval,Per-Expert-SVD,42,ClassEval_29::median,False,RUNTIME_FAILURE,3b0d98dec2cbf12adeed8b0754416bea2d3c02f0d703f82a0b0b221fdb5531e2
ClassEval,Per-Expert-SVD,42,ClassEval_29::mode,False,ASSERTION_FAILURE,feeafd216b8d81b3a926aa0d01d1a1951c38fc4a50ef3997bdaf125c5f178f9a
ClassEval,Per-Expert-SVD,42,ClassEval_2::_convert_type,False,RUNTIME_FAILURE,2d21aa5156af3b61dbbea1e908bc0e37235bbc1f91a4a40d7401e2727596dad5
ClassEval,Per-Expert-SVD,42,ClassEval_2::add_argument,False,RUNTIME_FAILURE,770388147798d6939aafa36c403debe07024f3cfc1dd98f7da61ac1e4d9c794f
ClassEval,Per-Expert-SVD,42,ClassEval_2::get_argument,True,PASS,a0c298ca5311d89e705d2c0c729119a78bc4a7e4327b62326a960f4304f49f3b
ClassEval,Per-Expert-SVD,42,ClassEval_2::parse_arguments,False,RUNTIME_FAILURE,3aee04be77f083b2500610596fd09ddeac5342300576669aa59ffd79e0d201f6
ClassEval,Per-Expert-SVD,42,ClassEval_30::get_correlation,False,RUNTIME_FAILURE,8faff7c154fab01292c98c68bafb23a0c0aa3763d2d7caa9c0a8313e34d87749
ClassEval,Per-Expert-SVD,42,ClassEval_30::get_max,True,PASS,050a0a899422af9ec0482a6644ca42130f1ff994189d1583bc90f17a2fbfd437
ClassEval,Per-Expert-SVD,42,ClassEval_30::get_min,True,PASS,b5617caf338f1858d4b77ca6733a8ddf9e52703243368626b9f7b5f04d8a7479
ClassEval,Per-Expert-SVD,42,ClassEval_30::get_std_deviation,False,ASSERTION_FAILURE,3325362cf0df6103c284472a31fddcda0a390aff8c7d56a04b400b8854866da5
ClassEval,Per-Expert-SVD,42,ClassEval_30::get_sum,False,ASSERTION_FAILURE,5f6148a480f39111111fda88708bff1dc26becb19ecdf535377bfaa221e3591c
ClassEval,Per-Expert-SVD,42,ClassEval_30::get_variance,True,PASS,6e43d291d44856b04ecc02b1585efcf094ec08bee1710f96c9f0298ae2dbce99
ClassEval,Per-Expert-SVD,42,ClassEval_32::caesar_decipher,False,ASSERTION_FAILURE,ebe8142095fc9be5ec209f2272e0a54ec799c6084534c0d055ea06433c3650eb
ClassEval,Per-Expert-SVD,42,ClassEval_32::rail_fence_decipher,False,ASSERTION_FAILURE,d96cef99dedc9126daa66b5f62b6e92426c6b049a38affa90fd093571d5a9df4
ClassEval,Per-Expert-SVD,42,ClassEval_32::vigenere_decipher,False,RUNTIME_FAILURE,b7b21405a57b50abf094dc130d306f40fed31d1d7912cdc28373bb1d0aac7035
ClassEval,Per-Expert-SVD,42,ClassEval_33::BulkItemPromo,False,CLASS_COMPILE_FAILURE:46,fbfea63bd600bc1e05cb09096c24412a1a071bc861c354bf6c2a6164a237b56e
ClassEval,Per-Expert-SVD,42,ClassEval_33::FidelityPromo,False,CLASS_COMPILE_FAILURE:46,5cfc36c9c224278a0eeac912a25e40d69cf22ca29074af53621b54c766e950a3
ClassEval,Per-Expert-SVD,42,ClassEval_33::LargeOrderPromo,False,CLASS_COMPILE_FAILURE:46,360e057163972b8990cbd840f193cf5ef0af8b94cab79d4de7b09935b60bd660
ClassEval,Per-Expert-SVD,42,ClassEval_33::due,False,COMPILE_FAILURE:12,b7957ef3a535a85e843d1d3d2b47d07da40fc9908da98208f25b528a6c7fa506
ClassEval,Per-Expert-SVD,42,ClassEval_33::total,False,CLASS_COMPILE_FAILURE:46,43e90b7c5e9f85201cbd23c3dd65429ca2ba27c0219753c05aaad54a9aef8304
ClassEval,Per-Expert-SVD,42,ClassEval_35::find_blank,False,ASSERTION_FAILURE,ed15356c63958c2e84a78966b2055acc2044e228f819d61ddc0665ed6119e5ca
ClassEval,Per-Expert-SVD,42,ClassEval_35::get_possible_moves,False,ASSERTION_FAILURE,7d813fd57629d8bef372d78e837c6377b42930674ddfa06a37b196002e352504
ClassEval,Per-Expert-SVD,42,ClassEval_35::move,False,ASSERTION_FAILURE,51f7f5f3a311358aff8ce0b39411fbd118aa5a1894de642e9639100b82e6b4ec
ClassEval,Per-Expert-SVD,42,ClassEval_35::solve,False,ASSERTION_FAILURE,d4784876bcbdbe26d343241087959694a9fedeffdaeae666f0ec0aa31b7e1b93
ClassEval,Per-Expert-SVD,42,ClassEval_37::caesar_cipher,False,ASSERTION_FAILURE,ce385fc4cf83e2dec1caa557396069273cce640ad4408f407cb97a78408f5740
ClassEval,Per-Expert-SVD,42,ClassEval_37::rail_fence_cipher,False,RUNTIME_FAILURE,6588c9cd4640c1288d3e92aeb1a5ab55e6a5de3d2b5a1054dac0a0568b37f30c
ClassEval,Per-Expert-SVD,42,ClassEval_37::vigenere_cipher,False,ASSERTION_FAILURE,5d3c6f724aadbdebf999ddeb0f0bbcf5011584dde59ecc628e5f7da3e6347a3d
ClassEval,Per-Expert-SVD,42,ClassEval_39::_calculate,False,ASSERTION_FAILURE,d2031765d5aa2f64d9c235816f19aa055e058264422feb12d9b8e65344350f4e
ClassEval,Per-Expert-SVD,42,ClassEval_39::calculate,False,RUNTIME_FAILURE,5404567018cbb364d0560342bea59a51713092b3167d21246a845e079e73a72f
ClassEval,Per-Expert-SVD,42,ClassEval_39::compare,False,RUNTIME_FAILURE,324b1fa87b7b165672cbd6a02115cc40482ff6ccda00912b445bd1e697906980
ClassEval,Per-Expert-SVD,42,ClassEval_39::is_operator,True,PASS,acf6b06c4ac01002b14a7491cc5f04316b635adab19c79254e8028dcb0d17626
ClassEval,Per-Expert-SVD,42,ClassEval_39::prepare,False,ASSERTION_FAILURE,4f3b4e2c2fda2c5b28e4a96223c027d4de4b291c42c5f54550b93fc8c0dcef46
ClassEval,Per-Expert-SVD,42,ClassEval_39::transform,False,RUNTIME_FAILURE,aab00299a6bf13a43e8c659180f04cbb75163f76c41cd4c75674d0edf19e4204
ClassEval,Per-Expert-SVD,42,ClassEval_3::count,False,RUNTIME_FAILURE,6d8e95893434d336df36cb90ff7bfb38b1ad8765a5bda4839a13c04b04ecd56b
ClassEval,Per-Expert-SVD,42,ClassEval_3::count_all,False,ASSERTION_FAILURE,5873b38f9c8af3e04b331d5964f712ecc7db93b1d7fed50e6263b2878a4545e5
ClassEval,Per-Expert-SVD,42,ClassEval_3::factorial,False,RUNTIME_FAILURE,44bb87e6c6e3c27bc156325bdd3920aeab1e6b794ddb9b6faff09ead9989e140
ClassEval,Per-Expert-SVD,42,ClassEval_3::select,False,ASSERTION_FAILURE,ae793e010844f1bf9d7dc68c13e501dfccdafadb79e0bc7291fc1678f7170d06
ClassEval,Per-Expert-SVD,42,ClassEval_3::select_all,False,ASSERTION_FAILURE,a97dd7651aafaab6d1db974fa627184e2ab79a293256bd2c498b988bdfa69ba7
ClassEval,Per-Expert-SVD,42,ClassEval_41::_check_five_in_a_row,False,ASSERTION_FAILURE,0a7e5344547cba79aebaf3092290b80e0c88f71333dabd0d51107abe8d1ccc8c
ClassEval,Per-Expert-SVD,42,ClassEval_41::check_winner,False,ASSERTION_FAILURE,ca115e7a46a4832fabe7622c37b96d4a6bd580758c20663153791f5a69c418fc
ClassEval,Per-Expert-SVD,42,ClassEval_41::make_move,True,PASS,233f1a7c5a548e03f452253df5b1c1eaab619f510213d6b41dfa8f3509ea2f70
ClassEval,Per-Expert-SVD,42,ClassEval_42::book_room,False,RUNTIME_FAILURE,aa1b50d603ae9adcbb2d7d3849fd2b7e5a95a5e5259cf29f16a7e451e7022360
ClassEval,Per-Expert-SVD,42,ClassEval_42::check_in,False,RUNTIME_FAILURE,15169aa212758a78d342399c643362179bd1fa989048b5fa1d3aefd594e00b24
ClassEval,Per-Expert-SVD,42,ClassEval_42::check_out,False,ASSERTION_FAILURE,f586298c859ab7909d764e71abc36e4359a595ea731b3de30ed0380e142c77c0
ClassEval,Per-Expert-SVD,42,ClassEval_42::get_available_rooms,False,RUNTIME_FAILURE,b129e17bdb75c3c1367d903b6456ec8cfcaa76129084baee03341f9725afe01c
ClassEval,Per-Expert-SVD,42,ClassEval_43::add_employee,True,PASS,e96c587b70c4a4f688754ede486addeb64afabba4b4d8e2faca3a5dba3f8ba24
ClassEval,Per-Expert-SVD,42,ClassEval_43::get_employee,True,PASS,eda803c0c1b07ecdfb0b0af4a0c55cf62c9c1ee1cefaf7149804dae89bec0b0e
ClassEval,Per-Expert-SVD,42,ClassEval_43::list_employees,False,ASSERTION_FAILURE,0d4b2d8a4d5bce5cdd52b9a87f66597c13d72e1aea56ce2cea6919b8a6c1a403
ClassEval,Per-Expert-SVD,42,ClassEval_43::remove_employee,True,PASS,4c5fbabe48e1a17bf11a68f28a172000a620c6d08e31f2920dabee69e4d6c890
ClassEval,Per-Expert-SVD,42,ClassEval_43::update_employee,False,ASSERTION_FAILURE,1594e52802ed05e6c4f15b0f858dcf48974ed21d4387d07c21f85859710aec4c
ClassEval,Per-Expert-SVD,42,ClassEval_46::interpolate_1d,False,RUNTIME_FAILURE,ca2e9a8fcc395ae52de132e6f03be6e718db58c12bfe9c739115abf9d6576674
ClassEval,Per-Expert-SVD,42,ClassEval_46::interpolate_2d,False,RUNTIME_FAILURE,c85ec8aa5b8ef1c143c12cff00d8086d81cadcd5d851d38d7617a37453ea733e
ClassEval,Per-Expert-SVD,42,ClassEval_47::get_binary,False,ASSERTION_FAILURE,f8f81977e0ea4f228f9084e827f35df6ded12e6166702f6d9aa0d338fcacacce
ClassEval,Per-Expert-SVD,42,ClassEval_47::get_octets,False,ASSERTION_FAILURE,da631d8aca5db955601f9a85e9dd448a09372f6eafb40e42d626f562d16ec173
ClassEval,Per-Expert-SVD,42,ClassEval_47::is_valid,False,ASSERTION_FAILURE,ef49e034df99303fb944d3285199c6402d7005915beef7bc5f219f6f85dc50f4
ClassEval,Per-Expert-SVD,42,ClassEval_53::add_word,True,PASS,83f31807437d60eab1446ccfc97840bcbca3a92ec57a2e41e7edebcb3a30401d
ClassEval,Per-Expert-SVD,42,ClassEval_53::find_longest_word,False,ASSERTION_FAILURE,5d3c34b5b03ba46effe4a2f57da930cb8290aadd42241ed338038cbb2a457070
ClassEval,Per-Expert-SVD,42,ClassEval_54::create_board,True,PASS,f8a1973ca48fa8f6f4e5cf8b0ef57877c02a6b3bf8422b0618b0d663474308f5
ClassEval,Per-Expert-SVD,42,ClassEval_54::has_path,False,ASSERTION_FAILURE,68aaaa798077dc8ad05d99cce16c49fcfc4ab2fd277dc43c030e6822c8d385d3
ClassEval,Per-Expert-SVD,42,ClassEval_54::is_game_over,True,PASS,1fcc399ef7644a37a473ebc272abe270410860bd7403c407b7eeffe25d327376
ClassEval,Per-Expert-SVD,42,ClassEval_54::is_valid_move,False,RUNTIME_FAILURE,fc7ae5626a6f0ba7e8537f3b60a9a89da4bf7c31b70d1b163115c6ccd71224c0
ClassEval,Per-Expert-SVD,42,ClassEval_54::remove_icons,False,RUNTIME_FAILURE,85b6a018b2c9bb321b1451802151bc7ed884f528f12c266ce47a0f94a6d31aac
ClassEval,Per-Expert-SVD,42,ClassEval_55::palindromic_length,False,RUNTIME_FAILURE,08c0929ae0566bc53b36695f13a5ef23792e0da4e3121e825e3d74b4985ab100
ClassEval,Per-Expert-SVD,42,ClassEval_55::palindromic_string,False,RUNTIME_FAILURE,a0cd9dcb2814a14e51f380bfa24b623b687687c4610d8c780ca96c794fdf0024
ClassEval,Per-Expert-SVD,42,ClassEval_56::accuracy,False,ASSERTION_FAILURE,ce2b4580dc40ab185fc4bb2ca3ae68c2cf4926175a228daecd227cb40dc60a82
ClassEval,Per-Expert-SVD,42,ClassEval_56::f1_score,False,RUNTIME_FAILURE,54710b8f2ecb15499fed7868b774b2e910302307fa2685033941709066fd8ef8
ClassEval,Per-Expert-SVD,42,ClassEval_56::precision,False,PARSE_FAILURE,6711181d3dc3e23c2f3c9baefea78526dd4d8a30833429e56143e27e66eed13e
ClassEval,Per-Expert-SVD,42,ClassEval_56::recall,False,ASSERTION_FAILURE,d406ca918c89b38560667a10ffb8f06209718c5bdb8d9ffcef671f4985fac952
ClassEval,Per-Expert-SVD,42,ClassEval_56::update,False,ASSERTION_FAILURE,9733c5e7783e20046046c720cdd1da30c2fc47322d5b3317185f5e1152da22ee
ClassEval,Per-Expert-SVD,42,ClassEval_57::map,False,RUNTIME_FAILURE,9d85011cb42bb2b550021bebeceb2233e803eff2faf21a0e86bfe0ac14356820
ClassEval,Per-Expert-SVD,42,ClassEval_57::mrr,False,RUNTIME_FAILURE,abb5be64500e5b78c4cc812ec773297b1d1e2f47d6269e75f87822f1ba65829b
ClassEval,Per-Expert-SVD,42,ClassEval_58::check_won,False,RUNTIME_FAILURE,5b813f94e07a6ed3ecc11d67bec07dcf5076d38413b3fd15eb0c768446479fb2
ClassEval,Per-Expert-SVD,42,ClassEval_58::generate_mine_sweeper_map,False,RUNTIME_FAILURE,e994c983b915ba43defbecf9e7f038a5be2283ecc2f7dacc8e9ea4467b916de9
ClassEval,Per-Expert-SVD,42,ClassEval_58::generate_playerMap,False,RUNTIME_FAILURE,655208498707c4f977ea63f6dfe3b4c5d7d801353886a5eeb03cb869b727ed0f
ClassEval,Per-Expert-SVD,42,ClassEval_58::sweep,False,RUNTIME_FAILURE,11b5496adcddc82c129122c2d2b8acb61c9224dcfb587d2b1bedc607dfab4f02
ClassEval,Per-Expert-SVD,42,ClassEval_59::add_movie,False,ASSERTION_FAILURE,18f4bd32d42d092cb0cc413c1efb3aad1fadda43c225599520a8f7b25b3ddd91
ClassEval,Per-Expert-SVD,42,ClassEval_59::available_movies,False,ASSERTION_FAILURE,f86bb17aa145ed55ad7574b622be7d828ec1db8f49b194c1026dde91cb25dc9d
ClassEval,Per-Expert-SVD,42,ClassEval_59::book_ticket,False,ASSERTION_FAILURE,1693789fe64aea5c89f4df2958790e821c26daadd054de86c67a3b68ee730ea1
ClassEval,Per-Expert-SVD,42,ClassEval_61::add_song,True,PASS,4762169003394dc4e82ac981791c61af03f524cebd126f86ec17c82dff7d67c3
ClassEval,Per-Expert-SVD,42,ClassEval_61::play,False,RUNTIME_FAILURE,4b73ebc59176148e6dd4207248b571f2eadacdca0dc8ab65afc94d532fc73182
ClassEval,Per-Expert-SVD,42,ClassEval_61::previous_song,False,ASSERTION_FAILURE,f4d14539aa63b9d8b119dd8206af1d930c782bbdb0a41155e8f16a1ee7d81ee0
ClassEval,Per-Expert-SVD,42,ClassEval_61::remove_song,False,RUNTIME_FAILURE,c9c0705173f500da99c2476782d60fdc2ecfd932464a0009e02b4e8958075a3c
ClassEval,Per-Expert-SVD,42,ClassEval_61::set_volume,False,ASSERTION_FAILURE,57d47aad0b5ff91c32861fed41d49b018dd1e4e885dc6f3cbdf76f4d20b6672f
ClassEval,Per-Expert-SVD,42,ClassEval_61::shuffle,True,PASS,5e1a3cfe9882065ee27bc1ffe1df136fe303da4c2626dfc438ca0a7c0bbc1694
ClassEval,Per-Expert-SVD,42,ClassEval_61::stop,False,RUNTIME_FAILURE,ff3bcdf4b5fac626c59a3d40f58208037abf7210ebd8d88ac2ac294c5507a2a7
ClassEval,Per-Expert-SVD,42,ClassEval_61::switch_song,False,ASSERTION_FAILURE,2db5f854dd1c397f1f0e0f1d8680b62c914476192954ee3abf2a63755957c8f9
ClassEval,Per-Expert-SVD,42,ClassEval_64::binary_to_decimal,True,PASS,dd915bc4c2fbc27627a74c2280b86e6f45e58b9cd0935b0f8c990ca9fbf103c6
ClassEval,Per-Expert-SVD,42,ClassEval_64::decimal_to_binary,True,PASS,e30c65f486d940525546e85a2c7b0fdefe7a4ec245142349bb86e44e40577a53
ClassEval,Per-Expert-SVD,42,ClassEval_64::decimal_to_hex,False,ASSERTION_FAILURE,f03e814bf7821c8b0db8fd0532ef1cf9ba121ea5dfdd125b405242a0f574bca9
ClassEval,Per-Expert-SVD,42,ClassEval_64::decimal_to_octal,True,PASS,5ac834238cc7f6701cfd5a3b31a5b58610783c0ae2798addd2c34499df874fec
ClassEval,Per-Expert-SVD,42,ClassEval_64::hex_to_decimal,False,ASSERTION_FAILURE,ffad39a30f008008b2d354e749fa807c8586ebdf366cc79f6c3a7eface28cbe3
ClassEval,Per-Expert-SVD,42,ClassEval_64::octal_to_decimal,True,PASS,ce3a13b581f800b0123130ab150799b990ea304d1a436d2927249ccc0fa6a45e
ClassEval,Per-Expert-SVD,42,ClassEval_65::format,False,CLASS_COMPILE_FAILURE:109,51f7fe76736489b2c0b5af72c9302504ab4331cc59054b659af0df2a0a1ebcc4
ClassEval,Per-Expert-SVD,42,ClassEval_65::format_string,False,CLASS_COMPILE_FAILURE:109,cf9b6e9feed761d04b1390a106686a6fb8d9507fac50dc3d2c7eaae2196b06de
ClassEval,Per-Expert-SVD,42,ClassEval_65::parse_more,False,CLASS_COMPILE_FAILURE:109,727ad9a4de43fd7b691848f2f7ac18b98fe77fe8cac225a448abb77c5f4675c1
ClassEval,Per-Expert-SVD,42,ClassEval_65::trans_three,False,COMPILE_FAILURE:37,8fd35d8fed4fa1e682fb60d92d3cc9db9c92aff47880b0c965761b2cbfa60c30
ClassEval,Per-Expert-SVD,42,ClassEval_65::trans_two,False,CLASS_COMPILE_FAILURE:109,8cb42db66bb75eef5aca973ce287d5411422aff1f3317edfbc6fd9d0a821b128
ClassEval,Per-Expert-SVD,42,ClassEval_68::get_page,False,RUNTIME_FAILURE,66c87596b96b83d1da5118d63d11399d80c1a18d841c5b73ffcb508041835a21
ClassEval,Per-Expert-SVD,42,ClassEval_68::get_page_info,False,ASSERTION_FAILURE,a68e8ae2cef68b2094481ad3dec4ec3b1c9f2345b7e1c0bb3636775d6b095559
ClassEval,Per-Expert-SVD,42,ClassEval_68::search,False,ASSERTION_FAILURE,5b555840a908a5d634967746467fc311971a5d04e32c1ec5e70facaccbc6c867
ClassEval,Per-Expert-SVD,42,ClassEval_70::_validate_name,True,PASS,fab75fb27b581c218a2f29692cebbc12a89cd3f468a342c4cebcbf9c72e1519f
ClassEval,Per-Expert-SVD,42,ClassEval_70::_validate_phoneNumber,True,PASS,c7054876b678e31d28ede9fc201e27532b87237269364e136e0ff388d6457463
ClassEval,Per-Expert-SVD,42,ClassEval_70::_validate_sex,True,PASS,321f085115c36a74eb437a5f2a97f584446ce02fcd4d74e1e58d64735d165f01
ClassEval,Per-Expert-SVD,42,ClassEval_71::check_win,False,RUNTIME_FAILURE,3055b5627305ac233a9ce26e0e963b1bc42ddae5af37499149d1fdf0afe62141
ClassEval,Per-Expert-SVD,42,ClassEval_71::init_game,False,RUNTIME_FAILURE,fce5a716bd4023fd04fe6e96bd3a0a52591910d0321da660c5c3251ab07fedf6
ClassEval,Per-Expert-SVD,42,ClassEval_71::move,False,RUNTIME_FAILURE,d10d2209343651a6092659695374ea4d76b60a35cd741c80bf8476c95ea39f68
ClassEval,Per-Expert-SVD,42,ClassEval_73::attack,True,PASS,7dc96c5bf80b9d59074316d8ed131f71cde94fcb74ebe00402291b7d4eee85bd
ClassEval,Per-Expert-SVD,42,ClassEval_73::gain_exp,False,ASSERTION_FAILURE,ba1b0ba42220a7274ecd7bcc2d72c557877e03b2712cbc23c08c3e8b5bf5c2df
ClassEval,Per-Expert-SVD,42,ClassEval_73::heal,True,PASS,338989b002c1cca25b47a2d6b4a6aaa39c107a4d787467d6ab4319f3b1d401ca
ClassEval,Per-Expert-SVD,42,ClassEval_73::is_alive,True,PASS,fe6097e410fc924d6e469f13d5bddcd8891a8697afcf9643220af04bf7190702
ClassEval,Per-Expert-SVD,42,ClassEval_73::level_up,False,ASSERTION_FAILURE,343f7ed89c8a216575a94b9cc0f221261f87c4c63d034429eeb061e68f57166e
ClassEval,Per-Expert-SVD,42,ClassEval_75::add_item,True,PASS,552e12a360623c898f3720eb63a7b5bd5006a26af815e853bbcadcaa3465bd04
ClassEval,Per-Expert-SVD,42,ClassEval_75::remove_item,True,PASS,d0ac465d9a05a1400a747b13f4ee4f189108c8b57327fec4b1ebd7b364754c32
ClassEval,Per-Expert-SVD,42,ClassEval_75::total_price,True,PASS,e52f259f0fcc3ca000042100f3cd48d22eb2af70c4449d840615e5ce9a47038c
ClassEval,Per-Expert-SVD,42,ClassEval_75::view_items,True,PASS,8ffa22c04cc85102016fe1e6874ec75c402ca25745e1b1b837a51a00c98f3db7
ClassEval,Per-Expert-SVD,42,ClassEval_76::add_user,True,PASS,f8c95886c0c676d23af899aa86b0e0b2c8f055a215e5db1881bbdc766c421faa
ClassEval,Per-Expert-SVD,42,ClassEval_76::all_not_signed_in,False,ASSERTION_FAILURE,8d43c58cee2893d7f96aa84fad5f53f54c7dd690aca61c31f5cf1285e2a364cd
ClassEval,Per-Expert-SVD,42,ClassEval_76::all_signed_in,False,ASSERTION_FAILURE,38ab4a57447d49c37d96f7a82149211bfe452dd891e36cb9ab20157a90618958
ClassEval,Per-Expert-SVD,42,ClassEval_76::check_sign_in,False,ASSERTION_FAILURE,600e82c52821b0e5727323476e43efa20870a8e3bac4cc012a19445261a761e1
ClassEval,Per-Expert-SVD,42,ClassEval_76::sign_in,True,PASS,9d372c54fe326e0cbc70db636beafd6aa6bb454f81012184d8f53f3f039a030a
ClassEval,Per-Expert-SVD,42,ClassEval_79::delete,False,ASSERTION_FAILURE,3e6dee186024fe369c989e317359f756cda3342f02264184cb77909944fbe264
ClassEval,Per-Expert-SVD,42,ClassEval_79::insert,False,ASSERTION_FAILURE,030529d0994da4be0caad87b611da8269edb92fb4c015ba24e3d6836ef16fde9
ClassEval,Per-Expert-SVD,42,ClassEval_79::select,False,ASSERTION_FAILURE,7ff4cdd22ab504f2067269e2ee8540e84929c8a2cb99672c72c759451b379c77
ClassEval,Per-Expert-SVD,42,ClassEval_79::select_by_age_range,True,PASS,02ba2173c6146b3e96a73b2784f707dcf145f55181166d463410702db7e2b908
ClassEval,Per-Expert-SVD,42,ClassEval_79::select_female_under_age,True,PASS,16542afd05e62c7f152955a90c27ca66d910df228ee0c08baa830269a0054390
ClassEval,Per-Expert-SVD,42,ClassEval_79::update,False,ASSERTION_FAILURE,0a071a791d322c8176578d3f901560f4f49c943c75ce624aa19abb5bcc1b274a
ClassEval,Per-Expert-SVD,42,ClassEval_7::check_balanced_brackets,False,ASSERTION_FAILURE,4ac895dd0dbcf03b9551c83f490407ce04822090e2e9c1a745d80fb76e7fd023
ClassEval,Per-Expert-SVD,42,ClassEval_7::clear_expr,True,PASS,9485672111388bf26673cfb5f19f9d07afae2917e4731608e59c3f71bd3f2dbf
ClassEval,Per-Expert-SVD,42,ClassEval_81::correlation,False,ASSERTION_FAILURE,b9e046389e80d763715c70dfaddfe0cdfa4ffbe5aef95de318353b045a6b1452
ClassEval,Per-Expert-SVD,42,ClassEval_81::correlation_matrix,False,ASSERTION_FAILURE,a3b3467d671337f4e941e5536fdfb2a5e5a1ae40d050e1baef826636f71da010
ClassEval,Per-Expert-SVD,42,ClassEval_81::mean,False,RUNTIME_FAILURE,7b03e2308de89973c7d127e7646ec4407c3127be6f91a6b3145ae263ff8069d7
ClassEval,Per-Expert-SVD,42,ClassEval_81::median,True,PASS,7086c47a9a448912550ffd91782f78e656b2d4d561cad36ff6ac5fff2b503554
ClassEval,Per-Expert-SVD,42,ClassEval_81::mode,False,ASSERTION_FAILURE,b8452122ff1b6fb82a6dfc6a7096827a543cd9143d33dea7f7c12303c07d9f50
ClassEval,Per-Expert-SVD,42,ClassEval_81::standard_deviation,False,RUNTIME_FAILURE,92616c2e113cdf2259108059b686d354a466b7c4a6472f5284858e622c772c35
ClassEval,Per-Expert-SVD,42,ClassEval_81::z_score,False,RUNTIME_FAILURE,05fca19be213a9b8b77f18277b98b265f844404ac42545cbd98ecb113b963594
ClassEval,Per-Expert-SVD,42,ClassEval_82::add_stock,False,CLASS_COMPILE_FAILURE:73,392d7f61d0fd5f35663ed98317ec568479ebac2e8e2446de57b7592d71027bf9
ClassEval,Per-Expert-SVD,42,ClassEval_82::buy_stock,False,CLASS_COMPILE_FAILURE:73,4fd3525898d898f72275cd2da0a1a08145ca039a408d8e90cde7ba486c67bea7
ClassEval,Per-Expert-SVD,42,ClassEval_82::calculate_portfolio_value,False,CLASS_COMPILE_FAILURE:73,c0621caff8a178f6963a78dd98c2a47c7a6148a248b731484c6996141b9baa87
ClassEval,Per-Expert-SVD,42,ClassEval_82::get_portfolio_summary,False,CLASS_COMPILE_FAILURE:73,b4e6d0adf3d0fb07a942e9d153e4c3fdef895e4bae78a4e83fb4b59bd7ccf522
ClassEval,Per-Expert-SVD,42,ClassEval_82::get_stock_value,False,CLASS_COMPILE_FAILURE:73,0285c9f5391bb2458ee481081e03791e726ddce1381acc842b68de1ffdc8a13c
ClassEval,Per-Expert-SVD,42,ClassEval_82::remove_stock,False,COMPILE_FAILURE:47,12611f88a60f29959bdf3b6f898277e74db7e6d4bda54195f94ee9c4b4311eb8
ClassEval,Per-Expert-SVD,42,ClassEval_82::sell_stock,False,CLASS_COMPILE_FAILURE:73,de0e9e62d12c4b7764f8e3df01c27817f0afb6e05ff04e2e64420f34613c3b6f
ClassEval,Per-Expert-SVD,42,ClassEval_84::process_file,False,RUNTIME_FAILURE,f31c6c0b8338fe15a741a11df091d817da24cf31713f9b3e3abc26007eefd092
ClassEval,Per-Expert-SVD,42,ClassEval_84::read_file,True,PASS,303f65753f627a38abccfb94801b998cd8a7e5bbb434ba348a0cf58924ec4386
ClassEval,Per-Expert-SVD,42,ClassEval_84::read_file_as_json,True,PASS,27cd7f09360814fd30d668f0d03919117c72332d78548dab5a5aed551e910285
ClassEval,Per-Expert-SVD,42,ClassEval_84::write_file,True,PASS,ee1214658c11f1ec4170cc9d9d6d7dc2c22e61c0eac96c3947c581e68a4b0096
ClassEval,Per-Expert-SVD,42,ClassEval_85::auto_check_conflict,False,ASSERTION_FAILURE,a3c8d9b47c17a0ff0a52b8bec523697be1508d7bfbcee149573a4a5f9ec08735
ClassEval,Per-Expert-SVD,42,ClassEval_85::auto_set_mode,True,PASS,d75c8082a1035e32f7c00648204e739ee8dbbb5040b27be41a2fd1951bbbe846
ClassEval,Per-Expert-SVD,42,ClassEval_85::get_mode,True,PASS,e196cbab95eb8b71d921618a1c7d81c936ece8ae2f1d538d7df042aa7b677a28
ClassEval,Per-Expert-SVD,42,ClassEval_85::get_target_temperature,True,PASS,d242f4813d72669879c6e0e970c5bb05ac705aa57a349fba73a11b2c5a1677ba
ClassEval,Per-Expert-SVD,42,ClassEval_85::set_mode,False,RUNTIME_FAILURE,078a43d4f4703ac1766c0e65934196f5a7be577a58066b2c20a8a595ec75e828
ClassEval,Per-Expert-SVD,42,ClassEval_85::set_target_temperature,True,PASS,e2be59af510906fe6363630a3361f4dca0efe3ae3773c0a4b916801a0d077143
ClassEval,Per-Expert-SVD,42,ClassEval_85::simulate_operation,False,TIMEOUT,b18ae45510284b7d4a0d1ae19f947f909c832c1290dfe09019186aa60470fa99
ClassEval,Per-Expert-SVD,42,ClassEval_86::check_winner,False,ASSERTION_FAILURE,d950f57972124aa73cb70809f418a7ed02934b530dc9f901c02eee21a67692f8
ClassEval,Per-Expert-SVD,42,ClassEval_86::is_board_full,False,ASSERTION_FAILURE,3e0a60be8dd4fb3279c07fcd11a001c83f643fe99e8be56945d71e055f3c2047
ClassEval,Per-Expert-SVD,42,ClassEval_86::make_move,False,ASSERTION_FAILURE,8edcd172fccebe08b607a8c41688885b0b73859a466f63a1d4172dcde782afdf
ClassEval,Per-Expert-SVD,42,ClassEval_8::deposit,True,PASS,d666f6320f997c069406a50c1c6051107ddd6e03bda2a6076b9a3ba4d0e879bb
ClassEval,Per-Expert-SVD,42,ClassEval_8::transfer,False,ASSERTION_FAILURE,bd907a342a6bae6d65b6fb609e18374fdc7a5608cde45038224641bfdc5da2aa
ClassEval,Per-Expert-SVD,42,ClassEval_8::view_balance,True,PASS,a15e1455c373aefa98a2def4182712daa8d3199270b47bbb8d056bfe946bcddd
ClassEval,Per-Expert-SVD,42,ClassEval_8::withdraw,False,ASSERTION_FAILURE,0c72e71b3e69e8ddd65ec575caf7e2ea6d18b213d1ce0dd7ed5e089d31ee043f
ClassEval,Per-Expert-SVD,42,ClassEval_90::get_fragment,False,RUNTIME_FAILURE,a0d8d1b03e1e17ac0e60a6b1aab6b99a11a17b66684fb0c5f3c7319ac585dc45
ClassEval,Per-Expert-SVD,42,ClassEval_90::get_host,False,ASSERTION_FAILURE,8073e6353828ae7cb0ea9fdf27538313f778927c2b3ede8f6f3d8a69d3c07ef1
ClassEval,Per-Expert-SVD,42,ClassEval_90::get_path,False,ASSERTION_FAILURE,b3bbc6e80fcbcfda89913d71ac25afd04b28059fbdfcedb3603d537725dff93f
ClassEval,Per-Expert-SVD,42,ClassEval_90::get_query_params,False,RUNTIME_FAILURE,589cd2cbbd161b0f1a978054411898554036855355897c127d19169c8aa51d39
ClassEval,Per-Expert-SVD,42,ClassEval_90::get_scheme,False,RUNTIME_FAILURE,7f84d1e18f290f78d0d868aff2012e48e7660946bf791731088349be78a1d269
ClassEval,Per-Expert-SVD,42,ClassEval_92::delete_user_by_username,False,ASSERTION_FAILURE,fddce0d7751a1db6918b1119c1a97d2e954052959abc6541f99a532e3b4b1e91
ClassEval,Per-Expert-SVD,42,ClassEval_92::insert_user,False,ASSERTION_FAILURE,0b93bbfad1a3131662689bbd82ee828a61c52703d4cda6a0ddd93052f11e2766
ClassEval,Per-Expert-SVD,42,ClassEval_92::search_user_by_username,False,ASSERTION_FAILURE,e86d6d171c617df8889b17598ad0f6771cc9a6d7466b84e425f1e9fc34349349
ClassEval,Per-Expert-SVD,42,ClassEval_92::validate_user_login,False,ASSERTION_FAILURE,23296056e86920216bc636c20863efb9f8805f259751c691a099291d8d557a46
ClassEval,Per-Expert-SVD,43,ClassEval_11::add,False,PARSE_FAILURE,74e45cc8b407b1b6360a3a0fa40bf51cc4ecbc174969e9019f75a8995bc0f3ee
ClassEval,Per-Expert-SVD,43,ClassEval_11::check,True,PASS,5317190b995356d4de6dab1056ac663232cb790ad0cbe505dfb03c4e45ea073a
ClassEval,Per-Expert-SVD,43,ClassEval_11::has,True,PASS,ae019d64fdbcbe0dfef904f7849205b72032787b5386c0ab1c502d5d0a47d975
ClassEval,Per-Expert-SVD,43,ClassEval_11::remove,False,RUNTIME_FAILURE,e3ef05098b0a6db402131488ba756ecffb61225447f9bda8dce7b50b7f2b9130
ClassEval,Per-Expert-SVD,43,ClassEval_12::calculate_hand_value,False,RUNTIME_FAILURE,0183a24a0665b45f4a6f94b567b36043dce7a14b8ead59124899914a10c6da28
ClassEval,Per-Expert-SVD,43,ClassEval_12::check_winner,False,RUNTIME_FAILURE,da6a5453bfae8443703d57ec943efc68ee566d864da6064f83c095981b89e884
ClassEval,Per-Expert-SVD,43,ClassEval_12::create_deck,False,ASSERTION_FAILURE,7d56b26054b1b25af0f4177419a6cd3015d558fa3e2da70966c50d004d38f593
ClassEval,Per-Expert-SVD,43,ClassEval_14::add_book,False,PARSE_FAILURE,dc5b2347dcd43fdc51d0d3e4792c4d98c60f7ab4cac057fc9f22b8b5b41bf6f3
ClassEval,Per-Expert-SVD,43,ClassEval_14::borrow_book,False,RUNTIME_FAILURE,0e615fcaacc67bc1240e9713eedbbc80e8d4e4b0f068d51e0869cb8d0c74ca7a
ClassEval,Per-Expert-SVD,43,ClassEval_14::create_table,False,ASSERTION_FAILURE,996f7779c7472eecd4badc54888e2427e32a885a4e1bff319497e72ca2e449e7
ClassEval,Per-Expert-SVD,43,ClassEval_14::remove_book,False,RUNTIME_FAILURE,916b123aa4884dbec6f41ef244a326aef46a866c11069c49b544b5502da32563
ClassEval,Per-Expert-SVD,43,ClassEval_14::return_book,False,RUNTIME_FAILURE,b9c6fecf84f22ec74a19b1af3c002aec1b42af142ba2cdf305e0fd1ad2397bf1
ClassEval,Per-Expert-SVD,43,ClassEval_14::search_books,False,RUNTIME_FAILURE,3850577b36ae2a79b27a004a801021ab54052127d4c234a3e9b1cd6136cfff66
ClassEval,Per-Expert-SVD,43,ClassEval_15::bad_character_heuristic,False,ASSERTION_FAILURE,143f21b9f0035f577f241634123cfe48debb47d652e62208a73fd9133ae9256d
ClassEval,Per-Expert-SVD,43,ClassEval_15::match_in_pattern,False,PARSE_FAILURE,5d79f3da21e69400a1795a667b0a44fbfe8ad4c2ca8035d628b63c28720d44a5
ClassEval,Per-Expert-SVD,43,ClassEval_15::mismatch_in_text,False,RUNTIME_FAILURE,4f03cae6d397efe9a258da34fb57e6bb13d999ede9b1bc962f6dce4b74d27950
ClassEval,Per-Expert-SVD,43,ClassEval_19::generate_primes,False,RUNTIME_FAILURE,c58ef3bb185aebbe507397a12e2f179e3eb4bb49f1d5d5fc19a938fc830b39f0
ClassEval,Per-Expert-SVD,43,ClassEval_19::get_primes,False,PARSE_FAILURE,3286db6bec886fb2bb18d047d31fb3b5bfbe14370c9e1170b912b9c756988eb2
ClassEval,Per-Expert-SVD,43,ClassEval_1::calculate_annulus_area,False,PARSE_FAILURE,e00772b7943a76e2948c25993dbd00d7c5e8f1a28f9dc145fecf6ae7179be30d
ClassEval,Per-Expert-SVD,43,ClassEval_1::calculate_circle_area,True,PASS,c5ab5fb6de1537e4595aa5ab7a58e83697df5477c9b5cf8dc88c031941d3ab16
ClassEval,Per-Expert-SVD,43,ClassEval_1::calculate_cylinder_area,False,ASSERTION_FAILURE,907c25d06f649e118de2488caca2aba33ce7f28999eea7bcabd08742b3bfcd0d
ClassEval,Per-Expert-SVD,43,ClassEval_1::calculate_sector_area,False,ASSERTION_FAILURE,f23ce87d4d95f8e595dacee7615b13d5ae425d98137402821584c72403d89823
ClassEval,Per-Expert-SVD,43,ClassEval_1::calculate_sphere_area,False,ASSERTION_FAILURE,2523ed4beb8682f2620ecba61199208bc29ac71de008cc04da8566eca2735b3d
ClassEval,Per-Expert-SVD,43,ClassEval_22::get_all_major,False,ASSERTION_FAILURE,2da0994602ddb8a38c2b4984945b50117dbc6f72f0b61d95d58f563f9c70153d
ClassEval,Per-Expert-SVD,43,ClassEval_22::get_most_popular_class_in_major,False,RUNTIME_FAILURE,3ee841d848aa95267af29768f5a44fe03ecc2473fc0810957d5d1116f40a5d9e
ClassEval,Per-Expert-SVD,43,ClassEval_22::get_students_by_major,True,PASS,4ce9aa6150371352eb3875e5801d46d5e1ecbb4192bdca025666d1a2a4a6b1c9
ClassEval,Per-Expert-SVD,43,ClassEval_22::register_class,False,RUNTIME_FAILURE,4c4c57008c32d5054860a1c2909d206ba1459a538ab3eb5be0759b12ba50548d
ClassEval,Per-Expert-SVD,43,ClassEval_22::register_student,False,RUNTIME_FAILURE,98d858e0a042e702cb1b80c2377f03d79a256fb5f86ed3407effe87da3cd43a7
ClassEval,Per-Expert-SVD,43,ClassEval_27::add_currency_rate,True,PASS,9aa2cacd1dbefdd6a29d10b07a9b80b0ff198d07aa889ca27fd14bc9ed2814dc
ClassEval,Per-Expert-SVD,43,ClassEval_27::convert,False,RUNTIME_FAILURE,d1e62c268b0b88b99843e29d68e8509a86bb17ff7feca9cabb2c2a0d3b61e7a3
ClassEval,Per-Expert-SVD,43,ClassEval_27::get_supported_currencies,False,ASSERTION_FAILURE,90b64159e0997d7f3242ea0ff68695241c8963fe4c35c0e10cd47bf5adec5d20
ClassEval,Per-Expert-SVD,43,ClassEval_27::update_currency_rate,True,PASS,22442044fcaf437b745a638ff1ae6e4b2ab11dc134742cfcbe5363c1e63efdda
ClassEval,Per-Expert-SVD,43,ClassEval_29::mean,False,ASSERTION_FAILURE,9747a8a87be3d4d2605d09349db215c704fd63d8737b32bba2fbdf2692a7579f
ClassEval,Per-Expert-SVD,43,ClassEval_29::median,True,PASS,8bc6fd40d077444b854c2c4fb170225f76599eaa9a23686941bce19b19617453
ClassEval,Per-Expert-SVD,43,ClassEval_29::mode,False,ASSERTION_FAILURE,fecb829c74589708551afdac8b3648d16249e74679eb68abcced45423c9ec8b0
ClassEval,Per-Expert-SVD,43,ClassEval_2::_convert_type,False,RUNTIME_FAILURE,c905383b10426f8b16f96cdb21f9fcf93f80e4ee8d3eecd87f26cf3e28b541e5
ClassEval,Per-Expert-SVD,43,ClassEval_2::add_argument,False,RUNTIME_FAILURE,e690af8227e68c94bd23100bfd40ca17882567b9d87269ff43355c998de5cdd7
ClassEval,Per-Expert-SVD,43,ClassEval_2::get_argument,False,RUNTIME_FAILURE,dd5b017ae5da0a9c4460fc87c16945257a94cc2cff790d32e235685c0d5cf2cf
ClassEval,Per-Expert-SVD,43,ClassEval_2::parse_arguments,False,RUNTIME_FAILURE,deffe0107576c7639ade16a5f739c143d96d917dc8bf505dc5ac4c04997a4d42
ClassEval,Per-Expert-SVD,43,ClassEval_30::get_correlation,False,ASSERTION_FAILURE,f2eaeb3b84d2e34ac9b7267b82a679789c4488308e3162c1f1eec008e7cc240e
ClassEval,Per-Expert-SVD,43,ClassEval_30::get_max,True,PASS,847b9f20e280ae0bbf6b9f162256819054e9fe6de8ecb31d7f5199f0aee6fa39
ClassEval,Per-Expert-SVD,43,ClassEval_30::get_min,True,PASS,f926e85302b6e28fc5a5b7ef0094ea046af2a8f27c5d40ed4249edc38767947f
ClassEval,Per-Expert-SVD,43,ClassEval_30::get_std_deviation,False,ASSERTION_FAILURE,c130ea5d0656ac572141d9b703fdcd0504d4ca4782389990d6bb1f75abc227be
ClassEval,Per-Expert-SVD,43,ClassEval_30::get_sum,True,PASS,f6e5af2f0e6e697ef161a4aa95277cdcd0c46e9b494174208713f4ce2751a9f0
ClassEval,Per-Expert-SVD,43,ClassEval_30::get_variance,True,PASS,2ed6ef3c15d2d44f6fe775bea6616b5ae5751da07520ea4ff98d770cade25295
ClassEval,Per-Expert-SVD,43,ClassEval_32::caesar_decipher,False,CLASS_COMPILE_FAILURE:85,029cb433109ceafd246610b5ca1e7adfebd649f15e0d05ec00629ac7b8631fbb
ClassEval,Per-Expert-SVD,43,ClassEval_32::rail_fence_decipher,False,CLASS_COMPILE_FAILURE:85,a1090b4397619b58c1b1b54b1f6d285878c42767ce616376f72f83ad24c66aa8
ClassEval,Per-Expert-SVD,43,ClassEval_32::vigenere_decipher,False,COMPILE_FAILURE:57,2ca86992d66fc4c80f760ce6d7ef0d106fa51008af310e6b9826560e2a42b83b
ClassEval,Per-Expert-SVD,43,ClassEval_33::BulkItemPromo,False,COMPILE_FAILURE:10,aaa9fc7cb4ded95be526f909c38b7cf6880fd6b201d976d7e923930c5194b19f
ClassEval,Per-Expert-SVD,43,ClassEval_33::FidelityPromo,False,CLASS_COMPILE_FAILURE:49,5cfc36c9c224278a0eeac912a25e40d69cf22ca29074af53621b54c766e950a3
ClassEval,Per-Expert-SVD,43,ClassEval_33::LargeOrderPromo,False,CLASS_COMPILE_FAILURE:49,7329d6cc7f4219c9201dc872088729bde3d034b5ee036ad8e5edb7df868eb805
ClassEval,Per-Expert-SVD,43,ClassEval_33::due,False,COMPILE_FAILURE:12,5f785f1d53b2d146f1a0a7650de014ba458aa148d2084eaaf94e6333eadf4b40
ClassEval,Per-Expert-SVD,43,ClassEval_33::total,False,CLASS_COMPILE_FAILURE:49,50ba0aa029eef4d94b8bb6b75327679f4fd00af27dfcd6bc997eb32980cb5912
ClassEval,Per-Expert-SVD,43,ClassEval_35::find_blank,False,ASSERTION_FAILURE,ed15356c63958c2e84a78966b2055acc2044e228f819d61ddc0665ed6119e5ca
ClassEval,Per-Expert-SVD,43,ClassEval_35::get_possible_moves,False,ASSERTION_FAILURE,6e46f9dae5459652c2752902a4045b8ba3fa88bd72406b6f7c24b2cd490e7ca3
ClassEval,Per-Expert-SVD,43,ClassEval_35::move,False,RUNTIME_FAILURE,bf3e9e9ac70afabc0f0b7b731ff93135529929be2f26e3ec7b2948bf56c5b587
ClassEval,Per-Expert-SVD,43,ClassEval_35::solve,False,ASSERTION_FAILURE,5598f0f90c8bd4984133f72c8c09196252a74443315f3e2ca79ffa8c17991f90
ClassEval,Per-Expert-SVD,43,ClassEval_37::caesar_cipher,False,ASSERTION_FAILURE,4f59d99e850c72447a885c1e68bf8aa69512ae113d225b4031c743993e97229d
ClassEval,Per-Expert-SVD,43,ClassEval_37::rail_fence_cipher,False,RUNTIME_FAILURE,9fab2149ce792979acc542fe70840c3a6d6334d8c99a3724f52a8905c38ef0dc
ClassEval,Per-Expert-SVD,43,ClassEval_37::vigenere_cipher,False,ASSERTION_FAILURE,3570a43d00fa525e58e945e32a9e399ef88451a45c3d13c44ffc417c8db9003f
ClassEval,Per-Expert-SVD,43,ClassEval_39::_calculate,False,ASSERTION_FAILURE,a470d7c1afa9abfe6f3872d617ae15dfa85baa1a85a4fe6c9aab2452ae7ee7a7
ClassEval,Per-Expert-SVD,43,ClassEval_39::calculate,False,RUNTIME_FAILURE,768979a7963641e4de35c5b8a7f06d360b33c846ad027cb42564fbe9b3f531c6
ClassEval,Per-Expert-SVD,43,ClassEval_39::compare,False,ASSERTION_FAILURE,c262ec7d72e184604f6f2276ecff080295e87c531d43931ce2bc4760e37a2760
ClassEval,Per-Expert-SVD,43,ClassEval_39::is_operator,True,PASS,5711249da6a788c99427b04dbac7c1b385ad9ea396af774d30d1582d32421f1a
ClassEval,Per-Expert-SVD,43,ClassEval_39::prepare,False,RUNTIME_FAILURE,5e0501ae3d5210ca45839ea10b59c44a71efb990585c0f9ffe0ff3edb96e918d
ClassEval,Per-Expert-SVD,43,ClassEval_39::transform,False,RUNTIME_FAILURE,e2d0be5da9d15549f30ee9258f233442bc7c6e50e533d88ea32d07e17b6e6a8f
ClassEval,Per-Expert-SVD,43,ClassEval_3::count,False,RUNTIME_FAILURE,43db4ee1f9626f1d99834dba8231ff18837f9f25cd71efce183fde85acbc37b1
ClassEval,Per-Expert-SVD,43,ClassEval_3::count_all,False,RUNTIME_FAILURE,23c3fb891bcc8c774c46a7ef4ec8a08326546c2a36facac301ade43c671ff23f
ClassEval,Per-Expert-SVD,43,ClassEval_3::factorial,True,PASS,6219055742a7ab32df845e3a2f3811001f0f35fad3799f7fbfc5d372c69e6e6c
ClassEval,Per-Expert-SVD,43,ClassEval_3::select,False,ASSERTION_FAILURE,bfac4a59b35571e7c25f7e20e929892bd8c6f6bf9dc62552bd2c8192c189c5d6
ClassEval,Per-Expert-SVD,43,ClassEval_3::select_all,False,RUNTIME_FAILURE,53f0e0cffd6b6d1c38985802d09290e9a9abfd601eb3d1e1e244fbfb757de86b
ClassEval,Per-Expert-SVD,43,ClassEval_41::_check_five_in_a_row,False,ASSERTION_FAILURE,3b246a01297f271e8d65e26472df48e052e686d891514f8ef148375b94b70dd2
ClassEval,Per-Expert-SVD,43,ClassEval_41::check_winner,False,ASSERTION_FAILURE,1e140c35e9fbd938c397349343bdae8d3c2e513d7ac9bd981b309eb949379dd0
ClassEval,Per-Expert-SVD,43,ClassEval_41::make_move,True,PASS,2908668def4788cf2c749b8a42b264393ac230778934cf29a2513263b6438e64
ClassEval,Per-Expert-SVD,43,ClassEval_42::book_room,False,RUNTIME_FAILURE,f359075f5815d8f01dc9af21afc0766164585d56f1ecbb247a012c75f11e9e28
ClassEval,Per-Expert-SVD,43,ClassEval_42::check_in,False,RUNTIME_FAILURE,8e8c0468f2dadd06361424aff6fcecf649e1b098a19f219fad974868c9bb9728
ClassEval,Per-Expert-SVD,43,ClassEval_42::check_out,False,ASSERTION_FAILURE,90525c363dca22a80bc6976febbf1a03f19a1c8629ca3f3073bad7feaa70f5d4
ClassEval,Per-Expert-SVD,43,ClassEval_42::get_available_rooms,False,RUNTIME_FAILURE,472ced6fc2830ec7521c84cbfff078fe9c5dce5efb58d20a1a1bea365b36b956
ClassEval,Per-Expert-SVD,43,ClassEval_43::add_employee,True,PASS,3e1f2d90f593735039a2631536756d096269d1ac983da889683c4e6b13b90b9f
ClassEval,Per-Expert-SVD,43,ClassEval_43::get_employee,True,PASS,61c891574ce3be01e66aaf423323ea2303681b9aded70a1a7a874749f43a081e
ClassEval,Per-Expert-SVD,43,ClassEval_43::list_employees,False,ASSERTION_FAILURE,c3b23f3411e5f1f003052103586b9a1d61e2bbfe6ba12b7d8ed65a24ca25bac5
ClassEval,Per-Expert-SVD,43,ClassEval_43::remove_employee,True,PASS,26507cd71f36378372a557a6ffe0cf85e84bc6a6995d36b39f0ea79f5a9c25c5
ClassEval,Per-Expert-SVD,43,ClassEval_43::update_employee,False,ASSERTION_FAILURE,78bc325e55082d74dbca2fc537f6f62eba0ce7da549322290e81e493c0bab992
ClassEval,Per-Expert-SVD,43,ClassEval_46::interpolate_1d,False,RUNTIME_FAILURE,efc8bd699a03a3b39c2aaaaedb2d1eef682222c8e85e499b410d0d0fb7198f5a
ClassEval,Per-Expert-SVD,43,ClassEval_46::interpolate_2d,False,RUNTIME_FAILURE,5c01d790f886c58daafd129252ad1ffe60d559b8097e18799865e30429ec4f17
ClassEval,Per-Expert-SVD,43,ClassEval_47::get_binary,False,PARSE_FAILURE,39c90f7406988e791c55c5fcde187f461d3ce85772eeec4410ca86a6a8102388
ClassEval,Per-Expert-SVD,43,ClassEval_47::get_octets,False,ASSERTION_FAILURE,43853fae8f959c3896bad94138690f3ca5a4697e77d0123bc0e73d4471e5e93f
ClassEval,Per-Expert-SVD,43,ClassEval_47::is_valid,False,ASSERTION_FAILURE,dfab57032e2fe8170ef2f7e4d6a78d4082c0edf270a0021f81e6e439336df6a6
ClassEval,Per-Expert-SVD,43,ClassEval_53::add_word,True,PASS,3f65d184362fc2454c4b43f1dcb580ff18412e8d09aba3f61ccc72d8a7b2f6fc
ClassEval,Per-Expert-SVD,43,ClassEval_53::find_longest_word,False,ASSERTION_FAILURE,1d4278aa4afebc0a4c1e4a89a8dedcaa430e8e10b20384413ca54163f6002d6c
ClassEval,Per-Expert-SVD,43,ClassEval_54::create_board,True,PASS,4edd82f555df66098604a973377c7564da8e6122f81004ba19d48aaa2ca49d30
ClassEval,Per-Expert-SVD,43,ClassEval_54::has_path,False,RUNTIME_FAILURE,baea211ad5f1fdd222b33b382b9fb2250e46d72e48b6130e037fad8f45312d02
ClassEval,Per-Expert-SVD,43,ClassEval_54::is_game_over,False,ASSERTION_FAILURE,811ce13dec6f31cbcc37665a3c7b74fbce61d94a05f75305e659b72698b8e405
ClassEval,Per-Expert-SVD,43,ClassEval_54::is_valid_move,False,RUNTIME_FAILURE,a15d8c9783e445fb93000c2b62c54efe2366bf291ba4e52ec70c44fc575d5553
ClassEval,Per-Expert-SVD,43,ClassEval_54::remove_icons,False,ASSERTION_FAILURE,9b2d8fd5aa615f28e13fc9a02f9e921f1fbd4757df19497cb485e673d7729524
ClassEval,Per-Expert-SVD,43,ClassEval_55::palindromic_length,False,ASSERTION_FAILURE,5841e7a9e1bf98b69369f41db57e0355114e574f2f80617236e61b6eecbab24f
ClassEval,Per-Expert-SVD,43,ClassEval_55::palindromic_string,False,RUNTIME_FAILURE,7c377434cc5c7fdbe54471f5d3f98ea0f3a588c687efba284af674b4694eb32e
ClassEval,Per-Expert-SVD,43,ClassEval_56::accuracy,False,PARSE_FAILURE,edc946304b43b4a646c3aa6c85b6faf69675574d688e34898b7a78486d6193b2
ClassEval,Per-Expert-SVD,43,ClassEval_56::f1_score,False,RUNTIME_FAILURE,cab93dfdf2d18d7f668369a0b51e7cddf770b452b8f193eb9533480e785f8cf6
ClassEval,Per-Expert-SVD,43,ClassEval_56::precision,False,PARSE_FAILURE,746affdacb4b8fe31c83ccc7c615516cf12d92caaec5c93e9e923075c360cd7a
ClassEval,Per-Expert-SVD,43,ClassEval_56::recall,False,ASSERTION_FAILURE,c44d8cbc036bb94b609a93323271059ad65f185cb5b25c2006fc6974c887c6db
ClassEval,Per-Expert-SVD,43,ClassEval_56::update,False,ASSERTION_FAILURE,cadcc5ce13a53a7f177e432436f658355b2a5a221ac91ceab6b08e1d25e4b794
ClassEval,Per-Expert-SVD,43,ClassEval_57::map,False,RUNTIME_FAILURE,1869e03fc36904d7f27de8429544e6ca5a3b2d1c882f02aee85600e8f0acd861
ClassEval,Per-Expert-SVD,43,ClassEval_57::mrr,False,RUNTIME_FAILURE,addf39b217c40e02af2a8a73d46039cc54c8ebdeb9df7e217cfc89924a51d8b5
ClassEval,Per-Expert-SVD,43,ClassEval_58::check_won,False,ASSERTION_FAILURE,fcf3246d0af35d115e8d0608e10fdbde25b7d44dbda5a96cd7c2a617279e6f6a
ClassEval,Per-Expert-SVD,43,ClassEval_58::generate_mine_sweeper_map,False,ASSERTION_FAILURE,cfbffa7b80ae6dff06c80bc80dbb29aca950ed70fd4510ee8a15fcc4f8b1c0c8
ClassEval,Per-Expert-SVD,43,ClassEval_58::generate_playerMap,False,ASSERTION_FAILURE,deb66b21f87ff04e8fd8aa93a832319633a43b5c7fe9d8d5a5275557b7ede260
ClassEval,Per-Expert-SVD,43,ClassEval_58::sweep,False,RUNTIME_FAILURE,4c862d4278c8fe6703468e63c14592a5babec0db33b79bcc640f367b9b3d1969
ClassEval,Per-Expert-SVD,43,ClassEval_59::add_movie,False,ASSERTION_FAILURE,40ffb0aee6387227727882333b17d8d0b97de34cdab7353fd1d65b4e6bf6b13a
ClassEval,Per-Expert-SVD,43,ClassEval_59::available_movies,False,ASSERTION_FAILURE,6ab679006eb47215271bb9dd1def860f6e12410696ff03efe12232530346220e
ClassEval,Per-Expert-SVD,43,ClassEval_59::book_ticket,False,ASSERTION_FAILURE,69e030f9abf4dd8b5a0f00c36846aa319418beefa112f8bdb2a68fba17b2190c
ClassEval,Per-Expert-SVD,43,ClassEval_61::add_song,True,PASS,efcdad7765d5d458f5d013a115bb5993ff2c863355645b5abbb9a8fcdc3be05f
ClassEval,Per-Expert-SVD,43,ClassEval_61::play,False,RUNTIME_FAILURE,28b1be8710b4ae68e476e65be8c3dcfea1b4196e007d1d9965e14a400970ef4e
ClassEval,Per-Expert-SVD,43,ClassEval_61::previous_song,False,ASSERTION_FAILURE,bc766da2492f1aac8f38a32560e45fc43fb890b929312876b9425e352d8f78dc
ClassEval,Per-Expert-SVD,43,ClassEval_61::remove_song,False,RUNTIME_FAILURE,e6103895ea0a178e4122ff85d31cde21d3821270fbfd2bf9d39e12aea9eca116
ClassEval,Per-Expert-SVD,43,ClassEval_61::set_volume,False,ASSERTION_FAILURE,fd8e2bba570b122f6355778e81e89b2d1093731fc50790c41893e78b3094c27e
ClassEval,Per-Expert-SVD,43,ClassEval_61::shuffle,True,PASS,82044b3f9c078cbb028eedd17a4d822ccf51e7d5bd95457f47e0acdcbf6ff29f
ClassEval,Per-Expert-SVD,43,ClassEval_61::stop,False,RUNTIME_FAILURE,ce468d30522d15cc76bf674366957af220e606d944f90cc037ac4993d58c76af
ClassEval,Per-Expert-SVD,43,ClassEval_61::switch_song,False,ASSERTION_FAILURE,5e5e3f6a4d563d091f7f102c3679a81d6b9efe93bbd74c977710ad6d4b5c6d22
ClassEval,Per-Expert-SVD,43,ClassEval_64::binary_to_decimal,False,CLASS_COMPILE_FAILURE:106,7c0373ac3049ef9b2b96f35eebaa5a5949f5c041a0f3a4f8ce00a88f1b077064
ClassEval,Per-Expert-SVD,43,ClassEval_64::decimal_to_binary,False,PARSE_FAILURE,e99d779f289068b5cb45d458001661809d867b938f687c9102dbf218659f1cfb
ClassEval,Per-Expert-SVD,43,ClassEval_64::decimal_to_hex,False,CLASS_COMPILE_FAILURE:106,0767ca645cdf3a3a49c92a181b0af71f98ab834bc437d8e9bc1f1254829938cd
ClassEval,Per-Expert-SVD,43,ClassEval_64::decimal_to_octal,False,CLASS_COMPILE_FAILURE:106,c49e24379ff2d877a25a543ab453838877c22900a9fd060d90fb54c10e90a074
ClassEval,Per-Expert-SVD,43,ClassEval_64::hex_to_decimal,False,COMPILE_FAILURE:42,09390719052780397dd1bba1d5bb75118e34be916e1e00f099dbb8a606c62fa0
ClassEval,Per-Expert-SVD,43,ClassEval_64::octal_to_decimal,False,CLASS_COMPILE_FAILURE:106,93ce65de71c3ee59f7620b04786519fce26c2303dcbc7711627bf7770795ca89
ClassEval,Per-Expert-SVD,43,ClassEval_65::format,False,ASSERTION_FAILURE,35e4825d834b2349a09d9a933332daf34fa25e6851cedb3b43610281634e0c81
ClassEval,Per-Expert-SVD,43,ClassEval_65::format_string,False,ASSERTION_FAILURE,00e2a9df896e477a55ae365f8b1b8c70f328feadf16ea0370be22bef698d0070
ClassEval,Per-Expert-SVD,43,ClassEval_65::parse_more,False,ASSERTION_FAILURE,14a36b0af1db92945260c654f2367070c1f4feddfd998d10fd19a3e3f47025cb
ClassEval,Per-Expert-SVD,43,ClassEval_65::trans_three,False,PARSE_FAILURE,f251c32d1a36b76f0d137941b163b60c969cd9cf833a1fa145a66472a535c63d
ClassEval,Per-Expert-SVD,43,ClassEval_65::trans_two,False,PARSE_FAILURE,79f79ed77139e683399233cd5c67e6bf7ac8ce93009ffdd3cf6b2ac97ef94cee
ClassEval,Per-Expert-SVD,43,ClassEval_68::get_page,False,RUNTIME_FAILURE,3e6e4ddddc350f86092ba2dbb8629f81f7323f43137fec662557e2d340e777df
ClassEval,Per-Expert-SVD,43,ClassEval_68::get_page_info,False,ASSERTION_FAILURE,b5c8dca91f4770af5f2523f96337c0703d3792e5b376f23b99b4b18eb7f23c27
ClassEval,Per-Expert-SVD,43,ClassEval_68::search,False,ASSERTION_FAILURE,5b555840a908a5d634967746467fc311971a5d04e32c1ec5e70facaccbc6c867
ClassEval,Per-Expert-SVD,43,ClassEval_70::_validate_name,True,PASS,77be4eaa48d0b7e1a7b2b9c766e2edc9f27bc2c4e6d899a4fcbcfc2e8fb8d9c7
ClassEval,Per-Expert-SVD,43,ClassEval_70::_validate_phoneNumber,True,PASS,a3ecbd01ab8e9967425ef0a64e6689b010f9e86d4622651478f5194a9b3f0762
ClassEval,Per-Expert-SVD,43,ClassEval_70::_validate_sex,True,PASS,786ce611b76a4d5d88e390cd2698c971389fff1a02cebfe72e9e80593ac129f5
ClassEval,Per-Expert-SVD,43,ClassEval_71::check_win,False,CLASS_COMPILE_FAILURE:96,41d54dfa3afebc1867f18df61a99d8d0a447b22a2e369694ed304945bdaaa2fe
ClassEval,Per-Expert-SVD,43,ClassEval_71::init_game,False,CLASS_COMPILE_FAILURE:96,ffe9ef807905cc782fc263d4914e6b912361a4712b4b9d7ba6aa3486264de9b4
ClassEval,Per-Expert-SVD,43,ClassEval_71::move,False,COMPILE_FAILURE:41,538f1804f1c4f348bd33f7c2b355e003d59f8ab809cdf5ea498eba697e128f52
ClassEval,Per-Expert-SVD,43,ClassEval_73::attack,False,CLASS_COMPILE_FAILURE:74,348c1b1d12e4ba17e6c6c0cfb61772715f6270161d06638579f5925e9a922198
ClassEval,Per-Expert-SVD,43,ClassEval_73::gain_exp,False,CLASS_COMPILE_FAILURE:74,6b9dd201d0b9cbfedf5df32659ec5e017b95aacc41daf58dd290987cebad9305
ClassEval,Per-Expert-SVD,43,ClassEval_73::heal,False,CLASS_COMPILE_FAILURE:74,338989b002c1cca25b47a2d6b4a6aaa39c107a4d787467d6ab4319f3b1d401ca
ClassEval,Per-Expert-SVD,43,ClassEval_73::is_alive,False,CLASS_COMPILE_FAILURE:74,65e846568b711f7366613b453fcd6031793bf845d0de0a31ac736aff9ac438c8
ClassEval,Per-Expert-SVD,43,ClassEval_73::level_up,False,COMPILE_FAILURE:11,219aab779e52d9943a17dfa5b10436a929fc9d5f851944721b657c5753eba86d
ClassEval,Per-Expert-SVD,43,ClassEval_75::add_item,True,PASS,ca39009e1e4c7b0bcf840f48020d24c608c9ab6a8c06a974a38b20ecfe353876
ClassEval,Per-Expert-SVD,43,ClassEval_75::remove_item,True,PASS,5aa38d39d91a411eed3fe4a0ac0f33ca5a51fc65b7e5be97d812c5a6c1f30009
ClassEval,Per-Expert-SVD,43,ClassEval_75::total_price,True,PASS,e9afd04f41e16a40117cd1205d552e431a9e6d261a3cb76dd44da9d7e642995c
ClassEval,Per-Expert-SVD,43,ClassEval_75::view_items,True,PASS,59f10bc957e3023d16d1861cf10527dc4e2bfc5d545108bacf049b8f9d32da13
ClassEval,Per-Expert-SVD,43,ClassEval_76::add_user,True,PASS,4d37898a4a46273298a97a0643bf989f16f55c94c79e18f8c073354b1e8a610f
ClassEval,Per-Expert-SVD,43,ClassEval_76::all_not_signed_in,False,ASSERTION_FAILURE,4b0809fc18cfa867d96cdd8d1466743d72ef68052006a3fd6be7e0d5620c5ae1
ClassEval,Per-Expert-SVD,43,ClassEval_76::all_signed_in,False,ASSERTION_FAILURE,b40d0dee39ede1846eddc580e84b5ecc0d69f8f59d3ed16ef8ae9d77b6cf9a66
ClassEval,Per-Expert-SVD,43,ClassEval_76::check_sign_in,False,ASSERTION_FAILURE,2ff9b36846b0135b2e58cb091b3606b71b952a890c5fcfd0f3eeb901234a7a18
ClassEval,Per-Expert-SVD,43,ClassEval_76::sign_in,True,PASS,5380c2ce34c93273d68c0b9d662d8eb5d1d610ea17ef8f1314ddefcdcf7bff7c
ClassEval,Per-Expert-SVD,43,ClassEval_79::delete,False,ASSERTION_FAILURE,21e36312a992127d6cecb7a29bc98daa8d207452f79a79100387ce5e625609d3
ClassEval,Per-Expert-SVD,43,ClassEval_79::insert,False,ASSERTION_FAILURE,e3ea10bb12259f8bb56d01a6a1529460814d8e1c667215f46b2f5c086db33d67
ClassEval,Per-Expert-SVD,43,ClassEval_79::select,False,ASSERTION_FAILURE,6e236a02a8cb7a896d9b3885a29d431972ab61993a36e9d64854ea5e4bc98730
ClassEval,Per-Expert-SVD,43,ClassEval_79::select_by_age_range,True,PASS,02ba2173c6146b3e96a73b2784f707dcf145f55181166d463410702db7e2b908
ClassEval,Per-Expert-SVD,43,ClassEval_79::select_female_under_age,True,PASS,d3aa88acd336a229e632219376d74b2376ae409fbd152e19ba06d745e9c1fbf8
ClassEval,Per-Expert-SVD,43,ClassEval_79::update,False,ASSERTION_FAILURE,0f55fbb9257668727d64d9b517fa5f5597d4de41a4e3853fc194420097d1cd82
ClassEval,Per-Expert-SVD,43,ClassEval_7::check_balanced_brackets,False,ASSERTION_FAILURE,dbf1bf2c9aaa57ba4533af1302b877c4af49fdabf4703690bd60d42b18221b21
ClassEval,Per-Expert-SVD,43,ClassEval_7::clear_expr,True,PASS,11adef6d6aac304ce797ac9f1a4e9de35525052c736003a8c20e6edb5969868a
ClassEval,Per-Expert-SVD,43,ClassEval_81::correlation,False,PARSE_FAILURE,a601a70ba0214c77fe921df3c7408bfd683797adde03d2001a01287b8f9b3d8c
ClassEval,Per-Expert-SVD,43,ClassEval_81::correlation_matrix,False,PARSE_FAILURE,1031b70209c5e8fa8debb5519b105c8f448af7bc5d2af4a559b1d28a6f55cfff
ClassEval,Per-Expert-SVD,43,ClassEval_81::mean,False,PARSE_FAILURE,3f77eda8c224dbb64dfe3342f4db143179a72769cdda006d5008106eac57609d
ClassEval,Per-Expert-SVD,43,ClassEval_81::median,False,PARSE_FAILURE,062df04c9838e0574f4e805f7595f75070d51f487336383d417da36665b29b2e
ClassEval,Per-Expert-SVD,43,ClassEval_81::mode,False,ASSERTION_FAILURE,308ac7b84e783d2a11ddbfc535df7e587140667505bd525539b23d468175062a
ClassEval,Per-Expert-SVD,43,ClassEval_81::standard_deviation,False,RUNTIME_FAILURE,bcc26f77286a8b38e14332361d9665cbd76ff62c1bdf7b15a05bbe4643107322
ClassEval,Per-Expert-SVD,43,ClassEval_81::z_score,False,ASSERTION_FAILURE,b140d5f3171874ac946bf21e297d26a15594a752a73b5e7714b135a60c777de3
ClassEval,Per-Expert-SVD,43,ClassEval_82::add_stock,False,ASSERTION_FAILURE,efe329331f1ce5b780ac074fcd8e16a026b0ee0d5f8c5c3079c973c3a1e93609
ClassEval,Per-Expert-SVD,43,ClassEval_82::buy_stock,False,ASSERTION_FAILURE,4fd3525898d898f72275cd2da0a1a08145ca039a408d8e90cde7ba486c67bea7
ClassEval,Per-Expert-SVD,43,ClassEval_82::calculate_portfolio_value,False,ASSERTION_FAILURE,a6be1db52e165fab857a6653287fceb3175ea9ed2db270e1f6d78b9598196f8d
ClassEval,Per-Expert-SVD,43,ClassEval_82::get_portfolio_summary,False,ASSERTION_FAILURE,d7e465852b207e89d3e4c968cd02bbfdfbc77450317f80ac75dd93532b8462d5
ClassEval,Per-Expert-SVD,43,ClassEval_82::get_stock_value,True,PASS,914590fb0b5f8411bb0abf77e54c3167516749a88a2eb74573de92e06cdf1748
ClassEval,Per-Expert-SVD,43,ClassEval_82::remove_stock,False,ASSERTION_FAILURE,136014fece2f7ff285f87b0c7e66e37c8391632dd4a6efc3e1e5fdf436b1c50c
ClassEval,Per-Expert-SVD,43,ClassEval_82::sell_stock,False,RUNTIME_FAILURE,edda5ac44852c1a3f33f3bac2b233cd0d9b4d536f3571541ba6037cded19ac9e
ClassEval,Per-Expert-SVD,43,ClassEval_84::process_file,False,RUNTIME_FAILURE,b27983cc26ab1b0e150ddc7bb4b9b64e70fe6f7c9c8c63a075071185b42d7fcb
ClassEval,Per-Expert-SVD,43,ClassEval_84::read_file,True,PASS,b21037f715707e19486b45346ca988ed8edd7c9cb313a1997a45b880a392be1e
ClassEval,Per-Expert-SVD,43,ClassEval_84::read_file_as_json,True,PASS,aeeb75aca4341cac4990afe8aef7f6cb600879d087a7468adfdf866857e80887
ClassEval,Per-Expert-SVD,43,ClassEval_84::write_file,True,PASS,fe9057281c8b1b0d2881c30ee2b01e7178e59e1fd238e0354ec6254dd6bed300
ClassEval,Per-Expert-SVD,43,ClassEval_85::auto_check_conflict,False,ASSERTION_FAILURE,1c3913982e83244678700fd587c29a718a0a6f1700549816c60a95b2a91ee4d3
ClassEval,Per-Expert-SVD,43,ClassEval_85::auto_set_mode,False,PARSE_FAILURE,c476f06d6208642886c88cd1819be19040dd4b45d65977c1cfc8230ffaeb8686
ClassEval,Per-Expert-SVD,43,ClassEval_85::get_mode,True,PASS,e196cbab95eb8b71d921618a1c7d81c936ece8ae2f1d538d7df042aa7b677a28
ClassEval,Per-Expert-SVD,43,ClassEval_85::get_target_temperature,True,PASS,d242f4813d72669879c6e0e970c5bb05ac705aa57a349fba73a11b2c5a1677ba
ClassEval,Per-Expert-SVD,43,ClassEval_85::set_mode,True,PASS,a8efe5a0d8f2cf5e7004e869269ae4d8a115f582edebd251ecfa3bde2252fba4
ClassEval,Per-Expert-SVD,43,ClassEval_85::set_target_temperature,False,PARSE_FAILURE,b93a2afca96938a798b7cb00e25901179c499728babb4bf27770a105c0b04681
ClassEval,Per-Expert-SVD,43,ClassEval_85::simulate_operation,False,ASSERTION_FAILURE,ea89ac67795e3a4dfdd8cd609946d02aaf0128c60fec59b0f5c12f1e627c46d5
ClassEval,Per-Expert-SVD,43,ClassEval_86::check_winner,False,ASSERTION_FAILURE,5389d595afd4c9e1c72b1a0da02fa9a61b6a2f80c384b4f6c0b2bc68f0984241
ClassEval,Per-Expert-SVD,43,ClassEval_86::is_board_full,False,ASSERTION_FAILURE,81fce19f345a93f5f4e3e88d3e05309c4a212cfe3f6523811a0495a8cb8418a9
ClassEval,Per-Expert-SVD,43,ClassEval_86::make_move,False,ASSERTION_FAILURE,31509659a6e8b33bcb371657e0520e4ef8433ef20d4605b9965755d044378430
ClassEval,Per-Expert-SVD,43,ClassEval_8::deposit,True,PASS,09b92f3ac6944b0a43bfa07fb006a7a2465e2a5d29eb1e82ecc41642a1d4b9ea
ClassEval,Per-Expert-SVD,43,ClassEval_8::transfer,False,ASSERTION_FAILURE,df662971ccb4e6d6605f2159af65361446cc88a19a6ad85af3bfd780190517d7
ClassEval,Per-Expert-SVD,43,ClassEval_8::view_balance,True,PASS,f065cdf79bc2515e655d40660c33db3788b6e64c348967fe96179246bb1b826e
ClassEval,Per-Expert-SVD,43,ClassEval_8::withdraw,False,ASSERTION_FAILURE,986a821ecd456f511573d5b9ac8282b9f55c9f604b1b6b77b5a740839371aa4c
ClassEval,Per-Expert-SVD,43,ClassEval_90::get_fragment,False,RUNTIME_FAILURE,df95d1f2b8dc1d4799f2ab3f65c67d3cc784bbe941c9908ea1e57f5d2f1b3c0c
ClassEval,Per-Expert-SVD,43,ClassEval_90::get_host,False,RUNTIME_FAILURE,5b1b3408402ca430cad9d260a5d9a5dde6f6ce94a1ed718b84a8dfd7ab870898
ClassEval,Per-Expert-SVD,43,ClassEval_90::get_path,False,ASSERTION_FAILURE,bdd87e33c8efd63a18868a6529dcac8a85d8532bbec25c4b70e5c0cd0c8289ee
ClassEval,Per-Expert-SVD,43,ClassEval_90::get_query_params,False,ASSERTION_FAILURE,331f4dcab8d7dd3690a345d0668fc054bdf5ad4d864de14ceaf5aca2058b9337
ClassEval,Per-Expert-SVD,43,ClassEval_90::get_scheme,False,PARSE_FAILURE,0f7ffe90c3b5730c11d82d587ea7da489df8c1aa290de4ad13f3eec5d6729fcd
ClassEval,Per-Expert-SVD,43,ClassEval_92::delete_user_by_username,False,ASSERTION_FAILURE,b1e4784390d453a5b17795cb60f64cae15c0018bb9187dd24213dbe911b4178d
ClassEval,Per-Expert-SVD,43,ClassEval_92::insert_user,False,ASSERTION_FAILURE,122d188fab7cfe0aad065f22de8ce04b774d5d6113c17e9e5122c337fa7625e7
ClassEval,Per-Expert-SVD,43,ClassEval_92::search_user_by_username,False,ASSERTION_FAILURE,a7727ee3632a333c33c6078d6aa98202fd35482b5c8264523782011248e14e01
ClassEval,Per-Expert-SVD,43,ClassEval_92::validate_user_login,False,ASSERTION_FAILURE,568f12fe45f5278a5982cb5a1d9d736cd8d7ef7d91f7fca3a807232ff4abafc0
MBPP+,CoreFlow-q185,41,mbppplus-100,False,PARSE_FAILURE,0305c250170458de330d770a7f97015eff3f76fd528efdbbc0919e883f269774
MBPP+,CoreFlow-q185,41,mbppplus-101,True,PASS,5b4734558e6cfbc4539542934d33e8b1f7955f8d7e565eb68520e8b6e9e47f86
MBPP+,CoreFlow-q185,41,mbppplus-103,False,PARSE_FAILURE,d8cc94f19d2d9b102994dd5213e3a951ed38fef6ef52ff5fe939174af5f9dd36
MBPP+,CoreFlow-q185,41,mbppplus-104,False,PARSE_FAILURE,3f7e4e4705f917e83cef6b697dfbf2bfdd33a8958ae72ba960bd780b5b5ac727
MBPP+,CoreFlow-q185,41,mbppplus-105,False,PARSE_FAILURE,b98ffcada6b33a6fd8b3fb963afcbbcbe7dfa1e82859728aed333e788fd63097
MBPP+,CoreFlow-q185,41,mbppplus-106,False,FAIL,9b94c788b36c407d09fe1d545a000898b72417b08225b820bbb779d34d148d32
MBPP+,CoreFlow-q185,41,mbppplus-108,False,FAIL,6186ea07faa07c39e69648d83b3a03e76ef5ee78d6919729fdbf17fef3179799
MBPP+,CoreFlow-q185,41,mbppplus-109,False,FAIL,a4df337550f4097b7fe502e8d3c58b7e410e2d56f9c84520736776a6b7085ab3
MBPP+,CoreFlow-q185,41,mbppplus-111,False,FAIL,6c22a50b7e8e4c03d62919e2a0285722a808547827cd41cf4ceeaef763446a70
MBPP+,CoreFlow-q185,41,mbppplus-113,False,PARSE_FAILURE,99751776068acdaf88cffb480fce89078d64b38a7e4892c1f33e614e410aeb61
MBPP+,CoreFlow-q185,41,mbppplus-116,False,PARSE_FAILURE,435453df793a6b1351da07641700474a48b8ed39235f5e223cabf2ba853ac109
MBPP+,CoreFlow-q185,41,mbppplus-118,False,PARSE_FAILURE,98ff65424200765fb583caff606f5964dba38766ece2b489a63bcfcbe4a2ce8e
MBPP+,CoreFlow-q185,41,mbppplus-123,False,PARSE_FAILURE,cc8f868bb2996f9f0dd76b57b795cbcc3452598885930d1c33e43ab30ef61864
MBPP+,CoreFlow-q185,41,mbppplus-125,False,PARSE_FAILURE,ea436b7f7988c4ba8079e99fb968654a3cc27e47a36768c11ccf501060a12c6a
MBPP+,CoreFlow-q185,41,mbppplus-127,True,PASS,f7d9af3023a67047e21bf90f330ed7d0867f636aa5ae9d0e90c5a1d6296013e0
MBPP+,CoreFlow-q185,41,mbppplus-129,False,ENTRYPOINT_MISSING,655900da3e71f2661cda9fb62ed440092b929456b3b679958408ad20cbfef797
MBPP+,CoreFlow-q185,41,mbppplus-133,False,PARSE_FAILURE,a29e0ad877fe366bb707dbb40d86d1c8cd218b6bcb04c00a0d8d0b78d2cb9ffb
MBPP+,CoreFlow-q185,41,mbppplus-135,False,PARSE_FAILURE,e527615914c4fa33cea396ff995dc1f1068117a3c06fce647325bf1467972979
MBPP+,CoreFlow-q185,41,mbppplus-137,False,FAIL,24ed7012e5af66c4848214344bf1849703e0740e8c9fa59b9a632d7fc70676b1
MBPP+,CoreFlow-q185,41,mbppplus-138,False,PARSE_FAILURE,c9b8aab5be1e4f143f521cba72dfdc9cf657cfd511f43cd1cca6932df1acebd6
MBPP+,CoreFlow-q185,41,mbppplus-139,False,FAIL,81339c6bb8738eb4628ac6052971604686d16a13b250f900cbc335edf2da2690
MBPP+,CoreFlow-q185,41,mbppplus-14,False,FAIL,4a9ec4c875dee613ef0705d2332af9133b634c7129ad3c569d579955640c5aa5
MBPP+,CoreFlow-q185,41,mbppplus-141,False,PARSE_FAILURE,144711b4200acb089e4d91195aaa86c4dc1cff275b39478169635c86e3eb87a9
MBPP+,CoreFlow-q185,41,mbppplus-142,False,PARSE_FAILURE,1dbbad1f98e6d10f3ec68a3bfb9281fad4f1debc6b688a697f02d42025f257ef
MBPP+,CoreFlow-q185,41,mbppplus-145,True,PASS,3ec7111e95963e69ad8c3c5cdd378f9ccee5addbdd36cba85fd45afb8afef6d5
MBPP+,CoreFlow-q185,41,mbppplus-16,False,FAIL,f8e9ead451e0313250b329cd86871c766c6c7c7df7adfb5ba905937d37de960f
MBPP+,CoreFlow-q185,41,mbppplus-166,False,FAIL,53592bfa392ef896599f548bf736a1f74403970921886904a701ffe0885ede12
MBPP+,CoreFlow-q185,41,mbppplus-167,False,FAIL,30baf81bbe52e23ff48384447e7fc2a04d3cc3b73391d88580fe5310b5f57cb4
MBPP+,CoreFlow-q185,41,mbppplus-168,False,ENTRYPOINT_MISSING,0989a41d5f7e43aeee2e1bdd93cbcdf3a04347f6d8b288956d783b06848690f4
MBPP+,CoreFlow-q185,41,mbppplus-171,True,PASS,40f50f464e208515f22529ce348e6f640d3431072c0d1f875d28b01acbc51482
MBPP+,CoreFlow-q185,41,mbppplus-172,False,FAIL,70dcb68dac76d320dbe922f6f9193b6abbed61c3f6fe99c0cb621a28f543b1cd
MBPP+,CoreFlow-q185,41,mbppplus-18,False,FAIL,3813293212c75556babf385180795d7fecff5164cc80c27b7a46dcddbadb0dc8
MBPP+,CoreFlow-q185,41,mbppplus-20,False,PARSE_FAILURE,18f2f461e6edbbd19eba7ad885b9f1b7a3ff41fd2c897b5314038caa7ecfb8f8
MBPP+,CoreFlow-q185,41,mbppplus-222,True,PASS,04fba7fd839a384797a58b8fc1b92300b3f3a14bf5f8502e7815110d9d9fe4d9
MBPP+,CoreFlow-q185,41,mbppplus-223,False,PARSE_FAILURE,13ab7cbdc85ca82a6118c6bdd38effefda23c108572757ccbb0ccdd0ab70f665
MBPP+,CoreFlow-q185,41,mbppplus-226,False,FAIL,06072ec41d25b3f467b0baf44e1d3b8c4e882063db241f213e851785bb3336db
MBPP+,CoreFlow-q185,41,mbppplus-227,False,ENTRYPOINT_MISSING,e7b3406afe15e54957c95f1886e0b849bd5d3896759d62e844c51c0d2ae2b63d
MBPP+,CoreFlow-q185,41,mbppplus-230,False,PARSE_FAILURE,03c1b8ac1948359d450ad2cedb22a8cd8ba398e4c3a08ca7eab7b260e1754ebe
MBPP+,CoreFlow-q185,41,mbppplus-232,False,PARSE_FAILURE,eb48699717aed9c63609cb6f8924e83aa0d79d4e2939e384224dccce776e349a
MBPP+,CoreFlow-q185,41,mbppplus-233,False,FAIL,5d89078f66ea004269cc7454893e5c93a6f661da31b53f4b266b61799495b48c
MBPP+,CoreFlow-q185,41,mbppplus-234,True,PASS,917726506d5254bb2807827d536d11cdf8607f074bcedb8acc1655b5e19e6923
MBPP+,CoreFlow-q185,41,mbppplus-235,False,PARSE_FAILURE,0056f363c0db0abad4aecdf33d1339fef22f8db2822701db90c288394224db85
MBPP+,CoreFlow-q185,41,mbppplus-238,False,PARSE_FAILURE,eff08aa110343b67b9ae2a8032f5e240efaf1729bd75942243a5869ec3c701d1
MBPP+,CoreFlow-q185,41,mbppplus-240,False,PARSE_FAILURE,25ee9b56f2b5bd7bc81bc8a4fe8acfdbbe34cd4a121affdfb1fa88ba78c80a6c
MBPP+,CoreFlow-q185,41,mbppplus-242,False,ENTRYPOINT_MISSING,5a3dfba1b2ff0eedb5e0f27b5f17811f4b54d371a09b71f656dbd376a9045d19
MBPP+,CoreFlow-q185,41,mbppplus-244,False,PARSE_FAILURE,fbfd0cb8804956e5463287b4a16efb1e66a89d3951ea022d41f4c0cd93fa1604
MBPP+,CoreFlow-q185,41,mbppplus-245,False,FAIL,8fad1d27fa5c17074f5bdfcf965603548eb6e7c56dbac193bb023de38376ce0d
MBPP+,CoreFlow-q185,41,mbppplus-247,False,PARSE_FAILURE,483f4bdcb0638830cae18611312a9a4fd292b4135f1d83f6ca2382dc9701ce11
MBPP+,CoreFlow-q185,41,mbppplus-251,False,PARSE_FAILURE,4344859826ae7fb638f772ce1d9331b74576ef807f46e6ebe4916e4d590fb34b
MBPP+,CoreFlow-q185,41,mbppplus-253,False,ENTRYPOINT_MISSING,9fdeec7c9d9ed76b275e4573261c83a7026f28d21dff66eb30ad7334aae08cc2
MBPP+,CoreFlow-q185,41,mbppplus-255,False,FAIL,ea79b9fb89796eb9256daf30a473bee396f25c03868f1f7338ec904d840fc369
MBPP+,CoreFlow-q185,41,mbppplus-256,False,FAIL,ab7e8e1145351cad70232334708840343f759e467f26c02611308320a8881d6f
MBPP+,CoreFlow-q185,41,mbppplus-257,False,PARSE_FAILURE,0b4437bbd8c23893c03a71889c4a9085b0a6c4483797bd8e444282587a4abfd3
MBPP+,CoreFlow-q185,41,mbppplus-259,False,PARSE_FAILURE,bc89711dac25dca5ee055fb38198eb22d613335b0e97681f4c21604b8ce56b8a
MBPP+,CoreFlow-q185,41,mbppplus-260,False,PARSE_FAILURE,045d9a9cdd47d0aef80296578d28f6b29c87019a2b50dffb4c4d4ea6dd081bd9
MBPP+,CoreFlow-q185,41,mbppplus-261,False,PARSE_FAILURE,1c1e42c482a1d81e9fb7da025d79e76b1b146cf2e285949961f62c3aaba4abb2
MBPP+,CoreFlow-q185,41,mbppplus-262,False,PARSE_FAILURE,d3830de019549ac68f4fba642e3262eca0a1a18baebffe355e85f4199c212146
MBPP+,CoreFlow-q185,41,mbppplus-265,False,PARSE_FAILURE,5d0a3c3f9503d7b331af66620e7c96ef18e9b3cfa9277771b3136a0df6d9b779
MBPP+,CoreFlow-q185,41,mbppplus-267,False,FAIL,626380f795b3bdff9f17f5b4c9111b02d66c9e89a485134a5b20fc6075f2aa3c
MBPP+,CoreFlow-q185,41,mbppplus-268,False,FAIL,6cef78cedb7c83ccf08e3e26f41fd7d11fa7d1e533b8d48b04f8f0d9313e17c1
MBPP+,CoreFlow-q185,41,mbppplus-270,True,PASS,d14d5e8a3dc35595e5f8365ac1f18b704f0da59767befbf27ab86e59fb2e45f0
MBPP+,CoreFlow-q185,41,mbppplus-271,False,PARSE_FAILURE,0ea884ad60c596cbe0cdbdf8d082a466f608cfe7d3f0fbd4eea725e4a0ca9b86
MBPP+,CoreFlow-q185,41,mbppplus-273,False,PARSE_FAILURE,421b2b14ffef757f4ea23875c5204467bf149a41553d9ac7d4bd30e0620f1241
MBPP+,CoreFlow-q185,41,mbppplus-279,False,FAIL,47cfee3854b593087a3b8f8ef00ecc7dafb45c4502da643672e3f13d2d671370
MBPP+,CoreFlow-q185,41,mbppplus-280,True,PASS,a595c1ca92bf18e22517e67689037f2c7db81780d1b5abc8ec64c2c0d6b62643
MBPP+,CoreFlow-q185,41,mbppplus-281,False,PARSE_FAILURE,c39e21364e0626782bd4d3db228b7537d13537136abd49d63f7136798e443531
MBPP+,CoreFlow-q185,41,mbppplus-282,True,PASS,a0cd72d2bd3317615cdb8f3c150c07c88228975c2661fee34ea92cb151d15623
MBPP+,CoreFlow-q185,41,mbppplus-283,False,FAIL,69b62f35e4a79b793dfe634ed35a2e2d6d68d8b0797a7a28913f52fb1651453b
MBPP+,CoreFlow-q185,41,mbppplus-284,False,ENTRYPOINT_MISSING,52e8f74bac55f1686012f4913089dab83533d2b26de36fd8675c549dca58d054
MBPP+,CoreFlow-q185,41,mbppplus-285,True,PASS,1e417545e956e1b59ade1418105f9851a61c1e4eb57e9d98a057a364e9cc1eca
MBPP+,CoreFlow-q185,41,mbppplus-286,False,PARSE_FAILURE,d63800bfa2c6ce974c3ea70dc8e8fd33ae2c153bbb69f6ddf1b4d1c36932c251
MBPP+,CoreFlow-q185,41,mbppplus-287,False,FAIL,741ff4615ae746c2172d548dec7fe63fcab71d9df75eb4d47753a9d54fdcb563
MBPP+,CoreFlow-q185,41,mbppplus-290,False,FAIL,57fc90fd133e0addb2fc6fd72e0349c4b004eb380458255e5855caf712a40de8
MBPP+,CoreFlow-q185,41,mbppplus-292,False,PARSE_FAILURE,53a2b878264241ac1c52ee418a8cb87a9ccf29de48842ff60eaca0172c16f97b
MBPP+,CoreFlow-q185,41,mbppplus-293,False,FAIL,ca20b4eb18c14d58cfded50accd3527f4fcaf7db3b35d7fa39ca42d536510d73
MBPP+,CoreFlow-q185,41,mbppplus-294,False,FAIL,882d91825f6adf07cd1e796d185d34a361b468228f5d567447e719f95dfca5fb
MBPP+,CoreFlow-q185,41,mbppplus-296,False,PARSE_FAILURE,2a174333b49fd5bb95b2343335b4371135397a07c49a355ee0171de66feb0bc9
MBPP+,CoreFlow-q185,41,mbppplus-297,False,ENTRYPOINT_MISSING,6cb02b5b89bc4ca806670487dc229a4bf505e341d1f7050dc99dfdde86240041
MBPP+,CoreFlow-q185,41,mbppplus-3,False,PARSE_FAILURE,aa3a8bddb00e86ef9bfbcd4f926d5c65d59ea203ef45af9ff6b7b2a04dd693f4
MBPP+,CoreFlow-q185,41,mbppplus-301,False,ENTRYPOINT_MISSING,976dc2fa5ca4536a29b573f60b2eb11e8a000c1b41163324e766b54dc9ce4d10
MBPP+,CoreFlow-q185,41,mbppplus-305,False,FAIL,e1add81303289d7ec54d9402c8ebc312626c12de92ea954076ee171cdd7df616
MBPP+,CoreFlow-q185,41,mbppplus-306,False,PARSE_FAILURE,6cd1662322edc1b8851bbf4dc3096ed788ee3b4f45243ee39fa22ee74bc272ba
MBPP+,CoreFlow-q185,41,mbppplus-310,False,PARSE_FAILURE,38b7f52373876a9da08f7b544264615ba94b186f2304bd91ae1d267482dc0b08
MBPP+,CoreFlow-q185,41,mbppplus-312,False,FAIL,7537bdbfabafe1d66dfbd9efe8d753ccb31480ed3bcfefd3d9e51bee9e784674
MBPP+,CoreFlow-q185,41,mbppplus-388,False,ENTRYPOINT_MISSING,616a05a4b00292a5c12c7efa359e153c15f395f6fdd3ff660c045065c909d1ab
MBPP+,CoreFlow-q185,41,mbppplus-390,False,FAIL,d046b5faf49b13fca5e69034de1df08d4502660b4160056533c9c81fd2f92530
MBPP+,CoreFlow-q185,41,mbppplus-391,False,FAIL,e03d95916faf0369f36d72341d7fdef67dfbe201e1037f35db8d3f0476404967
MBPP+,CoreFlow-q185,41,mbppplus-394,False,PARSE_FAILURE,d1a3b62a51e6220a6fe519a98f7254b62d37e7882864a6e5caec03710ff961b3
MBPP+,CoreFlow-q185,41,mbppplus-397,False,FAIL,3a7441e564cc9972d0fc03389bb4e1f306c698f9c59fcce625b2c89e75b1213c
MBPP+,CoreFlow-q185,41,mbppplus-398,False,FAIL,f64af4905cfd5f13b6d1190d1be260198f1163bc908e21915cd5274280f067eb
MBPP+,CoreFlow-q185,41,mbppplus-404,True,PASS,68be964080ee899a113cf809274ffde51f7c9f9b6a4a547f24d7ed4e301ae397
MBPP+,CoreFlow-q185,41,mbppplus-410,False,ENTRYPOINT_MISSING,dc00b909320bd6803caf5aa11c852be3584a9001e3a98be7010b94940d06d229
MBPP+,CoreFlow-q185,41,mbppplus-413,False,FAIL,3e5a8e41c262a47a252b63f8927bb685e4f147c173d709d5390edb8f2a6ff79b
MBPP+,CoreFlow-q185,41,mbppplus-414,False,PARSE_FAILURE,8583d318e6e060d976e8482ab1f773ef643634a9231b7f0cb88d9d1117566c05
MBPP+,CoreFlow-q185,41,mbppplus-420,False,FAIL,4df4d7df5a02414afe4269ac077c875de8cb0aab4d02a1b456152c15a748f898
MBPP+,CoreFlow-q185,41,mbppplus-421,False,FAIL,81b734485ac09f472ef3f1a9f9aef541e24fb3dd0ecc085bcfb1804b05f486f8
MBPP+,CoreFlow-q185,41,mbppplus-424,False,PARSE_FAILURE,dce4bd90f647bac45070f60156ffb0eac412bdbcc096954ba12ad532270e4410
MBPP+,CoreFlow-q185,41,mbppplus-425,False,FAIL,0255fe75b651f85cf17badf2f9b6b610d9c8e9e80fd159b34be709b6b2054054
MBPP+,CoreFlow-q185,41,mbppplus-426,True,PASS,03a57a84a6dcaa80dc03e9dba266d3a768d231f1b0822ab7a8d1319ee3e96e48
MBPP+,CoreFlow-q185,41,mbppplus-427,False,FAIL,4d42aa90a9f7af16ffa314211b2f608429c8d5f691baaabd6caa259b6dbe3522
MBPP+,CoreFlow-q185,41,mbppplus-428,False,PARSE_FAILURE,fb21ba702703a934492a45e9fa4f5e0cac74420732f132c9910bb1dd86c18a0a
MBPP+,CoreFlow-q185,41,mbppplus-430,False,FAIL,b9e43c999e90505c73a4eced76942a451a9521a2bf87d43a6a20f4e4c64a53b3
MBPP+,CoreFlow-q185,41,mbppplus-432,False,PARSE_FAILURE,df64e1cb6d7550e4227167504dee53406dc23e913921070c3132fd67c96bd6e7
MBPP+,CoreFlow-q185,41,mbppplus-435,False,PARSE_FAILURE,2f90a1108bc93b76e112955c31b65f5dbf35c6fee7d3c3b7c93892bbba57b063
MBPP+,CoreFlow-q185,41,mbppplus-436,False,ENTRYPOINT_MISSING,4e6897f2bd0be11fe0c248a3a9ff36e42b69ac73ad907cb78e765102bdb82351
MBPP+,CoreFlow-q185,41,mbppplus-447,True,PASS,f67ee4b631f40961419dd5d7cddb9c3038322be81d05f977953a0108d1b018ee
MBPP+,CoreFlow-q185,41,mbppplus-450,False,FAIL,c59fc187a6f0337c983e21cba16d4573ae98c53f71dfc60a48cf8145ac0af86f
MBPP+,CoreFlow-q185,41,mbppplus-451,False,ENTRYPOINT_MISSING,ff667d8ebb61e476aea25882561966cc6f02abbf9125ed1bae9b697cbb61c78f
MBPP+,CoreFlow-q185,41,mbppplus-454,False,ENTRYPOINT_MISSING,690e606a36ade4fc43ac149c8b7dc8bbf4f947047a4b499ddd7f9b5485e81b66
MBPP+,CoreFlow-q185,41,mbppplus-455,False,FAIL,a5aaaf6d84e3aa07b199bffd0134df330d69b76b367d4b8c255a3deeb41773e8
MBPP+,CoreFlow-q185,41,mbppplus-457,False,PARSE_FAILURE,2916da0cca8de42ebe5e574cb26b910af3515ef08783ecccec45b522e52a89a9
MBPP+,CoreFlow-q185,41,mbppplus-459,False,ENTRYPOINT_MISSING,2822da0bc1af48a4cb677bd95e7c2687336ad5caa17cb8879bcee51101b26fcb
MBPP+,CoreFlow-q185,41,mbppplus-462,False,FAIL,dd2b99379e6aff924aae92fc627a0309213fd034797d723ccdb2c944a5e482b9
MBPP+,CoreFlow-q185,41,mbppplus-463,False,PARSE_FAILURE,e19de4821bcda548683f719295443e4f244fbdcbe43a17da1bbe6a40c9fea53e
MBPP+,CoreFlow-q185,41,mbppplus-465,False,FAIL,8909675c594c6a2ed1de0c708f02e64164b45194ef2dc9256e7287bab548b4d7
MBPP+,CoreFlow-q185,41,mbppplus-468,False,PARSE_FAILURE,1a2ca0a9216bde9e62776b980ea8516ea54fcfab8d8185ebdca9ad5ecc832b0c
MBPP+,CoreFlow-q185,41,mbppplus-472,False,PARSE_FAILURE,051513def20172bf3814f6f3d81213da76be6bfb276d50ac695b6c327564e4af
MBPP+,CoreFlow-q185,41,mbppplus-474,False,FAIL,dd36668786dceb99887e3d377b06404301dbbb1518c754b019e305ee1aa45831
MBPP+,CoreFlow-q185,41,mbppplus-477,False,ENTRYPOINT_MISSING,26654d3f853b3e01a49546a9c653e5b1a6c385db4a6d88e6a0bb1813df7c4c44
MBPP+,CoreFlow-q185,41,mbppplus-478,True,PASS,dd275f8ea95e20132840c172c46f6a05ffcae49d9c7b3c7161d821ff8ba14c47
MBPP+,CoreFlow-q185,41,mbppplus-479,False,PARSE_FAILURE,75d9c1a4c048b1aafa98fb453a65e70d4d08eab12e8639c63f2e979312dbadbd
MBPP+,CoreFlow-q185,41,mbppplus-554,True,PASS,cd6b52a7dc07a87f20b9f1450181f3572a73254a73035f8d1093841482efdf66
MBPP+,CoreFlow-q185,41,mbppplus-555,False,PARSE_FAILURE,085a3b24eaa2de842a5adc6756fdd65c2412ccf2e277a4cd73d1a09a32905f5d
MBPP+,CoreFlow-q185,41,mbppplus-557,False,PARSE_FAILURE,8296ef0a7ed07653240cdfa6436ed0061d8cb3fa5f313c954e38442db9cb6761
MBPP+,CoreFlow-q185,41,mbppplus-559,False,FAIL,d680c1e130e1c5c700d10b07263796398d5643b630b7146b2f4295de66ad1b92
MBPP+,CoreFlow-q185,41,mbppplus-56,False,FAIL,520034f2545ecac5722d4090ecce7c7d41cab9dc5e5cc147f3c7b051dff510c0
MBPP+,CoreFlow-q185,41,mbppplus-562,True,PASS,9748ac61856885aa5c19985ab13210b5895dd01c6da8030663deeddbc8233d17
MBPP+,CoreFlow-q185,41,mbppplus-564,False,PARSE_FAILURE,4414eaa0a3763612fca77baeb17234cd366e95f4f7cca1132defa2ad81a01409
MBPP+,CoreFlow-q185,41,mbppplus-568,False,PARSE_FAILURE,f2b4074032bac09c1bd80cdb23e212ba9c5875a9d8aac0eaf65d49207b870913
MBPP+,CoreFlow-q185,41,mbppplus-569,False,PARSE_FAILURE,3f7e4e4705f917e83cef6b697dfbf2bfdd33a8958ae72ba960bd780b5b5ac727
MBPP+,CoreFlow-q185,41,mbppplus-57,False,PARSE_FAILURE,669ed0c09ef50eb1be4f796501ed4ddd225796a5354df98d3fcc9fa9de0cc299
MBPP+,CoreFlow-q185,41,mbppplus-573,False,PARSE_FAILURE,84fcfb9124b2d2cbd708a759f7e0b81a150dec1edf9e2125599b36dd42add536
MBPP+,CoreFlow-q185,41,mbppplus-576,False,FAIL,cc2494eb6c99b50e930adee6f8c2f605b925a37694c606e00f2c41aad52f822a
MBPP+,CoreFlow-q185,41,mbppplus-577,False,PARSE_FAILURE,429925db94d0c1852f1bc11be3098e8f5bd7ccd16199d65acd2d9fdbfbb84a3b
MBPP+,CoreFlow-q185,41,mbppplus-583,False,PARSE_FAILURE,bb32dba1439df589e675a680c2bde53bafa8f4fd7deaed917046ee0d09996ce9
MBPP+,CoreFlow-q185,41,mbppplus-586,False,FAIL,460b0436867eb755f43b870fe17057b5fa031db7b453c4a795da6083c3db59f5
MBPP+,CoreFlow-q185,41,mbppplus-587,True,PASS,d1655dd3c839752b4060ae79665fdfa2202fe16ba811f392129fef8aba71adf6
MBPP+,CoreFlow-q185,41,mbppplus-589,False,FAIL,d86c9db62096c73a2823f9668ddd42b3ec23b9a2323d2bf8bb5f37208e248519
MBPP+,CoreFlow-q185,41,mbppplus-59,False,PARSE_FAILURE,4c7d5a09c8f9819e3a550297c75fd93dcbe622a42ec19d8a8b2386584ed0ec9a
MBPP+,CoreFlow-q185,41,mbppplus-590,False,PARSE_FAILURE,a90847891055d84c6c069387e7ec732550643a338510bb9eb3cd807e335cacbf
MBPP+,CoreFlow-q185,41,mbppplus-591,False,FAIL,60f687d0d0fd55fd967c04d32034b5dcd73d2ba7a4dd60bb518c58fb2e466659
MBPP+,CoreFlow-q185,41,mbppplus-592,False,PARSE_FAILURE,52afe7c77f574f0c2e89e00e07bde33c365575a986de73129dc330d2f4116aff
MBPP+,CoreFlow-q185,41,mbppplus-593,False,FAIL,8c73a0218a91e4c092aa2e1801ce8c0aed9121a97bdab468ed57bff836b7907d
MBPP+,CoreFlow-q185,41,mbppplus-596,False,FAIL,22e44344292d552fe48013dc73503195953f8e0d89d82b67c4c595cca93d2382
MBPP+,CoreFlow-q185,41,mbppplus-598,False,FAIL,d42585c9c8db3204f9e23a3a81db893d816892d986cab86a6807402a9f1350f6
MBPP+,CoreFlow-q185,41,mbppplus-599,False,FAIL,839f148c1e9ac5d12463d655b100e3399a67acafc48ca44062c95e0f40e276aa
MBPP+,CoreFlow-q185,41,mbppplus-6,False,ENTRYPOINT_MISSING,84a20234dd1c7e3c3c579cd53e42cd1018c87efb5f393872bf0249ad5066ccb5
MBPP+,CoreFlow-q185,41,mbppplus-600,True,PASS,5732f0b5610170478f835174c3063de8e5639f67e21741fb6e5836d8b6e47f29
MBPP+,CoreFlow-q185,41,mbppplus-602,False,PARSE_FAILURE,9e2d2814b2ba61c647b54148418960bd615605147bfaae6b306d0fcbebe452c0
MBPP+,CoreFlow-q185,41,mbppplus-603,False,FAIL,67c1d6439413f1a3da0d42a569bc47d3da5230fe10c3687e88b6cd405063d4c1
MBPP+,CoreFlow-q185,41,mbppplus-604,False,PARSE_FAILURE,81e3a26b7e26c9af19b1d46634bf1f7b212d3ed4b695ef5689b8cc404ee7d6a2
MBPP+,CoreFlow-q185,41,mbppplus-605,False,FAIL,83bf134d1bf526bb5092ac155a333588a1b12754adb82f7f95f358612e54f329
MBPP+,CoreFlow-q185,41,mbppplus-606,False,FAIL,aee8335c4d6f3be96cd01198aad910dd700af45f977c90e963635287d8fc0899
MBPP+,CoreFlow-q185,41,mbppplus-61,False,PARSE_FAILURE,600c56bea44f00b1b9f6fd446a0e03e3634874ac036ed124d5a027a1a73d47d2
MBPP+,CoreFlow-q185,41,mbppplus-610,False,PARSE_FAILURE,5e1d49bf8ef695ae377464cdd07fd95e3c6271944ff4ba442e85051bf9456c07
MBPP+,CoreFlow-q185,41,mbppplus-611,False,ENTRYPOINT_MISSING,1bcd26a63b4c9a126e79be6fa17ca424478d14eade66349a24760db3ffd7b214
MBPP+,CoreFlow-q185,41,mbppplus-612,False,FAIL,fbb6396ac2c3b1f329564f4d1668804d063f0369c70f18f3b86d82c7f508dcac
MBPP+,CoreFlow-q185,41,mbppplus-614,False,ENTRYPOINT_MISSING,b95e9b811f3a247077c5c3247123411a6c1c4d9975ee09eff5c5e9c6f511f247
MBPP+,CoreFlow-q185,41,mbppplus-615,False,PARSE_FAILURE,ad3d35dfdad008398d1e2c8af743da71bc88c4698f26d17cb7aa35e725721c80
MBPP+,CoreFlow-q185,41,mbppplus-616,True,PASS,4b2ad72d17b724e7ed18f3bc17c5a9af2b766da9fb5219d44f1458fb099f8cbf
MBPP+,CoreFlow-q185,41,mbppplus-618,False,ENTRYPOINT_MISSING,c6052ea459ac204ee98b1b735d9e9c486a14c1c90f1af7ec53ad02ff77a3039e
MBPP+,CoreFlow-q185,41,mbppplus-619,False,PARSE_FAILURE,00db45006bada8a28e73bb8e4cf763f930a1ab2323be2abf54217c31761994b0
MBPP+,CoreFlow-q185,41,mbppplus-62,True,PASS,73feaa3a80834b75adcfb6cc898b9186319dcefc495053130e08faa020b45271
MBPP+,CoreFlow-q185,41,mbppplus-620,False,PARSE_FAILURE,d8f14cbc4e6e994ed35a0b286f3eb704ecd089e4f934a15f9e65ad36689e1e10
MBPP+,CoreFlow-q185,41,mbppplus-622,False,FAIL,f8747c3744cc629d34cf7cf085ce6fcede67198bac3de21ad30589a69dc3b405
MBPP+,CoreFlow-q185,41,mbppplus-623,True,PASS,d037fc9f752002a365191d967decdef74a316e1889fd34546d798e7c60597cb2
MBPP+,CoreFlow-q185,41,mbppplus-628,True,PASS,b8e4efff583ed730248db047f087514889e18589d97ad82a9d076a8fd0d729e3
MBPP+,CoreFlow-q185,41,mbppplus-629,True,PASS,192944c384c8b63033a616ce63fc781233f390dde6ad5a2b0a74e40a9772b3b9
MBPP+,CoreFlow-q185,41,mbppplus-63,False,PARSE_FAILURE,614a63047e0b3590be37569e82bb4479c12f3d6b7fb3141352014dd0275d0dcb
MBPP+,CoreFlow-q185,41,mbppplus-637,False,PARSE_FAILURE,c65b15d25f1a99cb23a03e4cfce347dca07dc5b9991866f14a9aac04ffcb3dbe
MBPP+,CoreFlow-q185,41,mbppplus-638,False,PARSE_FAILURE,5188695e88654761368da299327cbba95d5cec940490f364a68ed058830aa364
MBPP+,CoreFlow-q185,41,mbppplus-64,False,ENTRYPOINT_MISSING,6e47c5c88581581d0164aba522eb4ba346c073d55a4d3615ebb709f24968a104
MBPP+,CoreFlow-q185,41,mbppplus-641,False,PARSE_FAILURE,6de99ca0fe8c79629bceb19220e4ecc6945eb5fb20ccbce73cfd997d2d1c82f7
MBPP+,CoreFlow-q185,41,mbppplus-643,False,FAIL,9c5b6601ebb118ef9b2e4e0e7179c23a7bea0e45e0e649033ccebde6a30901c2
MBPP+,CoreFlow-q185,41,mbppplus-66,True,PASS,7ca760c6a918e323bb4483f1e3e42942bf269aa21ac88a4623fb9920baa1dea0
MBPP+,CoreFlow-q185,41,mbppplus-67,False,PARSE_FAILURE,7738ad68d76b952df894bea48d0f5cdcd1b826437d66eed5b2d92bb1ca43f314
MBPP+,CoreFlow-q185,41,mbppplus-68,False,PARSE_FAILURE,4d2b5d5aa1a9ca212bbb16d3a6a34084781b592a18a49d69af22046bbb20e14e
MBPP+,CoreFlow-q185,41,mbppplus-70,True,PASS,8957df2b6a42a6ff934d4ce31f0141129e205080ef63962323b0a282f259b56c
MBPP+,CoreFlow-q185,41,mbppplus-71,False,FAIL,8514d73a8b6e73eca463a2320eb6a48c96ba2fcfe50430014df6825c6858aab7
MBPP+,CoreFlow-q185,41,mbppplus-72,False,PARSE_FAILURE,da611b0ace011eba561b2711304b0fc2a55f326b3c3db88734a2255efd17502e
MBPP+,CoreFlow-q185,41,mbppplus-720,True,PASS,23dd4e45696ff408f4edf2921b6405bea1c229d1a1c1fa0542226feb4a3bc1d3
MBPP+,CoreFlow-q185,41,mbppplus-723,False,PARSE_FAILURE,f6292220e84fb0ea9763295b4ddaf8adc0e505a55e67cdc6eaba4d9f35dca533
MBPP+,CoreFlow-q185,41,mbppplus-724,False,PARSE_FAILURE,379e5146e8f8845d5097561f7540e706384ebf7544d2036fecd7c0107b69c1e4
MBPP+,CoreFlow-q185,41,mbppplus-726,False,PARSE_FAILURE,51449019d2a15862aebac04f15fe1f14645b6045a5639054e53e6f1b3af8bc49
MBPP+,CoreFlow-q185,41,mbppplus-730,False,FAIL,6a4995e785a308a40ef98d4109ba463b3bfa447d5d9eb8cf20c123f4c2b6ff5f
MBPP+,CoreFlow-q185,41,mbppplus-731,False,FAIL,1efed96c4abdf63698de8cac2bcca12f96630c5a13f495f433eccef5b8456ab1
MBPP+,CoreFlow-q185,41,mbppplus-732,False,PARSE_FAILURE,c24638c649d4adba8bddfa4febfea96d7916cfe83df7c4f76463cad793c63833
MBPP+,CoreFlow-q185,41,mbppplus-733,True,PASS,178723b32d4223122e3716884118cebf7c2a4c54cbba6f0d0580175848e3c9ba
MBPP+,CoreFlow-q185,41,mbppplus-736,False,PARSE_FAILURE,0edcd39e0911829326239e23776da06f987c5d0da259f3bd53ad4c2c272fcaff
MBPP+,CoreFlow-q185,41,mbppplus-737,False,FAIL,2f70998f0b35dc4a1b30778357930c6214f930ed78dadc7f708905bfd103fe6c
MBPP+,CoreFlow-q185,41,mbppplus-739,False,FAIL,1b8b056bbb2505dc8248362b2f7635c682474bae02de07007126a0e3f9e55e9d
MBPP+,CoreFlow-q185,41,mbppplus-74,False,PARSE_FAILURE,da5656e56cfdd00fb74ac0830792d1eee2e98fd6cade364477be79621394bdf1
MBPP+,CoreFlow-q185,41,mbppplus-740,False,FAIL,bd6f6ee1f35786daa27594956b6e2e6dfd20025917da4d011b6122a2a22eb034
MBPP+,CoreFlow-q185,41,mbppplus-742,False,ENTRYPOINT_MISSING,45b9be4208a3f27fb4517176bb9958cf5be250aaf275abbed2b09205fd1062c3
MBPP+,CoreFlow-q185,41,mbppplus-743,False,FAIL,0d2887b594a56a7a7f2dbcf2142bae8b7053d94d8b3524655b261b33c3018da1
MBPP+,CoreFlow-q185,41,mbppplus-744,False,PARSE_FAILURE,223844e32af39cef78fd3daed65f0babd09c5f86a5e8049680af1b808e202bd1
MBPP+,CoreFlow-q185,41,mbppplus-745,False,FAIL,943744db716927a314feb67b386ce3569e3b01e9fb1602a27e82e969e795aa52
MBPP+,CoreFlow-q185,41,mbppplus-748,False,PARSE_FAILURE,34d847e279272b8d11e150d98343c3f7c0a4b9e5ed4f1803b3e5eb19b97fae26
MBPP+,CoreFlow-q185,41,mbppplus-749,False,FAIL,18a719d3bb0dfce65f2773ca20d76e2d7d3666cd7299c593f0a2c8b023a1772a
MBPP+,CoreFlow-q185,41,mbppplus-75,True,PASS,47ab0762a47a5068f799cf1ff7f796e3a0ff180436904f2087dce011c697fea4
MBPP+,CoreFlow-q185,41,mbppplus-750,False,FAIL,1b3fe0e85fd60bdbebcf9969f25da1a2d353232dc19697e2917a5e29c4d41fd9
MBPP+,CoreFlow-q185,41,mbppplus-751,False,FAIL,c9eeb25b9fb759eee32039af8a12b0ddf1685317fab10d26119b6de79b794cfc
MBPP+,CoreFlow-q185,41,mbppplus-753,False,PARSE_FAILURE,3691e028707eb182ef378fdf83cb7feff3b369d0bfc5c4c8466fb0cecfe9afcc
MBPP+,CoreFlow-q185,41,mbppplus-754,False,FAIL,d8b065dfa36eeb99903753fbe08d9125f76cf28ffbafc4f980e58a04a66a62df
MBPP+,CoreFlow-q185,41,mbppplus-758,False,PARSE_FAILURE,b7e1a0d6bb5ac494048fb9703c8590a3496c130abb2863e86cd9a58db7d22b01
MBPP+,CoreFlow-q185,41,mbppplus-760,False,PARSE_FAILURE,9e76249a23bfdcc30f738aaf9000ddd2aed8e8bc1bb9c2da984b7a09491d561a
MBPP+,CoreFlow-q185,41,mbppplus-763,False,FAIL,311d98fe92669b61a8a18bd32433f8659e5e6beffc429dad60bb6a647245f7eb
MBPP+,CoreFlow-q185,41,mbppplus-764,False,PARSE_FAILURE,56fa4942d5802130cd1c66ec5d0a1b67c574bbc42148515a263660ee6fd31a08
MBPP+,CoreFlow-q185,41,mbppplus-765,False,PARSE_FAILURE,5f56cea176a332539aa2c1b594ed37c00bc63574a3f1b6bdb67b0557e5b5bbb7
MBPP+,CoreFlow-q185,41,mbppplus-766,False,ENTRYPOINT_MISSING,4ea4e11099a51814ae8abab514c9fd3a5dc18371c4d8684395d87703fa535e04
MBPP+,CoreFlow-q185,41,mbppplus-767,True,PASS,fa479967343c1288cdfa0c20f1448a96134aa1acd0160d4ac01d1ccfed3714bb
MBPP+,CoreFlow-q185,41,mbppplus-77,True,PASS,2271fe1e4a194a59f4b8adc72f460243763259ff3d86d5fc8fea92a0b109b641
MBPP+,CoreFlow-q185,41,mbppplus-772,False,FAIL,821dfa308a535243998321f382ecb60ad16b5b5d5a329ecf29d85f24a5484a9d
MBPP+,CoreFlow-q185,41,mbppplus-773,False,PARSE_FAILURE,00ee270b454ec276ffd290b158fdd00f615334c00e195e1caf6f022f7c116f4d
MBPP+,CoreFlow-q185,41,mbppplus-777,False,PARSE_FAILURE,b51eedff585856407850dec8136b4e1cf82f2e748d74d0967c77e644c3bf1e37
MBPP+,CoreFlow-q185,41,mbppplus-778,False,PARSE_FAILURE,047a4bdcfa3c8f855508043f1c44d9dba23d78db401d84681478928affa29cdd
MBPP+,CoreFlow-q185,41,mbppplus-780,False,PARSE_FAILURE,53f6d85d05c696edfdf889e86894d23d464e5e030e10ce76766721d9f5e85d95
MBPP+,CoreFlow-q185,41,mbppplus-782,False,PARSE_FAILURE,1271cfe4efb875f78e4c849f83ef61f2a49ec4ea5576eec6cf6fa4281d0b5371
MBPP+,CoreFlow-q185,41,mbppplus-784,False,PARSE_FAILURE,9fdd5ce4362b686c439fbd60944f60c0406ad0d2bf80ad28209285f7b7627247
MBPP+,CoreFlow-q185,41,mbppplus-786,False,PARSE_FAILURE,80c9f17fd9d3e83d7ef66ee8fd23007cc6c8dd72d0930bb863718b3fd0deaba7
MBPP+,CoreFlow-q185,41,mbppplus-787,False,PARSE_FAILURE,d92a375299aa0cb7c5f5a08a955e7deb76b20172c10c16a39ab3019bd21dc7e9
MBPP+,CoreFlow-q185,41,mbppplus-79,False,PARSE_FAILURE,e0bc1d2c621c582cae368ae7a28277f018c6561a4f073c5e7fea47853ffb9ee4
MBPP+,CoreFlow-q185,41,mbppplus-790,False,FAIL,a9a9c575cc4ffeda4ef27007b274824885f0bc819268dcdb29ad6d6ce94d818b
MBPP+,CoreFlow-q185,41,mbppplus-791,False,PARSE_FAILURE,daf3b12ed46e457ea84b88907fcffb81a83735da97aa33c187b1ec0cfc94feab
MBPP+,CoreFlow-q185,41,mbppplus-792,False,FAIL,f86ce65fb4bea880b113fdab5ef5e5f1c313d6e05abcf4b3c04cabe6ab90c926
MBPP+,CoreFlow-q185,41,mbppplus-793,False,PARSE_FAILURE,1a4c256b15879a4a3cf4e4030bdff797a70948aebd1b71ad54ae06604e34e6da
MBPP+,CoreFlow-q185,41,mbppplus-794,False,PARSE_FAILURE,979554096aceb7d1cdaca5e8274859a98a9ddafeab1fd2bced7d13a1545bea5b
MBPP+,CoreFlow-q185,41,mbppplus-796,True,PASS,47faf1faa0cadc8112814fe833a799a6e752b3d94ecf4aae51d4e50688b85414
MBPP+,CoreFlow-q185,41,mbppplus-797,False,PARSE_FAILURE,bcd2ee367375c6ccd1704e2629395556cae79f60dc7308e3951bd2c8c8e17421
MBPP+,CoreFlow-q185,41,mbppplus-80,False,FAIL,2cdfcd6e6fa78da2f80fb39e0bc2ca2dc01b964ed37893f2ce0ade0f2bbb09b7
MBPP+,CoreFlow-q185,41,mbppplus-800,False,ENTRYPOINT_MISSING,17bb1c38729e0b381f272c0a0eaf4658e9ac488c29214ce822ac6a7c40eeca86
MBPP+,CoreFlow-q185,41,mbppplus-803,False,FAIL,ec17bf70b84ba32ccd4696efd8c8b907b3b1520a4fd16eb27dcc251946689b43
MBPP+,CoreFlow-q185,41,mbppplus-804,True,PASS,933117475378ee6b88ae0c251cbdcc4f55c71abcb9e7d6ac495006be85dca3d5
MBPP+,CoreFlow-q185,41,mbppplus-805,False,PARSE_FAILURE,ba603e0c80561388d9b073c72a83e5e0efd4dd1f781a0a74eb04e18beca15e6f
MBPP+,CoreFlow-q185,41,mbppplus-806,False,FAIL,7658ba00781f282ffb5a6aeb2a33b85814a74b26022498dcabf18e1daceecf76
MBPP+,CoreFlow-q185,41,mbppplus-808,False,FAIL,b3868a930cac52e70da506bb56b321154e85d74539c89ba26a3b69114c81fea2
MBPP+,CoreFlow-q185,41,mbppplus-809,False,FAIL,7128c9358a706392ef46abf4036362c7ae6a31cb67bd7bae0ad8ec4f5200a2aa
MBPP+,CoreFlow-q185,41,mbppplus-82,False,FAIL,bf845c452d2b28ecb716263008a148b511c196d838da888e7414e67cbf5281d5
MBPP+,CoreFlow-q185,41,mbppplus-84,False,PARSE_FAILURE,875ef2cff639a9a5477cfd9e0911f35fee0787febdcc90c5412e079d5e11e4e2
MBPP+,CoreFlow-q185,41,mbppplus-86,False,PARSE_FAILURE,fd6e1ed6f2763c62e562f9276d049aa395e7056db115ade361da29d271974a74
MBPP+,CoreFlow-q185,41,mbppplus-87,False,PARSE_FAILURE,31c0fd812b2e05ac9c0306693a3087506ccdfadd3914110da33e03478f89d183
MBPP+,CoreFlow-q185,41,mbppplus-88,True,PASS,324e534b5445e374e9b10f7530b452473c6f8e8264b5907cec1d7ac84c0913c3
MBPP+,CoreFlow-q185,41,mbppplus-9,False,PARSE_FAILURE,26f2b33bcf86978244fce74b64ddff6f821a3a99138182d7d074ceffb1d08200
MBPP+,CoreFlow-q185,41,mbppplus-90,True,PASS,437686c2533582bb149486ce350c798c48a886e7921b9e8ab0f241d190381acf
MBPP+,CoreFlow-q185,41,mbppplus-91,False,FAIL,04c4f23990e74f202583a4f531bba3a469c18b87de8fe18fcff795ca9cebe1e1
MBPP+,CoreFlow-q185,41,mbppplus-93,True,PASS,6599f1f2c9df39137b7629f01367eedf113e90174973752641970e1ddf744d80
MBPP+,CoreFlow-q185,41,mbppplus-94,True,PASS,4e32e2690f91a88e561cfce2748839eed60f35e4a2b620e34e08d3de106e80d0
MBPP+,CoreFlow-q185,41,mbppplus-95,False,PARSE_FAILURE,fa5f6c650a309664433086ac3c2f8c5535185bd7102d2b6d6ea8e07cedc88f49
MBPP+,CoreFlow-q185,41,mbppplus-98,False,FAIL,038f36026da1e971c5ba2ae07b2177ab91d03b6a847ce2e1bfb8340feeb0e60a
MBPP+,CoreFlow-q185,41,mbppplus-99,False,FAIL,e83a1545987504e06e4d4c937e4159a0ce77234a8f80795304b2c5a18a08514d
MBPP+,CoreFlow-q185,42,mbppplus-100,False,PARSE_FAILURE,3c3ce9f3c8630a448d9cc3de47b8fbf072050ae3ba576c3c92b0ab3b53eaca44
MBPP+,CoreFlow-q185,42,mbppplus-101,True,PASS,061f7bb72427f9d593bf3ad2d905d6f7a64ae38d50781d3fb5e8b2e5f76d4da8
MBPP+,CoreFlow-q185,42,mbppplus-103,False,PARSE_FAILURE,c0104a6139099e0f9db967dec43a5547257468d31a4544e8dad17e7a796cd76f
MBPP+,CoreFlow-q185,42,mbppplus-104,False,ENTRYPOINT_MISSING,08f5fb91a1e80966e8fa745f8d2ec7b68b0caa3f5266c52d44f4368b07e14faf
MBPP+,CoreFlow-q185,42,mbppplus-105,False,PARSE_FAILURE,b98ffcada6b33a6fd8b3fb963afcbbcbe7dfa1e82859728aed333e788fd63097
MBPP+,CoreFlow-q185,42,mbppplus-106,False,FAIL,118e7f3bf8f188f71740d8370d4ac740c53f67ec74c4ab499acf3254a37642c9
MBPP+,CoreFlow-q185,42,mbppplus-108,False,FAIL,042d7d2a41b5b96e7685ba13e731735bea79aa61b20946b05c173633a157af0b
MBPP+,CoreFlow-q185,42,mbppplus-109,False,FAIL,a62644d9d220c8745cb48319a78a73bfebe36711c29cd3a99c0c8d560c530149
MBPP+,CoreFlow-q185,42,mbppplus-111,False,FAIL,075fe10110098e2420d65ef2e870b7e4e4db6208154981d09f3841275ae306ea
MBPP+,CoreFlow-q185,42,mbppplus-113,False,FAIL,bbbbc56f26a83d7bcd1e444ae20e3b732f9363b5c4330a0a5811c8fd0ba555f7
MBPP+,CoreFlow-q185,42,mbppplus-116,False,PARSE_FAILURE,4ee9671edd3db75ffb260d7e0c61613287d31968e152f66eea82a289dbeff564
MBPP+,CoreFlow-q185,42,mbppplus-118,False,FAIL,c3ac9a5670b3b895e91fa469a971d7bf915093f8570668f307231e3c05086eab
MBPP+,CoreFlow-q185,42,mbppplus-123,False,FAIL,74f72261e2692c4bc30d926730b2dd499d20ee0326ca01a0ca829bb0d021c3d2
MBPP+,CoreFlow-q185,42,mbppplus-125,False,PARSE_FAILURE,1d85d4b94fdc794d596d12123cc4e60581f4357f186e3c6c584dee24116cb203
MBPP+,CoreFlow-q185,42,mbppplus-127,True,PASS,123ca827a6e9b4078142d739dc3993a859c4c5c17b95cc3f67de491c91550f95
MBPP+,CoreFlow-q185,42,mbppplus-129,False,FAIL,0f46b6ea742adcd01dc9f2ab21b07cca7e187be7c497afcce56ce8a2a59f0c05
MBPP+,CoreFlow-q185,42,mbppplus-133,False,PARSE_FAILURE,62d7a8c44511aa00fab6d078fd9b7c43c48e6e9079a56afa259aa184f2df66a1
MBPP+,CoreFlow-q185,42,mbppplus-135,False,PARSE_FAILURE,4a5b4cad21a3a78113dd7ce76f37e8510c26accc0024837553c6f9595d55c438
MBPP+,CoreFlow-q185,42,mbppplus-137,False,FAIL,6110d35676a52eea165e7b522595dfa4aec81700dffc6990e866ea64716f0909
MBPP+,CoreFlow-q185,42,mbppplus-138,False,PARSE_FAILURE,976f7d48f9de326a04e7c3695240b8f38923c1dc4bb0468ce710f5e8e24654a3
MBPP+,CoreFlow-q185,42,mbppplus-139,False,FAIL,b2e3b9ba97b9e365e80f6f2171c4a66de51612c1ab77399eedeb96bbfa461c11
MBPP+,CoreFlow-q185,42,mbppplus-14,False,FAIL,a2fe287a46e52b782539856055314fa854194f9c48c72410b899005192bf5592
MBPP+,CoreFlow-q185,42,mbppplus-141,False,PARSE_FAILURE,0f008aac4231c4623eb950e4b61347c0fb2eec4e50f22fdd8ab40514ee1be213
MBPP+,CoreFlow-q185,42,mbppplus-142,False,FAIL,3b57cd7e3ebd6cd86bb42a1e9bdcd85cfc78e1fd591049a4bf386e601b917d82
MBPP+,CoreFlow-q185,42,mbppplus-145,True,PASS,c863d54c14ce28208e4cc980d79f91a91b3e02671efa85e989849b70bd2161d3
MBPP+,CoreFlow-q185,42,mbppplus-16,True,PASS,5220209ae9ec6b8bb9e06bc11fdffe9ef41427c767f464a5ba66dad93ffce7aa
MBPP+,CoreFlow-q185,42,mbppplus-166,True,PASS,c18dca7fa0f5bfb06c9377939ba54cc7733a0042f201e7a4450b9e9965e4c29b
MBPP+,CoreFlow-q185,42,mbppplus-167,False,PARSE_FAILURE,f4e281c6e56cef49ea13773a5255171dbe338a44a1cbaf8b5753c3cb59ebfc70
MBPP+,CoreFlow-q185,42,mbppplus-168,False,FAIL,e393501ca467c24dd37aaa437db4bcc8dd5c8c9e82f268592be8ce1aceeccf62
MBPP+,CoreFlow-q185,42,mbppplus-171,False,FAIL,0fc572b93716a18005d5ab7084f7f989950f0c69e80283374382c7e430b83bed
MBPP+,CoreFlow-q185,42,mbppplus-172,True,PASS,fb00dcd40356e400a4fc7b7d3f0be60b6161e5dac66c1809f274acee0c1a1752
MBPP+,CoreFlow-q185,42,mbppplus-18,False,PARSE_FAILURE,9609a39858945c5ca9c8b84967817d2bf7b949db020b46193b9f6ed526b1efa3
MBPP+,CoreFlow-q185,42,mbppplus-20,False,PARSE_FAILURE,c88de082482c7da81cec64e63a0674f114981ba2780a70350d7c97761a17cb0a
MBPP+,CoreFlow-q185,42,mbppplus-222,False,ENTRYPOINT_MISSING,900ef84589880953bfa309dcf2ae9f071bee79be75f5c122c8d7c00d4e8bc4a0
MBPP+,CoreFlow-q185,42,mbppplus-223,False,PARSE_FAILURE,0115fd1bf8ed71fc7eca6a33165d89b586b3a3906a171b57d3eb843daece9ae2
MBPP+,CoreFlow-q185,42,mbppplus-226,True,PASS,d7f49e5665a0425d29c44bceed095cc7f294aad30d87ef90578255da784c941a
MBPP+,CoreFlow-q185,42,mbppplus-227,True,PASS,1df8e0006287cd26743c4763675e5507be10f0af51e63b810b212e6bedc92885
MBPP+,CoreFlow-q185,42,mbppplus-230,False,ENTRYPOINT_MISSING,57acd7bdf4db93a28d45aa25564e62bf7e46a76090348b99e914b582f8acae7b
MBPP+,CoreFlow-q185,42,mbppplus-232,False,FAIL,f61440e52090cc8cf63ec875769e1da0d224196a2110245d29488d8031f65c67
MBPP+,CoreFlow-q185,42,mbppplus-233,False,FAIL,e1b0b7d219e7204a0bc03eaecfd59c1c556975904e3204828ca612428054c702
MBPP+,CoreFlow-q185,42,mbppplus-234,True,PASS,1bf749786556fe1820c2b750462ffee661aaaabe4628d999216d7899a5fda1d0
MBPP+,CoreFlow-q185,42,mbppplus-235,False,FAIL,6b3e33fb5b4ded9c5d0243ecff61c1b2ef2fa0c9ede29ee63196517566d21d2a
MBPP+,CoreFlow-q185,42,mbppplus-238,False,FAIL,f73be607967a594608b0260412ff36ff1d2ab2f7781caaeee7ee224382151fd8
MBPP+,CoreFlow-q185,42,mbppplus-240,False,FAIL,7d94638eee74651043b2e22185b0ea73b9812c9dcac1dcd700cbce91647bfada
MBPP+,CoreFlow-q185,42,mbppplus-242,True,PASS,64850454becb9126305ad597610fd181d57a46a887b50694ccd1b83d3ee0356d
MBPP+,CoreFlow-q185,42,mbppplus-244,False,PARSE_FAILURE,59e6e89df397ecd4b53ca8a88d6af11cb591acd4a05f4941f4cea9cc69f0ab73
MBPP+,CoreFlow-q185,42,mbppplus-245,False,FAIL,ee707f19ecc28f191283d23ece7d7442b3c02accb5f907fa1017b39607d15ee6
MBPP+,CoreFlow-q185,42,mbppplus-247,False,ENTRYPOINT_MISSING,daae7cffa22fcef1fd2bb3f062a75209b04fd6f79ee41a3b025dc94e3669cf56
MBPP+,CoreFlow-q185,42,mbppplus-251,False,ENTRYPOINT_MISSING,839e50dc4d7f8bf471f99ea553dc6152195f3b77663d229c9c4dc422e8cdb461
MBPP+,CoreFlow-q185,42,mbppplus-253,True,PASS,b9b68644d41814f3df1b378f96d7d2af9ecf41550d97226a677717eec35ba41d
MBPP+,CoreFlow-q185,42,mbppplus-255,False,FAIL,d41506f2c294443c84dd7ed79ed456f3f3e8e1ef55e9dc3a8201b16c189776be
MBPP+,CoreFlow-q185,42,mbppplus-256,False,FAIL,042f39e4254f905ee75c7aad853e091f6d583a825b9ad71be3be751b7ab008b8
MBPP+,CoreFlow-q185,42,mbppplus-257,False,PARSE_FAILURE,d015c2c56bf36977db15bffa35a5d3fb5ed201b6728ac246c24f89f613721e0e
MBPP+,CoreFlow-q185,42,mbppplus-259,False,FAIL,5190da61b416fa93fff96ef4289129ad0a1d74e3221eebe243cb225d028799d5
MBPP+,CoreFlow-q185,42,mbppplus-260,False,FAIL,0caf346b1e6ce102229dfac6e74d0e33ae9ed89f59b993bf32c999c7ecf7ca60
MBPP+,CoreFlow-q185,42,mbppplus-261,False,PARSE_FAILURE,e20fcbd0d7bb62f413db31b363cd5b33144cb7adfd30c2130cdbe08a20e0af49
MBPP+,CoreFlow-q185,42,mbppplus-262,True,PASS,1595af16028549e133148b1f7fb19da61a728089f5f6b9d6c55d45f219494337
MBPP+,CoreFlow-q185,42,mbppplus-265,False,FAIL,9c72be848c8b8aa27275bc531d5ad6bccab4d40b9f5f628332ce7fed5dd4cae0
MBPP+,CoreFlow-q185,42,mbppplus-267,False,FAIL,c35b318bfc8966bd407208affdf55d854d717936a34cedbb3c6933240071cd8d
MBPP+,CoreFlow-q185,42,mbppplus-268,False,PARSE_FAILURE,eef6ae723344318dcb4c6944731bac80b1aea2079960b295ac3a677bfee1270a
MBPP+,CoreFlow-q185,42,mbppplus-270,False,FAIL,11d67dab7955a9455c2382861b5ea486b7d873bc8a049bfb11da4d5d6e7f122e
MBPP+,CoreFlow-q185,42,mbppplus-271,False,PARSE_FAILURE,0ea884ad60c596cbe0cdbdf8d082a466f608cfe7d3f0fbd4eea725e4a0ca9b86
MBPP+,CoreFlow-q185,42,mbppplus-273,False,PARSE_FAILURE,2d173f80523cb0d374fae0f44b0a8442d0c176ff95d48e856345ced8e2f6bbf7
MBPP+,CoreFlow-q185,42,mbppplus-279,False,PARSE_FAILURE,74587815ad7ade9114d857cb3d6d3b17df7bdb71c7ab507d744af4a3d5d8a6d7
MBPP+,CoreFlow-q185,42,mbppplus-280,True,PASS,11b25c1c33d99ef7516d5373c76968d4f39ad2a891f5c937652cfe83199c9b5a
MBPP+,CoreFlow-q185,42,mbppplus-281,True,PASS,bfe263faf6f040cdbfee0feb62660b0431e9cbebe9cc075a61ddef19513746a9
MBPP+,CoreFlow-q185,42,mbppplus-282,True,PASS,1a03065d604aa1e1293f43cf6bb9ae532f9ca85c3b537535a60fe0972be88046
MBPP+,CoreFlow-q185,42,mbppplus-283,False,FAIL,9904c2a0d01b1cbab627f03c062333dd1181fd70b133309049adb94f6c77bee9
MBPP+,CoreFlow-q185,42,mbppplus-284,False,ENTRYPOINT_MISSING,e089396a5ccce746c11343e16e03f6ff9a2f57f87061b959edc03aed89465807
MBPP+,CoreFlow-q185,42,mbppplus-285,True,PASS,cbb86a94f0047f6abf1cb303702a5551dfa4ca5ab6101eaaf2cb18ecfa98d2c0
MBPP+,CoreFlow-q185,42,mbppplus-286,False,PARSE_FAILURE,bfe885192f0d8963bc3ed353953250537c4a4333ff897c52d6e6c623267efc02
MBPP+,CoreFlow-q185,42,mbppplus-287,False,FAIL,0a8be20a9698f8e79aba306db40145dd9d7d5485505c62ed317729c9f013aa36
MBPP+,CoreFlow-q185,42,mbppplus-290,False,FAIL,d8dd08795a2e7b3975dc817c77940fa12de37707d5237883d636dbbed88c11ee
MBPP+,CoreFlow-q185,42,mbppplus-292,False,PARSE_FAILURE,671ca7619dcf0ceee58a60919297847b8853ef09336f8f35bda2ccb189cded58
MBPP+,CoreFlow-q185,42,mbppplus-293,False,FAIL,e4bbf8ac4562b41077d1e8dbc1e07f4d89b8b667c940c8f810caf2f8b8cc4495
MBPP+,CoreFlow-q185,42,mbppplus-294,False,FAIL,51f29b7dcfee4682d560926513a7e95e866c08104d289fb570cda304bf95d232
MBPP+,CoreFlow-q185,42,mbppplus-296,False,PARSE_FAILURE,0fb0802f53bdf74bd474f7eaab8d5526facaa4bde8201bc97218c01412bf1cbd
MBPP+,CoreFlow-q185,42,mbppplus-297,False,FAIL,c8a59b41ef337a0f1cbb7227de39a4286d1d71ca6c50931b80b0ab6ef8cae6df
MBPP+,CoreFlow-q185,42,mbppplus-3,False,PARSE_FAILURE,b2bc39f3fd5bbb96466675b2fdf7eada93d245920d1975a647d3ee6256dde3a5
MBPP+,CoreFlow-q185,42,mbppplus-301,False,FAIL,c1a2f01432a6877a4c0476a55d7db6fc24164d50c17c4f5f531a7a450e507e7f
MBPP+,CoreFlow-q185,42,mbppplus-305,False,FAIL,fc18295170d96dacc8a0a022d60dc60f6480d0f556a6f465951d42818a33269b
MBPP+,CoreFlow-q185,42,mbppplus-306,False,PARSE_FAILURE,58b909aed5ec67c614325f0d1dce3e4a61df303423fb651ce9912ff17fb219b9
MBPP+,CoreFlow-q185,42,mbppplus-310,False,FAIL,95a95a20ee1cc67b0a0b17ef91c321c2ac147134ea13f039ad117fc6a2d6c939
MBPP+,CoreFlow-q185,42,mbppplus-312,False,FAIL,831196e6f2e07591a6c7796c2417c7ebed7ae0a45ea3fd17a01be489278a4239
MBPP+,CoreFlow-q185,42,mbppplus-388,False,PARSE_FAILURE,3ed309b2fb0a6e29a93e7860215607856c6c5d9d020fd868cbf501a398ba64fa
MBPP+,CoreFlow-q185,42,mbppplus-390,False,PARSE_FAILURE,80f98182561726dcfb4a5bfa37c1a251ed0821b77208cd512b0b6c00aba2ef94
MBPP+,CoreFlow-q185,42,mbppplus-391,False,FAIL,f58db734c18224e5cbb6b72fd2174f9570e4a7d4a8391d096dd9fa7a55fe1f21
MBPP+,CoreFlow-q185,42,mbppplus-394,False,PARSE_FAILURE,719e9158498f988fdc260f1e0f47f37e98f153322e32b956b6af9d7b27877aa0
MBPP+,CoreFlow-q185,42,mbppplus-397,False,FAIL,d714790a423c9c7d81fc831f0304c7ecce691d78cbfead8fa3ebb893ef51d808
MBPP+,CoreFlow-q185,42,mbppplus-398,False,PARSE_FAILURE,8ebae56d5018d393accb72f4028e2f3f9088d86b915366ba163986ff28343f92
MBPP+,CoreFlow-q185,42,mbppplus-404,True,PASS,9ee03216b11c6bf6b68c0b0898943222e3031655318195b7c0302aada490d4c3
MBPP+,CoreFlow-q185,42,mbppplus-410,False,FAIL,6514e5e666462772e419dc5e3d2306659a7688dbc577e887a6409375570032a8
MBPP+,CoreFlow-q185,42,mbppplus-413,False,FAIL,1c5227180c4231d3c46367bfc48ddcba3c79200257e8e31372fd8e7ee34cec18
MBPP+,CoreFlow-q185,42,mbppplus-414,False,PARSE_FAILURE,1feb1c3507b9693187a0dd5d3e491ab501f384166a10440f210b90d2504fa2d2
MBPP+,CoreFlow-q185,42,mbppplus-420,False,FAIL,5f93f6d100d487255755447f4a8ed43b01ca140b2456a225a55021f2c61c3e33
MBPP+,CoreFlow-q185,42,mbppplus-421,False,FAIL,cd21b32429bca81b328bdf86f9475da10072d94b54209beeb4e578db100b5b8f
MBPP+,CoreFlow-q185,42,mbppplus-424,False,FAIL,3cb6b7d67a5299e86ca88771dcfe5457351a0cc884f6871862d33b4673b9f740
MBPP+,CoreFlow-q185,42,mbppplus-425,False,FAIL,c8f7c5799ef21971cbcf6c8cc5dbc7e5e9327b0e94a20bc4f4cb668dd45834c0
MBPP+,CoreFlow-q185,42,mbppplus-426,True,PASS,a1af46922fa33db5feb636bc3628d3c728c3396cb8fc59c256bdd2916bc73196
MBPP+,CoreFlow-q185,42,mbppplus-427,False,ENTRYPOINT_MISSING,ce94559beb6cf9f0b6c925f70c43335360e1fddac1a8b354d94d08f2d1017294
MBPP+,CoreFlow-q185,42,mbppplus-428,False,ENTRYPOINT_MISSING,9ef3f6f61bf6e0a6d658e76a8777d8d51e2783f6acb16809eae437fc1b9d1301
MBPP+,CoreFlow-q185,42,mbppplus-430,False,FAIL,e3dc43dcea91a77b2a9218dbaacb1e4508b633b83483c47ce7a185fa6e8e94a8
MBPP+,CoreFlow-q185,42,mbppplus-432,False,FAIL,48ca5e31e98ac8e2a06d19e5d08aa1b704f9f182bac7661471ec7308c3b11343
MBPP+,CoreFlow-q185,42,mbppplus-435,False,PARSE_FAILURE,5e28822dc01d5a0556bfcd667ed0c4ff1de9a854a407239ffd0642b7a541bf07
MBPP+,CoreFlow-q185,42,mbppplus-436,True,PASS,e6a4f8c1aa3d1e951e06d6b201afdb9c992968227e8446060fcc80645393dfa7
MBPP+,CoreFlow-q185,42,mbppplus-447,True,PASS,59e2dfd69a96ef7bf1b913d1b4a63277a44ea224552b1c9c24f3190a6c18d8ca
MBPP+,CoreFlow-q185,42,mbppplus-450,False,FAIL,06a263119b1704a80b09098e58a90bb925f04b272d146ca4a8dce2979ea86e39
MBPP+,CoreFlow-q185,42,mbppplus-451,False,FAIL,b358da75fdaed1e461d81579a9e1a021ab7460b94bdbbc93cbc900a111648a13
MBPP+,CoreFlow-q185,42,mbppplus-454,False,PARSE_FAILURE,f61c513d06dfb0ce5f8883447e69be17ab3d4c9111539d8406ecbffeee0b7ad9
MBPP+,CoreFlow-q185,42,mbppplus-455,True,PASS,d2d243cc10cfc16f463ea3b747dc882ca9c8a612e592a998e02a28377021cae1
MBPP+,CoreFlow-q185,42,mbppplus-457,True,PASS,863e4fa7980e64f8c7c69d1761116438172f937c0e989a623158a40cfcc13803
MBPP+,CoreFlow-q185,42,mbppplus-459,False,FAIL,ba97ae62d4fac385e3fd131967cd41f92a0023625d3093caf62a00d8c28ed485
MBPP+,CoreFlow-q185,42,mbppplus-462,False,FAIL,8e10b80cc2dcd47cd3ee12653ee4c7fb79baa57c9a7776c98ce0dd8cb4755996
MBPP+,CoreFlow-q185,42,mbppplus-463,False,FAIL,321a672225882793c3db8dfd2c6bc96fe0a1043f0de05d6fcb3b53ad997f0886
MBPP+,CoreFlow-q185,42,mbppplus-465,False,FAIL,7bcacc6b9d2ed86f2fbd45680032d11e257d8e39725e82a4aa024f795f99c1d1
MBPP+,CoreFlow-q185,42,mbppplus-468,False,FAIL,742e34ae6efc0a04abb3d3e15fae39f82ee3b4bb22a0f0228c8e5fd38eea54d3
MBPP+,CoreFlow-q185,42,mbppplus-472,False,ENTRYPOINT_MISSING,1014936ec73695bf16c62403bf7d3f3afe39c6a6cfc3244cc216fd19d1d04ea3
MBPP+,CoreFlow-q185,42,mbppplus-474,False,FAIL,e88d5e77386432c83cc86c82831ee4a2913c1c0f51ada57cffcd55d70e73d960
MBPP+,CoreFlow-q185,42,mbppplus-477,True,PASS,69dc69a662e4a6d511447e0175e76ba181af00502db3e7d67358e99438328433
MBPP+,CoreFlow-q185,42,mbppplus-478,True,PASS,708fc4f25d6091ae5655b37df4151f73f08f0d02eb42ecc4096df12b99dded58
MBPP+,CoreFlow-q185,42,mbppplus-479,False,PARSE_FAILURE,75d9c1a4c048b1aafa98fb453a65e70d4d08eab12e8639c63f2e979312dbadbd
MBPP+,CoreFlow-q185,42,mbppplus-554,True,PASS,ab3eac72cacb22e7d48f7ffe400e751699be1d56737693a1c4352b50fd9477b3
MBPP+,CoreFlow-q185,42,mbppplus-555,False,PARSE_FAILURE,4f0d4b2d00bd8e9be682c0b0c17aa01e03fe8c66bd66cdabd34e528fbd7496c4
MBPP+,CoreFlow-q185,42,mbppplus-557,False,PARSE_FAILURE,170f3d9af076102ad6180822996540d2b2b4aa2232a58ee65c1ec763266546ef
MBPP+,CoreFlow-q185,42,mbppplus-559,False,FAIL,78dbdf2441422c545e14c792d3f26d5603078e00d50fec07e77d10eb510f20cb
MBPP+,CoreFlow-q185,42,mbppplus-56,False,PARSE_FAILURE,fc45597167ed8f1714179c5a8efcc9af35535f8570f97347e05a6484c732a324
MBPP+,CoreFlow-q185,42,mbppplus-562,True,PASS,7a1f4f078ea668d912464071d2df7c82ee2490310dff3bef1f1f94f3e6f475e1
MBPP+,CoreFlow-q185,42,mbppplus-564,False,PARSE_FAILURE,d786b3fe0df62c5f6abf7ceeff511d08e10473801967b28386ca47b7f61ba500
MBPP+,CoreFlow-q185,42,mbppplus-568,False,FAIL,f8601e90fc828891ab57d7b274276c089942fcca47ce939b6d9b037238408dfb
MBPP+,CoreFlow-q185,42,mbppplus-569,False,ENTRYPOINT_MISSING,08f5fb91a1e80966e8fa745f8d2ec7b68b0caa3f5266c52d44f4368b07e14faf
MBPP+,CoreFlow-q185,42,mbppplus-57,False,FAIL,55c10b71b5650fe555a218dded35284af6eb492747aa196a4b8d8aee21ecb06d
MBPP+,CoreFlow-q185,42,mbppplus-573,False,FAIL,2e0d88194fa5f9a52cf1fdb1f0f1e794e371e873453ca7707e8e899176757073
MBPP+,CoreFlow-q185,42,mbppplus-576,False,FAIL,a3a8af41b769ba94e34034906268d09c5fef7f09a93ff202f57648ab638ddd02
MBPP+,CoreFlow-q185,42,mbppplus-577,False,PARSE_FAILURE,01f1bcbe41ee19b082429d5bd12f7d97774943a8f084c7b8453bee882512ee2c
MBPP+,CoreFlow-q185,42,mbppplus-583,False,FAIL,dec58a12c715e1872f705d0eabeb3fafc43fc2deeef9b1982d843370c0da70ef
MBPP+,CoreFlow-q185,42,mbppplus-586,False,FAIL,c1718341e2fff0a25290c5c6395bfed45abcd1b116eda9a9ab61728361c815a1
MBPP+,CoreFlow-q185,42,mbppplus-587,True,PASS,d45f1559eaea273957fa8c6e695f63da4c43e67f171037738062313b6ab6c83d
MBPP+,CoreFlow-q185,42,mbppplus-589,False,PARSE_FAILURE,87624c52ac9f874440a593eb17e1ddbeb9f9bb4d23d1b95998a6d261d1eeb6ce
MBPP+,CoreFlow-q185,42,mbppplus-59,False,FAIL,ed23a7ca7c89486d69de2a7df50e8cbfffd127d0890c37ced5f8f2bd7f1f6c1e
MBPP+,CoreFlow-q185,42,mbppplus-590,False,FAIL,1e8b3264061a3df5bb715be1989e3d6abf8f0bf9f1917c845be476d168c3cee3
MBPP+,CoreFlow-q185,42,mbppplus-591,False,FAIL,37ed77550c9fa6266cff7d0c1afdf1cb92b23dbf38ecc583d601e29af7b483f1
MBPP+,CoreFlow-q185,42,mbppplus-592,False,FAIL,13fd15571fe7b63b842fbc904c045f73242c0023b027cc074ff7b7b312ed2b78
MBPP+,CoreFlow-q185,42,mbppplus-593,False,FAIL,90db944428d97a0e45369c3798e51d975e785d2babf77349ccd7a0b9a73f6ba4
MBPP+,CoreFlow-q185,42,mbppplus-596,False,PARSE_FAILURE,f2f89c5570c589e354f8ea3ffaa3d41edc3f585fbd08df1f0fe7c92d2a58c54a
MBPP+,CoreFlow-q185,42,mbppplus-598,False,FAIL,2592151b8a2170c86f4731e38941a3db9a9b21c589d0a2da7fcd0226fac4df8a
MBPP+,CoreFlow-q185,42,mbppplus-599,False,FAIL,f7c7c8a9d22a9fb000251918cf642773db924bd4ab20d7f58282b2b43d20b4be
MBPP+,CoreFlow-q185,42,mbppplus-6,False,PARSE_FAILURE,0b3bb34298fe367440351ffbad07897f6c406776498d825c9688997d3c2712f3
MBPP+,CoreFlow-q185,42,mbppplus-600,True,PASS,b6ebc60994815ec3569df123dc720406e40d39ef26e3fe7e49e04c519586b449
MBPP+,CoreFlow-q185,42,mbppplus-602,False,FAIL,e8cafb5f6fcfcdeb93bc06f44dec4ab73d2c82147cc4c22271bbedcb4cf6e77f
MBPP+,CoreFlow-q185,42,mbppplus-603,False,FAIL,67c1d6439413f1a3da0d42a569bc47d3da5230fe10c3687e88b6cd405063d4c1
MBPP+,CoreFlow-q185,42,mbppplus-604,False,FAIL,f6047a1e48c57c74009a8edd50047d585373b5670f20b3559afc4d614652c010
MBPP+,CoreFlow-q185,42,mbppplus-605,False,FAIL,26fdd5d01cc395dd0e92be55045ecf5d3381069f4a23639cd089bde26b32d42f
MBPP+,CoreFlow-q185,42,mbppplus-606,False,FAIL,1cb772d2ef669d27e717fecce3fb05a6630b4bff122cd2d8f1f60c84690e1657
MBPP+,CoreFlow-q185,42,mbppplus-61,False,PARSE_FAILURE,a5f14304ec138d50520feb3a7df4c420ffdfdf799d31a6cb6ca3fe906c6b7ca3
MBPP+,CoreFlow-q185,42,mbppplus-610,False,PARSE_FAILURE,ddcb47dba520b77e53b9286e7fa1ba197def9f35f4388ff6593254feaf9da416
MBPP+,CoreFlow-q185,42,mbppplus-611,False,PARSE_FAILURE,3444b4079dc3b0edadb475d0a716c99edbb6c68cb46bf349dec418f253348f1c
MBPP+,CoreFlow-q185,42,mbppplus-612,False,FAIL,6babc839ca4511ec76339188ac76295c8cedb63cb504afc93427d08c08b966b2
MBPP+,CoreFlow-q185,42,mbppplus-614,False,FAIL,6ae32f847886e3b289cd0e6f9874ca0cdf940e3a1bd63f95e708e71e4dffc8ec
MBPP+,CoreFlow-q185,42,mbppplus-615,False,FAIL,f47d928ec220397bfc412c721807a2d1a646964219110bebee4274199a0b37d7
MBPP+,CoreFlow-q185,42,mbppplus-616,False,PARSE_FAILURE,53a29fd64b8230e7c251ca76f5c9720126e4692d31dc5a49d3741a1f1f88368c
MBPP+,CoreFlow-q185,42,mbppplus-618,True,PASS,5ec2f41c524923f72cdae06f1b747c102cce79e2ce9e416ca0ad6974e641b2ba
MBPP+,CoreFlow-q185,42,mbppplus-619,False,FAIL,8e39eba65409ab3c3e16f573fb403b88626597a03605d9845e133dda4063bc1a
MBPP+,CoreFlow-q185,42,mbppplus-62,True,PASS,6327b435f9f372c430b0fb66479d4c3facc1c53ea87d905e94c9d593fda8c286
MBPP+,CoreFlow-q185,42,mbppplus-620,False,FAIL,b87e1fe0d5fd7412899bdb9d9e3e97268e8c076ec0ddf08f1b915cc5a3e2da34
MBPP+,CoreFlow-q185,42,mbppplus-622,False,FAIL,a0f476a6ff0034e2874afcc79c71abdaab6db45c8820deb34e72334a07b2cde1
MBPP+,CoreFlow-q185,42,mbppplus-623,False,ENTRYPOINT_MISSING,ca9d14d64318519b65ec11e34da4d301c7f953d5e5998a48547bc89b9dcbe402
MBPP+,CoreFlow-q185,42,mbppplus-628,False,ENTRYPOINT_MISSING,db987058304afbfe0f0bfa91f2b0a3a99a6554c57d1299bd871ebdabc50c47a2
MBPP+,CoreFlow-q185,42,mbppplus-629,True,PASS,99429b0478a9527936e015e0306cd5619476e000d9d030fba17c2436205a07d3
MBPP+,CoreFlow-q185,42,mbppplus-63,False,PARSE_FAILURE,eb73745f348f5b4934c006cc5c772a0c2c1758f40a1d55b1e777562252a3e0a1
MBPP+,CoreFlow-q185,42,mbppplus-637,False,FAIL,588480ec9457e106737aaf8e6ad419b0410f7b7ea3289c9f9de4ffcd15e77305
MBPP+,CoreFlow-q185,42,mbppplus-638,False,PARSE_FAILURE,c26250576bcb5dcfcc7a2584a5b55f5caa538392ebc784b5c6c54adfec75cf53
MBPP+,CoreFlow-q185,42,mbppplus-64,True,PASS,cd052e5b800e4723c9794bcba26aef54d3d4183ad4501e787c3e5a6cabaae14b
MBPP+,CoreFlow-q185,42,mbppplus-641,False,PARSE_FAILURE,9f6c28a5534c07d355fc202a5f7db2454f32ef274a5cd04e5a047805f9467f1b
MBPP+,CoreFlow-q185,42,mbppplus-643,False,FAIL,d3f58384a540854dcf0d3d07e2ffabb8a009f4f05262b38f000e8d615ff9e1de
MBPP+,CoreFlow-q185,42,mbppplus-66,True,PASS,ab56a9fb66895677d35f9b5c197f60395fcf1d6365977e4ade71f89e0f1fc5cc
MBPP+,CoreFlow-q185,42,mbppplus-67,False,PARSE_FAILURE,6135909b947e068ea4e0bf77a6c5cb525a21a3e910b848dfa692666828bc9d90
MBPP+,CoreFlow-q185,42,mbppplus-68,False,FAIL,2cf5f6326c2346e619ac82d7c2ecc9f6a3233b2d8af3f353a2e50281d34f0cdc
MBPP+,CoreFlow-q185,42,mbppplus-70,True,PASS,f61ca203bbcf31e2920cabac35439c9492cf7e32cc78e043e0e6dd4f266bec29
MBPP+,CoreFlow-q185,42,mbppplus-71,False,FAIL,90d675ad115a55156be4c49e390d1d47b7befdfcf03c7258139e15883dabd085
MBPP+,CoreFlow-q185,42,mbppplus-72,False,FAIL,0c30704ff1650ae09a1d5d35c2c6a09cdfb3271d6a213ff8e4f29e68338a01b5
MBPP+,CoreFlow-q185,42,mbppplus-720,True,PASS,076e6bd905a14ce131f86b0d26799de3d7a74f7086400c0a0c8ee83b8300c622
MBPP+,CoreFlow-q185,42,mbppplus-723,False,PARSE_FAILURE,23ca571c4bdeaea9edfbd2b3edaba2c49e76c15debd1e675c054666488014a5c
MBPP+,CoreFlow-q185,42,mbppplus-724,False,PARSE_FAILURE,379e5146e8f8845d5097561f7540e706384ebf7544d2036fecd7c0107b69c1e4
MBPP+,CoreFlow-q185,42,mbppplus-726,False,PARSE_FAILURE,51449019d2a15862aebac04f15fe1f14645b6045a5639054e53e6f1b3af8bc49
MBPP+,CoreFlow-q185,42,mbppplus-730,False,FAIL,20ad049103a30467cce107a7fa0235ac0df17a127b10cc7eda0d92649e97924a
MBPP+,CoreFlow-q185,42,mbppplus-731,False,FAIL,59e47d293b0887b68abe950803bcd5a0ffdbea6f255bc2636888bea743f0c1a0
MBPP+,CoreFlow-q185,42,mbppplus-732,True,PASS,f83842df874946081af659e0b782cd9820768ddcb1c52a12fe678b90544f0361
MBPP+,CoreFlow-q185,42,mbppplus-733,True,PASS,5b702264d1b169d607071931fd9f50e6ad76518844ed0e2c2e2a9ae476431c86
MBPP+,CoreFlow-q185,42,mbppplus-736,False,FAIL,20cdec16ea8b618a6a05512d8f459a21b1109d3368966c207eb75619888876e1
MBPP+,CoreFlow-q185,42,mbppplus-737,False,PARSE_FAILURE,7ad7a21513147cb4f7309d58eccbc2ccb197d359cbaa901a3d7757e10255b635
MBPP+,CoreFlow-q185,42,mbppplus-739,False,PARSE_FAILURE,be6de6ab4b042c492113c308b1ecbd1db4a1c1b1137a39227fd9ba786f5470de
MBPP+,CoreFlow-q185,42,mbppplus-74,False,PARSE_FAILURE,e6fbb2f669866e00e6322fbb3130b74185733fc7a441df3a46072bf7e63e3e09
MBPP+,CoreFlow-q185,42,mbppplus-740,False,FAIL,6012fa5591d11ee2c24230acaa9845ce1ec12c89eff3dc9118c8ef82b98cd4b9
MBPP+,CoreFlow-q185,42,mbppplus-742,False,PARSE_FAILURE,cc3ccccdf8cb8fde01e536dd3e628b84da22d7c81037a58e734fb2643fc04cdb
MBPP+,CoreFlow-q185,42,mbppplus-743,False,FAIL,8c0405b00e13e559327d824c98aec609fd006bf1433a862f659e33839165f113
MBPP+,CoreFlow-q185,42,mbppplus-744,False,ENTRYPOINT_MISSING,d568797d146c1c8b6684151b52cae133ad44013bfbf43b43e4360e3af56ac3b3
MBPP+,CoreFlow-q185,42,mbppplus-745,False,FAIL,9a3b7bc55a8efb250fc5b9d15fb4e2b0f4b480cdd13b191570b05e59451f113e
MBPP+,CoreFlow-q185,42,mbppplus-748,False,PARSE_FAILURE,d557d1cace2fa274765dea6b53930970fefb8f1466af3be860de92861cb91b6e
MBPP+,CoreFlow-q185,42,mbppplus-749,False,FAIL,e13683fc9e7f7ff09f74e3883ac5c4da0d5a9e3255ef9a5aba86580310d354d1
MBPP+,CoreFlow-q185,42,mbppplus-75,False,PARSE_FAILURE,f1ce269e782edfd4c0441dbaea93a9dca13db535e3ab65f6c619d54729f17d8e
MBPP+,CoreFlow-q185,42,mbppplus-750,False,FAIL,a8748ee7acdb059d971e64ba74c384c01732949be3302311a2df4470ebcaac80
MBPP+,CoreFlow-q185,42,mbppplus-751,False,FAIL,7563c959f2507386531d9936b0991f7f720681ba86e699a0ba6987613cdd8b4a
MBPP+,CoreFlow-q185,42,mbppplus-753,False,FAIL,bd1268fb219a8f1b6fc3c186ae9128775fb83f1c0eaf2f22194c571d8f6bd260
MBPP+,CoreFlow-q185,42,mbppplus-754,False,FAIL,d57270486347c0869841909a5da32554771b3238fb4c8eb39a7eea93ae27f14e
MBPP+,CoreFlow-q185,42,mbppplus-758,False,PARSE_FAILURE,273ae310eada5b841e18b8df4ee9ac28d3add91d83e8aa3d1c93ffb43fb025a3
MBPP+,CoreFlow-q185,42,mbppplus-760,True,PASS,11877cd21944a93046f0e424b177781c2e7cf279f34d6817b4a9c4082bcc432c
MBPP+,CoreFlow-q185,42,mbppplus-763,False,FAIL,ae80576fdc7ef53488bfab35916d4aa95c077065803098d39274bca618e17945
MBPP+,CoreFlow-q185,42,mbppplus-764,False,FAIL,a329bf0c8e6dbc15355c48bf9c3d8f0f38c4317f1c352cbdda5c34d491bda04b
MBPP+,CoreFlow-q185,42,mbppplus-765,False,FAIL,6a1126136e43a26f6b82efe8f1bb916d9fb8a2ec57522a0e9a9fc4c12605aa60
MBPP+,CoreFlow-q185,42,mbppplus-766,True,PASS,54ecb5d549acfbacc5b5e28fb5939c5642601d734480dd6ab3a1e1667b4ef5b2
MBPP+,CoreFlow-q185,42,mbppplus-767,False,PARSE_FAILURE,c0c367c4e5051711cfeb896b28d486da88822217650a67c6d07c76d2eff98b80
MBPP+,CoreFlow-q185,42,mbppplus-77,True,PASS,2271fe1e4a194a59f4b8adc72f460243763259ff3d86d5fc8fea92a0b109b641
MBPP+,CoreFlow-q185,42,mbppplus-772,False,FAIL,d3da93cc30c9472b385dbcb1bab89b57b61e23d5e326745fd3718bed93511188
MBPP+,CoreFlow-q185,42,mbppplus-773,False,PARSE_FAILURE,6112e0b8a9a1ec2af11c398d223f34c882381b88272286908f26f99de5ff277b
MBPP+,CoreFlow-q185,42,mbppplus-777,False,FAIL,f5aded77926ca1ab98d50669ddf591f1a3bcc65a2a4e4df97ab9036659c6c6dd
MBPP+,CoreFlow-q185,42,mbppplus-778,False,PARSE_FAILURE,047a4bdcfa3c8f855508043f1c44d9dba23d78db401d84681478928affa29cdd
MBPP+,CoreFlow-q185,42,mbppplus-780,False,PARSE_FAILURE,789f5c45dd933f438a08ca917b159781da1edff60b77fe4826433d3eae475e4d
MBPP+,CoreFlow-q185,42,mbppplus-782,False,PARSE_FAILURE,c4a4fa980879bf1f70ec94746e9b4d4067a308eeb25eb3bef5f76a457317b90f
MBPP+,CoreFlow-q185,42,mbppplus-784,False,FAIL,00bb8390b170b0d572bb78685737b563d441cb7d7512fc0aa54eea09a8bbc249
MBPP+,CoreFlow-q185,42,mbppplus-786,False,PARSE_FAILURE,8fe6c55450df0bb7e011af00e16b5f98e11e75702394cfd0a164cc47567d107a
MBPP+,CoreFlow-q185,42,mbppplus-787,False,PARSE_FAILURE,d92a375299aa0cb7c5f5a08a955e7deb76b20172c10c16a39ab3019bd21dc7e9
MBPP+,CoreFlow-q185,42,mbppplus-79,True,PASS,7e136d0ed29f952e31d9a9f6f155d72a50e14341261ce2ee0b0d376079b4049b
MBPP+,CoreFlow-q185,42,mbppplus-790,False,FAIL,0b0550aa24ddba2cd3defa3e9c1df8aab9d2130c5f2191fad0255abf160bdad3
MBPP+,CoreFlow-q185,42,mbppplus-791,False,FAIL,a7554fc4ca1045005e8279ad1955789bb039545df61c6180faae8ad6893a2871
MBPP+,CoreFlow-q185,42,mbppplus-792,False,FAIL,d6c38c2265ec1dec6e9eecd5b7bf5b6315d5a65583f9d94f0d607beb18a3ace6
MBPP+,CoreFlow-q185,42,mbppplus-793,False,FAIL,285d093801817df715e578a4d30f851dae5f39fb41051e089d29a1083922bf75
MBPP+,CoreFlow-q185,42,mbppplus-794,False,PARSE_FAILURE,0461fef9fd7db79695a4eb0e017663072fcc1fcd336a9f157e573b9192f44e4d
MBPP+,CoreFlow-q185,42,mbppplus-796,True,PASS,f5849dc3302d6bd5361d379741a1e323c278d22860c9e95f53d9f902c3dc3ab0
MBPP+,CoreFlow-q185,42,mbppplus-797,False,FAIL,67c28dc8a6498259cd35d3c3269b2460677b69f0da617338370a019c6f8a0289
MBPP+,CoreFlow-q185,42,mbppplus-80,False,FAIL,eb50d95f3e8ca7b2c8cd137876233c1babeacabb0bb56da34466d87750a19073
MBPP+,CoreFlow-q185,42,mbppplus-800,False,ENTRYPOINT_MISSING,c18618355df182fc47b0596b38e2b93ee5942b590f1abef9d32660586f3e6b4c
MBPP+,CoreFlow-q185,42,mbppplus-803,False,FAIL,d99c321613b89eeec4860412f57f7da3ab7f9ef14e4edf1997e51395f0450255
MBPP+,CoreFlow-q185,42,mbppplus-804,True,PASS,c6e37ee3b9a9626e17f748763b00db6c849cea2f26a7d4a605c351f4783d8a46
MBPP+,CoreFlow-q185,42,mbppplus-805,False,FAIL,335142394e4e82882df1e0c333df51ea1617a590590982c98493afab6efa9bf6
MBPP+,CoreFlow-q185,42,mbppplus-806,False,FAIL,9274644231f503701cae0c2684de375b4c4fc150e1259d7df7ac71726f6ef1b3
MBPP+,CoreFlow-q185,42,mbppplus-808,True,PASS,31641da45ecbd3242e80e3273a61027b45000ba56fefa3c50eacc1be76d5d388
MBPP+,CoreFlow-q185,42,mbppplus-809,False,FAIL,123903f828b1e0c4784ba385afaeec14a56ca289d4036377539c689914ad758a
MBPP+,CoreFlow-q185,42,mbppplus-82,False,FAIL,373a526793d16022a28427e2b657541099b04eef0224d1d630e0b9eca361491b
MBPP+,CoreFlow-q185,42,mbppplus-84,False,PARSE_FAILURE,c66037bba23fff56a5fa979f617b7e2e134ecea0af9f7bd20d355678b5f97f33
MBPP+,CoreFlow-q185,42,mbppplus-86,False,PARSE_FAILURE,c1465bd0938a825bf50b6b5dfef3eb2cb58e373158238dca1dfbad4392cd4088
MBPP+,CoreFlow-q185,42,mbppplus-87,True,PASS,f47ceb94d2265c186dd117bcbfeb4fe58036741440f10722bc1af9fd93c8356a
MBPP+,CoreFlow-q185,42,mbppplus-88,True,PASS,ed7fc147efab7c11d2a111c9b413fc21b706889669cd3756281d80cbbecdf839
MBPP+,CoreFlow-q185,42,mbppplus-9,False,PARSE_FAILURE,db1b3b9c20892e507363743cd24a76a15492a1eeeeec21ae03df1fa709682dc9
MBPP+,CoreFlow-q185,42,mbppplus-90,True,PASS,2e06bbd07e1b2e2875d5bc0c2a9aa0800386d0323fc73ac7db8976dc742df427
MBPP+,CoreFlow-q185,42,mbppplus-91,False,FAIL,e15a4fb3d77371b0cb079855f36008b99f7d22e458498407cc67df820e7fbffe
MBPP+,CoreFlow-q185,42,mbppplus-93,False,PARSE_FAILURE,c30d20a9bd1dc2ac32d753be9841101fb34dda4bb159652b2f57d58a46f9277e
MBPP+,CoreFlow-q185,42,mbppplus-94,False,FAIL,c432675a495ca34c13df6b1aa4f16d19c67b988e60282fc45a343c5e69ac7f33
MBPP+,CoreFlow-q185,42,mbppplus-95,True,PASS,b5555fbbf772ee9692db09e86b0116094c03b760a8c40ff942fb1838877feb01
MBPP+,CoreFlow-q185,42,mbppplus-98,False,FAIL,30811a9ca5fb51f293ef6d9d93ac0c1b9878c2b170f5e24239ca71e8f720b5c1
MBPP+,CoreFlow-q185,42,mbppplus-99,False,FAIL,c0b1c4826129cc92ef4a628f0906757aec14863560045362958fe29e39f016a8
MBPP+,CoreFlow-q185,43,mbppplus-100,False,PARSE_FAILURE,a126d00c0ca4986b9d8c0521949e860573f414c66f328068ed6b006e0b5cd642
MBPP+,CoreFlow-q185,43,mbppplus-101,False,ENTRYPOINT_MISSING,7e2c87b4036f81597f15600586943adc4c77af75c7ae8f95da86521340b1a647
MBPP+,CoreFlow-q185,43,mbppplus-103,False,PARSE_FAILURE,5ec044be54ddc197bcaaa12871ddfc634a555ce032bd97564252dc364fd411ac
MBPP+,CoreFlow-q185,43,mbppplus-104,False,ENTRYPOINT_MISSING,c24b997c837fee3183f676c2a4abad754361a86a05e0ea5a2bddac7ede147e54
MBPP+,CoreFlow-q185,43,mbppplus-105,True,PASS,6f2532c53390c20541aca16f56973a2e557dee3f9a2fd3ae782f43467179dcfb
MBPP+,CoreFlow-q185,43,mbppplus-106,False,FAIL,bfe316924e6cbac70000545f6c083eb40d8807c0a69a48f4f675248cd9517888
MBPP+,CoreFlow-q185,43,mbppplus-108,False,FAIL,eb4e6d5156894e95c982c1c2bfd63953845c835efbbbeed6c50769bb9a10cdf9
MBPP+,CoreFlow-q185,43,mbppplus-109,False,PARSE_FAILURE,cf27d8ba2e357139398abe846d5c4b283fa1b718b4f5b4476d1ee3833c95580e
MBPP+,CoreFlow-q185,43,mbppplus-111,False,FAIL,0ac36bca7cd72f76aa6534bf454bac79f6e24ed09127a532702e8ae1039d0887
MBPP+,CoreFlow-q185,43,mbppplus-113,False,PARSE_FAILURE,42e2332da46b3d725fd077123e9549fd0e5be1038a0b3f4eae31677d733c307a
MBPP+,CoreFlow-q185,43,mbppplus-116,False,PARSE_FAILURE,7de8465f631b02f489da79c69e336485af4ee7985584cc9be11ae2efc8269fd2
MBPP+,CoreFlow-q185,43,mbppplus-118,False,ENTRYPOINT_MISSING,5a31d87c72470d8a1811253e753b6873ae0f99bad8c4929129ecbfe9f72d50b8
MBPP+,CoreFlow-q185,43,mbppplus-123,False,PARSE_FAILURE,a3395bce422645839399f3221f6975d3c51ee4f7584286fc2df30ec5cbd9b9e3
MBPP+,CoreFlow-q185,43,mbppplus-125,False,ENTRYPOINT_MISSING,33b6f94b9eada41ecdc0b329b0ba5b61185ccf84a037aeef13a0b205b0fb528e
MBPP+,CoreFlow-q185,43,mbppplus-127,True,PASS,1b67d75c7bb3fd3a3f81615f4b994d57071cfc3b9966b062b7e42bd1c5b967dd
MBPP+,CoreFlow-q185,43,mbppplus-129,False,PARSE_FAILURE,29416ff1a0a47d5d09364401e4d7af88f772e7010867b98f5fdfd07b182a0a58
MBPP+,CoreFlow-q185,43,mbppplus-133,False,FAIL,dd23804f79f64e8a4e68673c3db8ed687b3f5655413f62071674feba4e305ace
MBPP+,CoreFlow-q185,43,mbppplus-135,False,PARSE_FAILURE,e80106a7897aeb64fcdd9a83cc359e4924d3e6a342265d379b35cdfdfd6d334d
MBPP+,CoreFlow-q185,43,mbppplus-137,False,FAIL,699709d1d671b7f80e975d34865539b24c91430e6cc48dd09113c93473d5cda3
MBPP+,CoreFlow-q185,43,mbppplus-138,False,FAIL,e3179cba448fa9ffe0547fa589f4a5e73a975f8e10f396a54bd35b9ac334f2d1
MBPP+,CoreFlow-q185,43,mbppplus-139,False,FAIL,6bff5df6d8855163d0714cae88dc967a550f5d33eeb9dfcdf39df5897d37f413
MBPP+,CoreFlow-q185,43,mbppplus-14,False,FAIL,65f018b12fe1223b5581542b438c84a251b8752c29a5fb06069daca7418db164
MBPP+,CoreFlow-q185,43,mbppplus-141,False,PARSE_FAILURE,469d1fb3b0626def2da705eabec3286e3dec359a72fb78fd7d3834ef2fc1a670
MBPP+,CoreFlow-q185,43,mbppplus-142,False,PARSE_FAILURE,1b9a3ff0f5bf43f2368ec65d45f0b0b1a7113e3e93f9b1ae26cca2e38b5fc789
MBPP+,CoreFlow-q185,43,mbppplus-145,True,PASS,5c9d7a4c98fdd21eeb1cec30c4d8f9e45c62dc9403b80fef8570f5d039926fb7
MBPP+,CoreFlow-q185,43,mbppplus-16,False,ENTRYPOINT_MISSING,2cbe79695b11f2497e1e0fa1e02ae4c0e088661bc2d028ff7a03e2d8fe0297ef
MBPP+,CoreFlow-q185,43,mbppplus-166,False,PARSE_FAILURE,5dd215320a20b87ca9526ab5ae7eaffabbdbb0befec7870a29bc0c7a11db8518
MBPP+,CoreFlow-q185,43,mbppplus-167,False,PARSE_FAILURE,ef6623dea072a9f02e49ce52b16deec56ade4643423ae9f9ec997bec2776b7b6
MBPP+,CoreFlow-q185,43,mbppplus-168,False,FAIL,4defa75eac1b25f7fdc501e6f0e075389537800267e5b08ccebc9ee17a727097
MBPP+,CoreFlow-q185,43,mbppplus-171,False,PARSE_FAILURE,0efdcaf3bd603e5b28295bc13fb812327b4725cab9c9acf85b1eb8c8b01d7e89
MBPP+,CoreFlow-q185,43,mbppplus-172,False,FAIL,34ce61291f6588fc944d724dacfbb27085ae67a92fd54499dd72b45c9289e65d
MBPP+,CoreFlow-q185,43,mbppplus-18,True,PASS,60cf0235f8d602dcf076fcf744ee0e5053faca31d702093ce1b166d81da93ee6
MBPP+,CoreFlow-q185,43,mbppplus-20,False,FAIL,a5845575064c9cf738d3bd0ede0f5d64465a79ded235b077c1435e4367243827
MBPP+,CoreFlow-q185,43,mbppplus-222,False,FAIL,e53d7901baabed595c5aa6f572aa8ca16cebc1732f249a96e098167232d34033
MBPP+,CoreFlow-q185,43,mbppplus-223,False,ENTRYPOINT_MISSING,25343cbe122e993bad841d9b37b771ad3a72e542a4b748a968d120ec5b09af29
MBPP+,CoreFlow-q185,43,mbppplus-226,False,FAIL,8fb2fd594a80f4e021858a458454bf6448f9e7928858f3fccabd709e25295084
MBPP+,CoreFlow-q185,43,mbppplus-227,False,ENTRYPOINT_MISSING,8b458b8717d88e71b9750ab227897b4c9c96417dd7636337aeceb64af2835338
MBPP+,CoreFlow-q185,43,mbppplus-230,True,PASS,99c8eb511d46d56f501fa46c81d7c821a49cf6fea8816871db56165b77ac7dc2
MBPP+,CoreFlow-q185,43,mbppplus-232,False,PARSE_FAILURE,cfbb196244854de3c61e8307fdc4b93240f9fff5c85772b7ef8ea1dbb650db47
MBPP+,CoreFlow-q185,43,mbppplus-233,False,FAIL,2f9d16cc552c22ac2e8811855f15085cf2af8b8c316903dc32afd6868c5fa08d
MBPP+,CoreFlow-q185,43,mbppplus-234,True,PASS,22dd4250abf35065dcdcb654768a1824c6fd5f21f3ffaef4ebfd14be589bed75
MBPP+,CoreFlow-q185,43,mbppplus-235,False,PARSE_FAILURE,b09e90b0384090bd92b4d7055cfe52bba70b6abeff4d2b5284327bd062e9d150
MBPP+,CoreFlow-q185,43,mbppplus-238,False,PARSE_FAILURE,eff08aa110343b67b9ae2a8032f5e240efaf1729bd75942243a5869ec3c701d1
MBPP+,CoreFlow-q185,43,mbppplus-240,False,FAIL,c82599a6bdbaf294ace700501552a7b087edc50bb622e9eadd74f5c5113062ec
MBPP+,CoreFlow-q185,43,mbppplus-242,True,PASS,92b201c91fca810d947ae898e01ca27d298097b34ac68aeba10fd45c27e823d5
MBPP+,CoreFlow-q185,43,mbppplus-244,False,PARSE_FAILURE,c7ddf710ebed8bd90ed0aa1404fe64488e5d9c718401ab4eb44913a33329d734
MBPP+,CoreFlow-q185,43,mbppplus-245,False,FAIL,554ef528bb8e5c2cf229b47f472ff6df6f4a2f81ea1b71d9e79132e254421d45
MBPP+,CoreFlow-q185,43,mbppplus-247,False,PARSE_FAILURE,58442958c7bfa8f731e5bdbd065b7930d1c1c454e906eb09f40b4f0b13f630fb
MBPP+,CoreFlow-q185,43,mbppplus-251,False,FAIL,81355fe5ab6a1abc6e5f3eb1c6e3bd384d4738d6172a7bc03c710f803fc40218
MBPP+,CoreFlow-q185,43,mbppplus-253,True,PASS,5a8d016fc02b6a8358dd3c7ccc263981c97812072fc3ff9a2ee95c64006f441b
MBPP+,CoreFlow-q185,43,mbppplus-255,False,ENTRYPOINT_MISSING,f5c78d5e87377001475fcb8cb60da1a8c89ab6d276b3be05b8aee1674e2b9146
MBPP+,CoreFlow-q185,43,mbppplus-256,False,PARSE_FAILURE,cb8eb06e35f871fa56b0c3a0ec728b169fc7ebb2203fd8685a8e2834a8075241
MBPP+,CoreFlow-q185,43,mbppplus-257,False,PARSE_FAILURE,0b4437bbd8c23893c03a71889c4a9085b0a6c4483797bd8e444282587a4abfd3
MBPP+,CoreFlow-q185,43,mbppplus-259,False,FAIL,ac7deb8646c98eb47873229f608826e016808b3a11bd8ea4e0c7c2fe88949b76
MBPP+,CoreFlow-q185,43,mbppplus-260,False,PARSE_FAILURE,045d9a9cdd47d0aef80296578d28f6b29c87019a2b50dffb4c4d4ea6dd081bd9
MBPP+,CoreFlow-q185,43,mbppplus-261,False,FAIL,e3e2e37136c34317bff68ef57fdac15d4714b3afa0d7ecff9f49ede0b552b194
MBPP+,CoreFlow-q185,43,mbppplus-262,False,PARSE_FAILURE,8b7c3da381c368bc151a063486795cce2070dda1a9b7c5a9f3c6017c67c38e5b
MBPP+,CoreFlow-q185,43,mbppplus-265,False,PARSE_FAILURE,4c145bf9bdf87a03b30d0b4934bd5e9a6fa350699c420bb723d354eb0f0721c9
MBPP+,CoreFlow-q185,43,mbppplus-267,False,FAIL,e446074907aa5d7cadc3dca7e7e2b2220feec1adc8c83511da8a1e6d87c83122
MBPP+,CoreFlow-q185,43,mbppplus-268,False,PARSE_FAILURE,0edceed1140f1468eb0e20586773a77910c6b2f27c6389da39d018df6e7feda8
MBPP+,CoreFlow-q185,43,mbppplus-270,False,FAIL,6616f9245fdbb475b15c85227ddfd6ef1c7378576a23540102cec7041478b8a6
MBPP+,CoreFlow-q185,43,mbppplus-271,False,PARSE_FAILURE,1cc8497a6611a6882681b119d64d35fc7a6285b8b99633b19b96a5075037e5d8
MBPP+,CoreFlow-q185,43,mbppplus-273,False,PARSE_FAILURE,2d173f80523cb0d374fae0f44b0a8442d0c176ff95d48e856345ced8e2f6bbf7
MBPP+,CoreFlow-q185,43,mbppplus-279,False,PARSE_FAILURE,c21a79d7412dfbd5b4b27c98fa838c8e7f446f878a867b71947b7306d5a882df
MBPP+,CoreFlow-q185,43,mbppplus-280,True,PASS,37601e9eec37b51a0512bc5222d2409d247a9b9452cc54de999f200ddd1a2547
MBPP+,CoreFlow-q185,43,mbppplus-281,True,PASS,37313343bc97a2fdae32ed5b8d92aabba099422c35b5a5137c2b0777f6bc905f
MBPP+,CoreFlow-q185,43,mbppplus-282,True,PASS,8ef98b622c991c1872db64b054a8c806c9110159f563d19a24b9262f5d7b8ab5
MBPP+,CoreFlow-q185,43,mbppplus-283,False,FAIL,33c91bf1027d3f02667137e67d88b5132a7988ae79d11ab4cabaa558eb16238a
MBPP+,CoreFlow-q185,43,mbppplus-284,False,ENTRYPOINT_MISSING,ac7fa0162475bb7801592b9a92a82e323e450d5562f31a38fe755be3e486e643
MBPP+,CoreFlow-q185,43,mbppplus-285,True,PASS,067333439419719bbfd5c7c7895661f34e2b3dcbf91ac353851627039fa1bc50
MBPP+,CoreFlow-q185,43,mbppplus-286,False,ENTRYPOINT_MISSING,6a801720018ecf1766458cdcba67ba43331763e6e8e909a98d024e12663b2403
MBPP+,CoreFlow-q185,43,mbppplus-287,False,PARSE_FAILURE,fd02021df8a280b0cf45d9a49ef71bebb1710756ec5566f5ef58a9a10c796666
MBPP+,CoreFlow-q185,43,mbppplus-290,False,FAIL,340f61f9e199b81f16185e103dd55a76b1260d7dc82d0ecf281c5475ccfabf4c
MBPP+,CoreFlow-q185,43,mbppplus-292,False,ENTRYPOINT_MISSING,5639a776880a72f11756e1d6615cd68f37649f3d4e17a159a40cf160367da87f
MBPP+,CoreFlow-q185,43,mbppplus-293,False,FAIL,8f6aaf1eab787c62f59feafe47dd379eb1ebc03a995c427d0c57f6e28b28de4e
MBPP+,CoreFlow-q185,43,mbppplus-294,False,FAIL,554134c2dc5e70537051984ddbbc4af5f453cae0f71d61cfe97b3728d160d962
MBPP+,CoreFlow-q185,43,mbppplus-296,False,PARSE_FAILURE,240842765ea4fac9a623c8a30adaa24344ae105709bc5842bc4b0ba7ed30a01b
MBPP+,CoreFlow-q185,43,mbppplus-297,False,ENTRYPOINT_MISSING,1f0f7ff8a9176cd88d0a230ceeea46e549c7139ebd4bd8378faa99698ff21157
MBPP+,CoreFlow-q185,43,mbppplus-3,False,FAIL,deca277c3b4a7aa4a179a94d4038d6e804bb49fe9c837557a5e0231366a4d68d
MBPP+,CoreFlow-q185,43,mbppplus-301,False,FAIL,a72c7751b2d50fd164cb704debbf8e5423a29b3e9afa3879e8863026643c486e
MBPP+,CoreFlow-q185,43,mbppplus-305,False,FAIL,8f1ec9504407fbbefe73fbe2b4d33686eec5b7a8d1f897e1f0cefa792f44f9be
MBPP+,CoreFlow-q185,43,mbppplus-306,False,PARSE_FAILURE,00a7d15f0699f55b93fbc1a4e544dfb9d378482e59be8e57cfdb5cb63bfbfd31
MBPP+,CoreFlow-q185,43,mbppplus-310,False,PARSE_FAILURE,24ca07a346a700ec77dc575bc40be820ce33e231f0560cecaca1d4fdc919e0c7
MBPP+,CoreFlow-q185,43,mbppplus-312,False,FAIL,d52866bb79021f1765eb836b6edc121351797a2936d97a22a7cc6fc6673bcbf0
MBPP+,CoreFlow-q185,43,mbppplus-388,False,PARSE_FAILURE,37d8e428f561d8ab20a48109069b11cb9b66e0b047931e9a6d34d36536496179
MBPP+,CoreFlow-q185,43,mbppplus-390,False,FAIL,945ba3f811a69696d4946d774e7d9e8415fef35dc7533e0ef363b4f9f33d63ff
MBPP+,CoreFlow-q185,43,mbppplus-391,False,FAIL,5ca90b9bb46fabe557a4bbb85d334ad47d2c468ea6fb0af0920a6fe81b85944a
MBPP+,CoreFlow-q185,43,mbppplus-394,False,PARSE_FAILURE,af24719ea4aecb0fb5b0e644e688cdf38bacd087b8c893bf41be729920d3a53c
MBPP+,CoreFlow-q185,43,mbppplus-397,False,FAIL,e65716b70b9d504b3a51457ebada0e16842924befb27ff1eef32c18c3a3e32c3
MBPP+,CoreFlow-q185,43,mbppplus-398,False,FAIL,fc271df8ac8fa02c849478f801a8fbbf928eaab3f4dbe0e7e3a85d0d76937cf3
MBPP+,CoreFlow-q185,43,mbppplus-404,True,PASS,3cb59f2712aee48b1e9486ebe1c8770cb046b4ae96495a2df490f789bdfae6f4
MBPP+,CoreFlow-q185,43,mbppplus-410,False,FAIL,38c2ebbbbe849c17a1f4e52986c1fef78829c5991a9f36916de46724205ca11b
MBPP+,CoreFlow-q185,43,mbppplus-413,False,FAIL,4c4dba3497200d464815779f34e9824990d54bb19119b1526682d3b3f39d8817
MBPP+,CoreFlow-q185,43,mbppplus-414,True,PASS,87d0eb59598dfc1f4c9723818eda813ad64c327f79945dfd7d71bb640e4c16ad
MBPP+,CoreFlow-q185,43,mbppplus-420,False,PARSE_FAILURE,780abf574c8fc7863e363ab8d963cc5b9f44a8e06082f48e11a1b467d62c3213
MBPP+,CoreFlow-q185,43,mbppplus-421,False,FAIL,244f6911d3cd8e709621895878c1806656e772d420d5b24b61c245bf235bf5ee
MBPP+,CoreFlow-q185,43,mbppplus-424,False,PARSE_FAILURE,a18666cd3d30e45140118e1453d7e8917d583810d6a680da44e55646c92c6bb0
MBPP+,CoreFlow-q185,43,mbppplus-425,False,FAIL,a6d6c0e5c2eacd262e26f5efdbdc4e332d56a91ccc233c8acbb886f558c9a90c
MBPP+,CoreFlow-q185,43,mbppplus-426,True,PASS,c0861b35cdecb3c3053e8106bc883ef71489ab5bf23a37105dbd87e543436e5f
MBPP+,CoreFlow-q185,43,mbppplus-427,False,FAIL,e8aabf829a5bf67776c5bed0d76f8f61536c91faa83b91d2ce422a932910c0c6
MBPP+,CoreFlow-q185,43,mbppplus-428,False,PARSE_FAILURE,52d8fefddca1fbb629e4c698416421829457a2fe0f25fb9bc7ae603c4db2a878
MBPP+,CoreFlow-q185,43,mbppplus-430,False,PARSE_FAILURE,f81b58b9caca1d46ad606c64b35b80252c707c22e43c4497beb4c4475e6328ea
MBPP+,CoreFlow-q185,43,mbppplus-432,False,FAIL,29ef5532b4b8d7ddaf5345111fcaaf94a143aafc7e12718312f25d1addfe97c5
MBPP+,CoreFlow-q185,43,mbppplus-435,False,PARSE_FAILURE,de38fc106b9450ecb5bc709f724dd00bc772e65b9ce259eccabb8cd0c42af9c4
MBPP+,CoreFlow-q185,43,mbppplus-436,True,PASS,1a152569c9decd728fd4e2e3cfc6342b7bcb8ffcbd449061a38deba0a78c95be
MBPP+,CoreFlow-q185,43,mbppplus-447,True,PASS,40d622a5844904aec58775733a24bc49e43ef57569d73bcee86bf1bad90f4a87
MBPP+,CoreFlow-q185,43,mbppplus-450,False,ENTRYPOINT_MISSING,77c00de57c370ed8959cec762d9753696d42491022e11a62ee323c2eaba5f3d4
MBPP+,CoreFlow-q185,43,mbppplus-451,False,ENTRYPOINT_MISSING,2d9d7ed9a6a54e6a8fe8c6f025751af9f9fa1e760f3ccb30903601f4256d32ff
MBPP+,CoreFlow-q185,43,mbppplus-454,False,PARSE_FAILURE,f61c513d06dfb0ce5f8883447e69be17ab3d4c9111539d8406ecbffeee0b7ad9
MBPP+,CoreFlow-q185,43,mbppplus-455,False,FAIL,3520f1742857d8f86b84e67ab5c85ea219d4c964ee306d0ac96da222cc3b9cf4
MBPP+,CoreFlow-q185,43,mbppplus-457,True,PASS,69ca9f6edc033b87b0b7278c3bb2aeb7a1d000dc1832dff17424171037612cc0
MBPP+,CoreFlow-q185,43,mbppplus-459,False,ENTRYPOINT_MISSING,44c85c823b1f7d588cf296b5c20972dfd3b3a786670f14d9f4f0bb9bdb6a262c
MBPP+,CoreFlow-q185,43,mbppplus-462,False,FAIL,37a911a7470e7eca3f7ab5af10cdf4e349f0f6d2e7311dc2572bcf224be87110
MBPP+,CoreFlow-q185,43,mbppplus-463,True,PASS,49790ba5b530bb04cac229e8b8ca8afc01a2e24e572f2e5018e7ae956c24ad50
MBPP+,CoreFlow-q185,43,mbppplus-465,False,FAIL,2fe71bd888589b19c29680154f0e04ee5572300298452261a7d077e2f44fe604
MBPP+,CoreFlow-q185,43,mbppplus-468,False,PARSE_FAILURE,ee83252a129bfe9326a5bef3c797d15809cf3b7dd41dee749a1f23ad9923006c
MBPP+,CoreFlow-q185,43,mbppplus-472,False,FAIL,2fadc9f23de08d1904a80f8efb21db4ba4b7a58beed2eb90a23e86e38920e987
MBPP+,CoreFlow-q185,43,mbppplus-474,False,FAIL,3261e4add720e20bc4fe327db8645dfb57dbe34a7b3331e9ff2d544d54f2fe20
MBPP+,CoreFlow-q185,43,mbppplus-477,True,PASS,7a3f671cf6ffc0be8ef4d50fefe225e2d68565545cac61e38a044b2bb2519b01
MBPP+,CoreFlow-q185,43,mbppplus-478,True,PASS,d97d4bb74893d5adc69b9db2cec267c0b1635d9c700464085841fa01138adf7b
MBPP+,CoreFlow-q185,43,mbppplus-479,False,PARSE_FAILURE,176837692d48d7dae051e5111f129e07cd48a113d548a1b8bf5908c60ed8aa2e
MBPP+,CoreFlow-q185,43,mbppplus-554,True,PASS,7bdaec7b17134a6e9edda844bf2f41b3a78e7d893f5005cdaa7a18c39adf18c6
MBPP+,CoreFlow-q185,43,mbppplus-555,False,FAIL,51c4735e4257d4199b341cd4f1e49fcb08753e9d7b8035786efbaf8a0e71f860
MBPP+,CoreFlow-q185,43,mbppplus-557,False,PARSE_FAILURE,a78c6e194d94feb1b6f9198c27e78f998e988af3594daef7c716fc119f89f17f
MBPP+,CoreFlow-q185,43,mbppplus-559,False,PARSE_FAILURE,52a954e094340aa23ad8d5897d872239506c00ff4f22f9ded9dd92e7b1422285
MBPP+,CoreFlow-q185,43,mbppplus-56,False,PARSE_FAILURE,bca5fcfa76d0d662f6f269755c6eed4e4e6ed71d527b4c91466cdebc33548f96
MBPP+,CoreFlow-q185,43,mbppplus-562,True,PASS,0d63e085337191a9e70f80695d8d64f48af9c10acbd4aa3489c5a56f5f00f45f
MBPP+,CoreFlow-q185,43,mbppplus-564,False,PARSE_FAILURE,448d68294958494024e5c9a3d22571533957add0426ef5cdb20f2c557396cf8c
MBPP+,CoreFlow-q185,43,mbppplus-568,False,FAIL,3e281092e0241380f3bf178e3691eaf3801cebe99add8b1ef2fb0e046e865a01
MBPP+,CoreFlow-q185,43,mbppplus-569,False,ENTRYPOINT_MISSING,c24b997c837fee3183f676c2a4abad754361a86a05e0ea5a2bddac7ede147e54
MBPP+,CoreFlow-q185,43,mbppplus-57,False,PARSE_FAILURE,bdf2cef7eb194be224dbf1145595513528da8337de91ed3b03615625a286192d
MBPP+,CoreFlow-q185,43,mbppplus-573,True,PASS,56c34f63147e81bd6dd63219a933115cc3b958498e77abab99d55671c4cbdb5e
MBPP+,CoreFlow-q185,43,mbppplus-576,False,FAIL,10aa0214cba3e250c5b852ab565eba6482122a938595c9b3d533c7e33d1d2bcd
MBPP+,CoreFlow-q185,43,mbppplus-577,False,PARSE_FAILURE,01f1bcbe41ee19b082429d5bd12f7d97774943a8f084c7b8453bee882512ee2c
MBPP+,CoreFlow-q185,43,mbppplus-583,False,FAIL,f39d8eb007b7fdad9b9cd638fa10988702e38b43131d6e6c0c8f796bc3b7cd12
MBPP+,CoreFlow-q185,43,mbppplus-586,False,FAIL,3afdc81a464d34042ee797f1fd65f2f12b3c9045dec0b4e604df791e1168655a
MBPP+,CoreFlow-q185,43,mbppplus-587,False,ENTRYPOINT_MISSING,cefc109e547c1c17adc48d6258c7ce16b7d512b829dc68b165c404fd876d2ed8
MBPP+,CoreFlow-q185,43,mbppplus-589,False,FAIL,bc2687ea1a6854399248765db7a02160a7d36e5396c2556c56e2c16f56e364d5
MBPP+,CoreFlow-q185,43,mbppplus-59,False,PARSE_FAILURE,2391846e70d5c8d6b57d88941cbb33eba7be3fc3643b68e812f674b0dabebf8c
MBPP+,CoreFlow-q185,43,mbppplus-590,False,FAIL,ee061c9de8c1133b8145957e589e5a5f12e451295b8b6c96f21d589803a6f963
MBPP+,CoreFlow-q185,43,mbppplus-591,True,PASS,cf8984a0740fe6e0c5c4e17212e9289983f63c52bcdee52e14a655381c509f2e
MBPP+,CoreFlow-q185,43,mbppplus-592,False,PARSE_FAILURE,f745decd93c547727bd89437ea559ee5c3e87752177a780635a3451f7bd16164
MBPP+,CoreFlow-q185,43,mbppplus-593,False,FAIL,8de240de35dea9a7b62de2a7cb5b8a72ef1e9faf2766f142e8add2927fbe5cff
MBPP+,CoreFlow-q185,43,mbppplus-596,False,PARSE_FAILURE,741cabbe341518dd7d737b94646f97fbe44824ccf82d01f9e1fd59a64cab986f
MBPP+,CoreFlow-q185,43,mbppplus-598,False,FAIL,ce1b34439d83a54b02f8708077d6ce148a7a94982bc5e8879c3e2e7256bd2403
MBPP+,CoreFlow-q185,43,mbppplus-599,False,FAIL,b891d32ef45a60fccabf40e2176fbdf4de4cc025d000f6d56cfdd47bdfd05cc3
MBPP+,CoreFlow-q185,43,mbppplus-6,False,FAIL,32d886ecf7f700b992ec28536d396e8c722263dd26d9b71a66a97c6db2d6e625
MBPP+,CoreFlow-q185,43,mbppplus-600,False,ENTRYPOINT_MISSING,9ea918b7968f8de5e59eb8f66130f2629464399e471a71b0e121d6897e6098b9
MBPP+,CoreFlow-q185,43,mbppplus-602,False,FAIL,0bfb28520331968c3540321e5d701ebcb260443ff2dd54afb9ec9a5fefaadcae
MBPP+,CoreFlow-q185,43,mbppplus-603,False,FAIL,bcddd199955bcd33b584bc186ae765974f4c15bf45da865e47fb9f18b27a664e
MBPP+,CoreFlow-q185,43,mbppplus-604,False,PARSE_FAILURE,e91b6e75a52d3ca606e4e0c208c6ce76a29a0e40729c41adc87a76dd60634011
MBPP+,CoreFlow-q185,43,mbppplus-605,False,FAIL,ffbd25ffe9526b3f69f6b43ee85d8e1561a9cb60970be7fe4aec98ffd2ed665c
MBPP+,CoreFlow-q185,43,mbppplus-606,False,FAIL,12cdc117e383e02cfd76a625ba7fbaeab02dc4fe7e8d631f0f6754a3800d5c04
MBPP+,CoreFlow-q185,43,mbppplus-61,False,PARSE_FAILURE,62bc86ff854610b6873b99cf49ad18cae94a522987f996d32ff389d8ca9336ff
MBPP+,CoreFlow-q185,43,mbppplus-610,False,PARSE_FAILURE,ed5ec38da43c0259f93b6f1dcbcb5fd29ae88c3f045985632ae7c0cfe1831f0b
MBPP+,CoreFlow-q185,43,mbppplus-611,False,ENTRYPOINT_MISSING,67d5142303005482af01db9d27a181daec86df85b7e8099faf884b555b0ea29e
MBPP+,CoreFlow-q185,43,mbppplus-612,False,PARSE_FAILURE,3f6dac0886dfad7076b9d45449797016032201d87c06be8c5ea11e8c9e76a1e8
MBPP+,CoreFlow-q185,43,mbppplus-614,False,PARSE_FAILURE,6c25944fb1bab79e43386c8e27348ae58f8c6cb54a7a0e62b9157e53d907162b
MBPP+,CoreFlow-q185,43,mbppplus-615,False,ENTRYPOINT_MISSING,67f44448dccf1e4e48e991ab219695a7d2bd184115d54eddf9c3ec18db3380ea
MBPP+,CoreFlow-q185,43,mbppplus-616,False,PARSE_FAILURE,53a29fd64b8230e7c251ca76f5c9720126e4692d31dc5a49d3741a1f1f88368c
MBPP+,CoreFlow-q185,43,mbppplus-618,True,PASS,0d63e1c3fa5944caa34ad4310f59478291b73a3cfbff5468f1927b28dc2dadd7
MBPP+,CoreFlow-q185,43,mbppplus-619,False,FAIL,e81ce3b74930bdf2659a1664778c2d3c168c6fa8b37e62f31571647ce7197374
MBPP+,CoreFlow-q185,43,mbppplus-62,True,PASS,a2899fb2e23536bb2847b838585ab335f49c5a2e4efd1a0d4d03822d02ebbcca
MBPP+,CoreFlow-q185,43,mbppplus-620,False,FAIL,c75acc0eb4e2f6438012696844266b5598fb4aa720bdc043f6c0b4ab4ba73d66
MBPP+,CoreFlow-q185,43,mbppplus-622,False,FAIL,3905c29da5683b6af7c014ee7b9f32937b496bd06a930525ab2659bb1178ca4a
MBPP+,CoreFlow-q185,43,mbppplus-623,False,ENTRYPOINT_MISSING,fa0df032f4de604a29ff8b2083b38c101fc61c64bc428d663a668ce098b56f8e
MBPP+,CoreFlow-q185,43,mbppplus-628,False,ENTRYPOINT_MISSING,720f1a075946092db2e03c8344019ceb8c2aab96cb119a5ed8cbda386d8eec77
MBPP+,CoreFlow-q185,43,mbppplus-629,True,PASS,dc1cfb60f515554b52ecad37979749111fff6b77aed598bedfcb1902083e098a
MBPP+,CoreFlow-q185,43,mbppplus-63,False,PARSE_FAILURE,a3e62a3dfc9d54b07bc9e0c8e0565927b7914cb0091bffc4b589c9fc9cdfe6d3
MBPP+,CoreFlow-q185,43,mbppplus-637,False,PARSE_FAILURE,e67fa3dca3816d42b8fa259d3682ed2462842c1ca02119f8cbfbde9348871492
MBPP+,CoreFlow-q185,43,mbppplus-638,False,ENTRYPOINT_MISSING,4c55f22432ee7c34b3e13adc4c5b9d9d33ff3887953f31b305a001df7aaf96d5
MBPP+,CoreFlow-q185,43,mbppplus-64,True,PASS,2a9534dc2aa6032aa67f2f2fe5b4aa34b84477783ca860abe3107e3b3e8e191f
MBPP+,CoreFlow-q185,43,mbppplus-641,False,PARSE_FAILURE,17719b40bdc6912d63336200b19bda531afc09199f0610400f24a3f2547cf4e7
MBPP+,CoreFlow-q185,43,mbppplus-643,False,PARSE_FAILURE,d6852ae0b21498e7de04d02343edfb45ea2b8f054c92b4886fc2fc6398ac8067
MBPP+,CoreFlow-q185,43,mbppplus-66,True,PASS,4a4c8030e8db4903da4f0792ae67a628c8cf6973cd7412debb64bc769182a85a
MBPP+,CoreFlow-q185,43,mbppplus-67,False,PARSE_FAILURE,b524ac3a9220b1c4937532831deaeb4a9ccc472641ff11192e51af86382a97cc
MBPP+,CoreFlow-q185,43,mbppplus-68,False,PARSE_FAILURE,8d7183a58e870eed9d9529e2df2076024ffd166d8a18ccbe91de31a58be3b147
MBPP+,CoreFlow-q185,43,mbppplus-70,False,FAIL,c93704afdb463fb7fa63e913f128391ab379cb16a4085196e169cda10c43bc3c
MBPP+,CoreFlow-q185,43,mbppplus-71,False,PARSE_FAILURE,3fcb18e3efe06615dec257fdba9efd2734c01f64ee45b6216bda77c7e9dc354f
MBPP+,CoreFlow-q185,43,mbppplus-72,False,FAIL,409fcfe9a71ea5aecfbe9a71a76fc0787f742ca025695b918cc805349efbbb7d
MBPP+,CoreFlow-q185,43,mbppplus-720,False,FAIL,126146be8e01c9aa0af7c3a1c8a32992803eca44ee1feef8c5df9f7a94be5986
MBPP+,CoreFlow-q185,43,mbppplus-723,False,PARSE_FAILURE,825e816369dc4cd1362fbbcb25fc95a791e6dfb9d19cc9c969bfbd0f7f4202ea
MBPP+,CoreFlow-q185,43,mbppplus-724,False,PARSE_FAILURE,379e5146e8f8845d5097561f7540e706384ebf7544d2036fecd7c0107b69c1e4
MBPP+,CoreFlow-q185,43,mbppplus-726,False,PARSE_FAILURE,95a1252dc99ece9d0be7d51851022628288026c7e49c561077ce7ca3da42c29a
MBPP+,CoreFlow-q185,43,mbppplus-730,False,PARSE_FAILURE,bec0d9939101f90a73fe381a119ef5a0e6e9669ffccfbdb2a30a8a1c412c10b0
MBPP+,CoreFlow-q185,43,mbppplus-731,False,ENTRYPOINT_MISSING,964d737837040a29b9a381d9d06959da245cbc225cd678e5027d5f5d5d6859c8
MBPP+,CoreFlow-q185,43,mbppplus-732,False,ENTRYPOINT_MISSING,405b38aa6e787e04347d228399de7408eb47548aae663ee9e5675d9c2f8ae171
MBPP+,CoreFlow-q185,43,mbppplus-733,True,PASS,5b702264d1b169d607071931fd9f50e6ad76518844ed0e2c2e2a9ae476431c86
MBPP+,CoreFlow-q185,43,mbppplus-736,False,FAIL,ad10a39960c1c2ab0d1983a2b122d212069a01b614a6dbe3d845a0d2153ac78b
MBPP+,CoreFlow-q185,43,mbppplus-737,False,PARSE_FAILURE,64c07d9fb6ad16f2e3a14c72b3e30a93110a91610ee93fe70c8d7f436dfa37aa
MBPP+,CoreFlow-q185,43,mbppplus-739,False,FAIL,242a254bc49483de5172d4a25cda67cf621ef93a0e47ca9ee5430a37a6fdf4e0
MBPP+,CoreFlow-q185,43,mbppplus-74,False,FAIL,174e4742745feb35416477b1faed1b6585af9472866a9b7b76dcbdd7442d5651
MBPP+,CoreFlow-q185,43,mbppplus-740,False,FAIL,c0ba1928ad8136f319489242b68ce02c3a4d0ec252f0675a2ede969e37568468
MBPP+,CoreFlow-q185,43,mbppplus-742,False,PARSE_FAILURE,4a61be2b76ea90e18fe323883eb4d22f055eec740023526879353bfb09dac7f2
MBPP+,CoreFlow-q185,43,mbppplus-743,False,FAIL,d196acb759605929b4a9a3e8263ffbdeb2bc0c0f61e342a840bc2f75ec73a4ba
MBPP+,CoreFlow-q185,43,mbppplus-744,False,FAIL,4ccb278ea90430790a1a9b12172c60db5b874d9e69671646c4dc9a4317cd6570
MBPP+,CoreFlow-q185,43,mbppplus-745,False,FAIL,2df9509848059572dbf845749326d777332f8e66ea00923c1765d534868cadb0
MBPP+,CoreFlow-q185,43,mbppplus-748,False,PARSE_FAILURE,d557d1cace2fa274765dea6b53930970fefb8f1466af3be860de92861cb91b6e
MBPP+,CoreFlow-q185,43,mbppplus-749,False,FAIL,8fb82dab418a4c288624e2def596162a259cb02074d0461818c7c53a23abac05
MBPP+,CoreFlow-q185,43,mbppplus-75,False,PARSE_FAILURE,27cf0b33e07bc49ba1a29ee2f3fc9dd443c91de16974969425437f175d482be7
MBPP+,CoreFlow-q185,43,mbppplus-750,False,FAIL,41bbf4a2020d0fa7c85d570426a703e7a7487392a98077b5d70a767fbf16cd37
MBPP+,CoreFlow-q185,43,mbppplus-751,False,ENTRYPOINT_MISSING,a5a3e210b2393c8d6c84931a2a5fb8d96c254b60aa0776f844de70ef3a5dca1e
MBPP+,CoreFlow-q185,43,mbppplus-753,False,PARSE_FAILURE,c4544e024b74de8f56f50b63e76cffbd4be5f1d54cdfefdcd060a44632c7b1da
MBPP+,CoreFlow-q185,43,mbppplus-754,False,FAIL,357f82ab06a915a33c2b4bda5d706bffd220ec2bb5603d6c4f69e3fb18479319
MBPP+,CoreFlow-q185,43,mbppplus-758,False,PARSE_FAILURE,3ada0f9474fbded7bf974aca299021ccbc3b7cfce25fbd08250b02b6efb2c61a
MBPP+,CoreFlow-q185,43,mbppplus-760,True,PASS,f19675d41b48f4d32ccaebc690802af02a10224c70bd2347e450a89acafdc5e2
MBPP+,CoreFlow-q185,43,mbppplus-763,False,FAIL,cc34d0ecfc301c31997f08bb333dfb5da09e7c79607db64ef1ba2f62e8b6f785
MBPP+,CoreFlow-q185,43,mbppplus-764,False,FAIL,45e893340f2f2154ae54faef420247381f194194f2d6a4b23b5fc012fc5e2df6
MBPP+,CoreFlow-q185,43,mbppplus-765,False,PARSE_FAILURE,aa529b3f617640df0ae36c461bc49831903fd3a7f69623fcfe5b5952439c14c7
MBPP+,CoreFlow-q185,43,mbppplus-766,False,PARSE_FAILURE,52bb79f4690fe58fdfc906065104eb2d43f69c360767bd69610af5db5a7e4d22
MBPP+,CoreFlow-q185,43,mbppplus-767,True,PASS,3fcd8151f75b4db25207529dede7b715fb5b234199e6f38f9e2a70d9d19b3cce
MBPP+,CoreFlow-q185,43,mbppplus-77,True,PASS,0aa7ca063170ba4986133769365cadce3dbda32d1d9d8f991266f6137b9a8365
MBPP+,CoreFlow-q185,43,mbppplus-772,False,FAIL,e8418addedb23f6167cd91e5c27dcb1e8a68b3aae7a0675bf456a786136acebb
MBPP+,CoreFlow-q185,43,mbppplus-773,False,PARSE_FAILURE,00ee270b454ec276ffd290b158fdd00f615334c00e195e1caf6f022f7c116f4d
MBPP+,CoreFlow-q185,43,mbppplus-777,False,PARSE_FAILURE,9aff277fd0103a898bdf215a18216f4c80bc4dbd4fdfd79f2507cb8701487b48
MBPP+,CoreFlow-q185,43,mbppplus-778,False,PARSE_FAILURE,047a4bdcfa3c8f855508043f1c44d9dba23d78db401d84681478928affa29cdd
MBPP+,CoreFlow-q185,43,mbppplus-780,False,ENTRYPOINT_MISSING,44e70403d75d6613b882c9e86991049684bb6a83630aac2fff8719db79402e12
MBPP+,CoreFlow-q185,43,mbppplus-782,False,PARSE_FAILURE,251d630df3e52a01f214813c64f2809eaf6e1b732ce1a474f17c9c896881a74c
MBPP+,CoreFlow-q185,43,mbppplus-784,False,FAIL,0fbcbe18335022348972d076579c1f13ba1c6fa2c3ca1f1d863a177038d8e6d4
MBPP+,CoreFlow-q185,43,mbppplus-786,False,PARSE_FAILURE,d94e4e0362abaef48c2ed3f71b8370b50dd486b27d481d26b2be5f6b4b13a31d
MBPP+,CoreFlow-q185,43,mbppplus-787,False,PARSE_FAILURE,c86ae24b9af1ef6a2e1a21feeb62a8f35d75fb67389b0b296b9856bd32bd7394
MBPP+,CoreFlow-q185,43,mbppplus-79,False,PARSE_FAILURE,e0bc1d2c621c582cae368ae7a28277f018c6561a4f073c5e7fea47853ffb9ee4
MBPP+,CoreFlow-q185,43,mbppplus-790,False,FAIL,0ac8de9677533efd2d591f93dc8201b9f9025ca3e01d6dda7200ee28dffa3543
MBPP+,CoreFlow-q185,43,mbppplus-791,False,FAIL,cbe2dc341c25b42782c94d4f936273a2def21db66d8a95f89d95696c2d8d4683
MBPP+,CoreFlow-q185,43,mbppplus-792,False,FAIL,98184140b68ea97145628d1948089dd4b9532b80acab2797c2a659cd998522ea
MBPP+,CoreFlow-q185,43,mbppplus-793,False,PARSE_FAILURE,3df8fbe38ff2a039e033245cd71cbf21b1f614402290c98b6c67425e13a3deb4
MBPP+,CoreFlow-q185,43,mbppplus-794,False,PARSE_FAILURE,0461fef9fd7db79695a4eb0e017663072fcc1fcd336a9f157e573b9192f44e4d
MBPP+,CoreFlow-q185,43,mbppplus-796,True,PASS,62b080850561c716699463bf5d7addfe5f3170e657a7f4241c58fe03ea04fc79
MBPP+,CoreFlow-q185,43,mbppplus-797,False,PARSE_FAILURE,b2847b0c69d33081887e1d869c9d2a03de9fcecaf49c780eac3c5649a561d567
MBPP+,CoreFlow-q185,43,mbppplus-80,False,FAIL,8f36c866a7b3d53096614f28bcb139338cad7875515099c3cf2b86e5a2a22223
MBPP+,CoreFlow-q185,43,mbppplus-800,False,ENTRYPOINT_MISSING,6042e2062da74c46a3691392214ed5c8b9c80d15aec43fde2c1f43d53ac95c87
MBPP+,CoreFlow-q185,43,mbppplus-803,False,FAIL,9c71e6f0586f7cd8c7f23ca23b05e5931d3ae7c20edf83e512b02c7d0d71299c
MBPP+,CoreFlow-q185,43,mbppplus-804,True,PASS,81dd6672704267f5028d61e1b58bf0378ebd4f865a6c4cca81ef9d4fc859b9ea
MBPP+,CoreFlow-q185,43,mbppplus-805,False,FAIL,3f6ab27c7c88ec75a27146c83eafb5f026f67ebecd7b72096bfa560ad8e0fe89
MBPP+,CoreFlow-q185,43,mbppplus-806,False,FAIL,3fc0516be76bd64406cd3d1d45524ad9b63077a4a2651480052efacdd0b4efe8
MBPP+,CoreFlow-q185,43,mbppplus-808,False,ENTRYPOINT_MISSING,bc76a51bc26681ef03d2948db81a878eca52b904933071a951f426ab9b5bc154
MBPP+,CoreFlow-q185,43,mbppplus-809,False,ENTRYPOINT_MISSING,135a2799636eb5f4893f3e736f2f74c5f2753b78ce0a13bd2cceddac2c1cdf8b
MBPP+,CoreFlow-q185,43,mbppplus-82,False,FAIL,c915430126a4d9bb37d7afe93c2a56feb8c4ececf2924b91a4b5414cb84a0709
MBPP+,CoreFlow-q185,43,mbppplus-84,False,PARSE_FAILURE,578ee4805e74a5d9b1599810bcc8960c68182e7f3ceecfb14619df26eee0c3a3
MBPP+,CoreFlow-q185,43,mbppplus-86,False,PARSE_FAILURE,ddc93ca10bf5f777c917b7f27496c75a43629d0ac00c8a2297828ba097e5969b
MBPP+,CoreFlow-q185,43,mbppplus-87,False,PARSE_FAILURE,8ec1805f12c1f74af44a193f30d86af4390edc5e92210bf4b5274e16165a02ce
MBPP+,CoreFlow-q185,43,mbppplus-88,True,PASS,1c05d562a7dc9b72f1443c125fbac050e4202cd794bd6fe2418de2bfeef3af6f
MBPP+,CoreFlow-q185,43,mbppplus-9,False,PARSE_FAILURE,f21f6dfa370a351961c1c7aa06de18503aa05a56817d468a5d6058694d330174
MBPP+,CoreFlow-q185,43,mbppplus-90,True,PASS,62f2a41a0fc08f014661ab1eff830563a2a304862f1e0927087fbcc51df96376
MBPP+,CoreFlow-q185,43,mbppplus-91,False,FAIL,7502349f8fbb2809bfa819863efebac172dc829680ad1f79df6b87e84a31346b
MBPP+,CoreFlow-q185,43,mbppplus-93,False,PARSE_FAILURE,8ebcaea9439474a48bf1a386b62e62592c46ee8a353bf73f468c109bd12da221
MBPP+,CoreFlow-q185,43,mbppplus-94,False,FAIL,4dc6e3daf3703c895955e29f4dfa99953f2928e75b52046950a2429ffd91ef2c
MBPP+,CoreFlow-q185,43,mbppplus-95,False,PARSE_FAILURE,69b7ec927f1ffcb57143134d3e180811d066b0ac2898f79876cdcafa15a14904
MBPP+,CoreFlow-q185,43,mbppplus-98,False,FAIL,1789a3c39e0f4cd0da798c5460231cd82d34ac15b68bf3ee5bb68f27864b5602
MBPP+,CoreFlow-q185,43,mbppplus-99,False,ENTRYPOINT_MISSING,c953075f5291d8f05132d8e34fd02c01ffae565e974383a173d2220d47826d7a
MBPP+,CoreFlow-q224,41,mbppplus-100,False,PARSE_FAILURE,e4fb6a60a0e878ba14e98f147f6537955b430cb963a91d2fcb043d94786416c7
MBPP+,CoreFlow-q224,41,mbppplus-101,True,PASS,1889fb9c8e712d8faa3449f425900a21eedeef636784e1791dffa79787c53814
MBPP+,CoreFlow-q224,41,mbppplus-103,False,PARSE_FAILURE,a8e95f3f632beec2545e190e1cd9e40550da0ef2dcb7f96705a8c407e0d95839
MBPP+,CoreFlow-q224,41,mbppplus-104,False,ENTRYPOINT_MISSING,caf4d50386d39aa7d667c6e3143149b63ad223c4ecf6febb2119f4e5c5ab2973
MBPP+,CoreFlow-q224,41,mbppplus-105,False,PARSE_FAILURE,b98ffcada6b33a6fd8b3fb963afcbbcbe7dfa1e82859728aed333e788fd63097
MBPP+,CoreFlow-q224,41,mbppplus-106,False,ENTRYPOINT_MISSING,84939b35738d8213b2be8908af7d150a465174a8df17fdcc4a2b311e93b4b882
MBPP+,CoreFlow-q224,41,mbppplus-108,False,FAIL,8de44f60494b46376c3e03ef9667195b991defebad6385cf9117c7b4a1ebce6d
MBPP+,CoreFlow-q224,41,mbppplus-109,False,FAIL,04016095154c2495b83990b834f3549500a4d5451fd65ea53d2e604b4950e83d
MBPP+,CoreFlow-q224,41,mbppplus-111,False,FAIL,6c22a50b7e8e4c03d62919e2a0285722a808547827cd41cf4ceeaef763446a70
MBPP+,CoreFlow-q224,41,mbppplus-113,False,PARSE_FAILURE,99751776068acdaf88cffb480fce89078d64b38a7e4892c1f33e614e410aeb61
MBPP+,CoreFlow-q224,41,mbppplus-116,False,PARSE_FAILURE,435453df793a6b1351da07641700474a48b8ed39235f5e223cabf2ba853ac109
MBPP+,CoreFlow-q224,41,mbppplus-118,False,PARSE_FAILURE,98ff65424200765fb583caff606f5964dba38766ece2b489a63bcfcbe4a2ce8e
MBPP+,CoreFlow-q224,41,mbppplus-123,False,PARSE_FAILURE,80333cda2a4fb70f0e9a02fd45333bb49494e9a64433e366147bb0a44e321918
MBPP+,CoreFlow-q224,41,mbppplus-125,False,PARSE_FAILURE,ea436b7f7988c4ba8079e99fb968654a3cc27e47a36768c11ccf501060a12c6a
MBPP+,CoreFlow-q224,41,mbppplus-127,True,PASS,0aa55a2dc6245eadd43334c541bd31ee739ef61461c8d2e1b3fad8a183353b72
MBPP+,CoreFlow-q224,41,mbppplus-129,False,ENTRYPOINT_MISSING,e5654059c22f2aedb8a4a47291c3aca54cc7c8a10accfa1fdba8d971ed28e3f3
MBPP+,CoreFlow-q224,41,mbppplus-133,False,PARSE_FAILURE,a29e0ad877fe366bb707dbb40d86d1c8cd218b6bcb04c00a0d8d0b78d2cb9ffb
MBPP+,CoreFlow-q224,41,mbppplus-135,False,PARSE_FAILURE,5852e553334760ed7dc520f1cd9e686a09e7a82672d6d6c10f8310434a770431
MBPP+,CoreFlow-q224,41,mbppplus-137,False,FAIL,0f8292b45380adb06f85845f86241e89dab1bd89e89d5029d00cee56bee9aae3
MBPP+,CoreFlow-q224,41,mbppplus-138,False,PARSE_FAILURE,afcd95e46fb50e134bcca84429d7e234a9daec49bf39a4afeb251a009e1768c2
MBPP+,CoreFlow-q224,41,mbppplus-139,False,FAIL,ac037480536a54400f63ba7c41f5ed467d8c3c71a6e6dcf3d3ec02e4e813f991
MBPP+,CoreFlow-q224,41,mbppplus-14,False,FAIL,7184dedffde0dc1d3c47ce5f319c50c990c1099dfa6ccba14db050c7665cdfb1
MBPP+,CoreFlow-q224,41,mbppplus-141,False,PARSE_FAILURE,144711b4200acb089e4d91195aaa86c4dc1cff275b39478169635c86e3eb87a9
MBPP+,CoreFlow-q224,41,mbppplus-142,False,PARSE_FAILURE,1dbbad1f98e6d10f3ec68a3bfb9281fad4f1debc6b688a697f02d42025f257ef
MBPP+,CoreFlow-q224,41,mbppplus-145,False,PARSE_FAILURE,4bfe9b395acb88891eb1ad840388995d7be0240d32c5b919900ec66bbd357e22
MBPP+,CoreFlow-q224,41,mbppplus-16,False,FAIL,f8e9ead451e0313250b329cd86871c766c6c7c7df7adfb5ba905937d37de960f
MBPP+,CoreFlow-q224,41,mbppplus-166,False,FAIL,5869d8c33ca144dc4129d0f80ca775e5118d173c23dcec770288e70c48586859
MBPP+,CoreFlow-q224,41,mbppplus-167,False,PARSE_FAILURE,f4e281c6e56cef49ea13773a5255171dbe338a44a1cbaf8b5753c3cb59ebfc70
MBPP+,CoreFlow-q224,41,mbppplus-168,False,FAIL,dbc191ee8175a07f53677afb5d109e809938c926ff0c7022d25d69c517f1f92e
MBPP+,CoreFlow-q224,41,mbppplus-171,False,FAIL,3da55d8e6462bfe3facf60b938e4660e0e7c2cf28cd3842f65f019922368d7f2
MBPP+,CoreFlow-q224,41,mbppplus-172,False,FAIL,435a667115c4cd7d444e1fbc36d3d8b5d070fd9afcbab2b3e6729dcac56a3009
MBPP+,CoreFlow-q224,41,mbppplus-18,False,FAIL,3813293212c75556babf385180795d7fecff5164cc80c27b7a46dcddbadb0dc8
MBPP+,CoreFlow-q224,41,mbppplus-20,False,PARSE_FAILURE,18f2f461e6edbbd19eba7ad885b9f1b7a3ff41fd2c897b5314038caa7ecfb8f8
MBPP+,CoreFlow-q224,41,mbppplus-222,True,PASS,6674cdabcf01ab04ef97a2e2875c704f08c4b380354ffc19648e8fbb8f30861e
MBPP+,CoreFlow-q224,41,mbppplus-223,False,PARSE_FAILURE,13ab7cbdc85ca82a6118c6bdd38effefda23c108572757ccbb0ccdd0ab70f665
MBPP+,CoreFlow-q224,41,mbppplus-226,False,FAIL,7ee0c6f65774d998da8637b8f89b664a1cd7bf5e86add01781b868ebe6938f4e
MBPP+,CoreFlow-q224,41,mbppplus-227,False,ENTRYPOINT_MISSING,c197d8fe4853953c3d661780ba7d4aa9249155b242560443a960e0cd1cded47f
MBPP+,CoreFlow-q224,41,mbppplus-230,False,PARSE_FAILURE,80d18f49097c2efbfbf5f17d4e0c20ebf8db754b590de69dfa27c4f2f1c8d146
MBPP+,CoreFlow-q224,41,mbppplus-232,False,PARSE_FAILURE,9e12fef325b70cd8d66ed252137eef85cf68208307c73e4e6aba4e3982500842
MBPP+,CoreFlow-q224,41,mbppplus-233,False,FAIL,37c8b0beca77dd31f7a080bf997f661cf4f87d891fd845b3b68964c33d08998a
MBPP+,CoreFlow-q224,41,mbppplus-234,True,PASS,917726506d5254bb2807827d536d11cdf8607f074bcedb8acc1655b5e19e6923
MBPP+,CoreFlow-q224,41,mbppplus-235,False,PARSE_FAILURE,b34b886578c72105917e668316c76652e66499b1694112bf320a256ca18b69fb
MBPP+,CoreFlow-q224,41,mbppplus-238,False,PARSE_FAILURE,b7cacbbc6f8fc3fc21f032901a0e55f2c1b0ff5b4113e2f3e84ad57d1d155827
MBPP+,CoreFlow-q224,41,mbppplus-240,False,PARSE_FAILURE,7c6d6501d973f0275fb65d949a9a064e366d1e112c078ce52f2a37b0bd31b91b
MBPP+,CoreFlow-q224,41,mbppplus-242,False,ENTRYPOINT_MISSING,e7dfbd1cb587f3f4b6284ef0b60908797dde7cc04fc2c98f26f2ae0bca125721
MBPP+,CoreFlow-q224,41,mbppplus-244,False,PARSE_FAILURE,fbfd0cb8804956e5463287b4a16efb1e66a89d3951ea022d41f4c0cd93fa1604
MBPP+,CoreFlow-q224,41,mbppplus-245,False,PARSE_FAILURE,e1f9245aff2a27d90cf0588a69b0b71c1e22bbd1e61258fabc600f8bfd2fa837
MBPP+,CoreFlow-q224,41,mbppplus-247,False,PARSE_FAILURE,76a6e937d33701006d69a2a205572c3e078cd224defbe5e127956a68805485eb
MBPP+,CoreFlow-q224,41,mbppplus-251,False,FAIL,2c8ba2cf9de0cb5706437aa6461d0762d1f3930356d7d007b2d7363bf6c45787
MBPP+,CoreFlow-q224,41,mbppplus-253,False,FAIL,20e5d484817a246fb14b576aa08648bd2c6ed159541460156dd49fbd20e5f478
MBPP+,CoreFlow-q224,41,mbppplus-255,False,FAIL,70acbdd69b06dcf6746665561b2d1aef86ae13cd59cbae31bfd18fac930914d5
MBPP+,CoreFlow-q224,41,mbppplus-256,True,PASS,75add438501b93816168483b038fb84f6a6beb1700630efdf2b6ab029485279e
MBPP+,CoreFlow-q224,41,mbppplus-257,False,PARSE_FAILURE,0b4437bbd8c23893c03a71889c4a9085b0a6c4483797bd8e444282587a4abfd3
MBPP+,CoreFlow-q224,41,mbppplus-259,False,PARSE_FAILURE,bc89711dac25dca5ee055fb38198eb22d613335b0e97681f4c21604b8ce56b8a
MBPP+,CoreFlow-q224,41,mbppplus-260,False,PARSE_FAILURE,1781def0e62ef88f0b43fbba4f0bd56b76e82b3350de4e4287f0cf7cc6f89f6d
MBPP+,CoreFlow-q224,41,mbppplus-261,False,PARSE_FAILURE,1c1e42c482a1d81e9fb7da025d79e76b1b146cf2e285949961f62c3aaba4abb2
MBPP+,CoreFlow-q224,41,mbppplus-262,False,PARSE_FAILURE,34b2cf439d76ee6a30a47f5f4e27d08c82d9b6a2937311750798ad14063a8222
MBPP+,CoreFlow-q224,41,mbppplus-265,False,PARSE_FAILURE,5ba552919576887252ba6830b9477ecf0e634c686d4fe0601252390e1279fa91
MBPP+,CoreFlow-q224,41,mbppplus-267,False,FAIL,89ab6552f36943d712249847dcc8cba99431e6db9ab85425cf3456bff6981856
MBPP+,CoreFlow-q224,41,mbppplus-268,False,FAIL,6cef78cedb7c83ccf08e3e26f41fd7d11fa7d1e533b8d48b04f8f0d9313e17c1
MBPP+,CoreFlow-q224,41,mbppplus-270,False,FAIL,837bf70928d8f955e6afecba5dbf7f6d2687bdf0ecbaa826455fa72ad169cb31
MBPP+,CoreFlow-q224,41,mbppplus-271,False,PARSE_FAILURE,0ea884ad60c596cbe0cdbdf8d082a466f608cfe7d3f0fbd4eea725e4a0ca9b86
MBPP+,CoreFlow-q224,41,mbppplus-273,False,PARSE_FAILURE,930ad68f5c5817bb3b118c57bb0c23f22e1429dfb3bdc181fcacca66ef346d05
MBPP+,CoreFlow-q224,41,mbppplus-279,False,FAIL,1ebd45287541bc52304cc26cd96b1adc98028032d5f66fdacf13b65f0eca5c6c
MBPP+,CoreFlow-q224,41,mbppplus-280,True,PASS,6118243324e7891c5f2782f4e6de770cc2275ec69043b102c64542e70460b283
MBPP+,CoreFlow-q224,41,mbppplus-281,False,PARSE_FAILURE,c39e21364e0626782bd4d3db228b7537d13537136abd49d63f7136798e443531
MBPP+,CoreFlow-q224,41,mbppplus-282,True,PASS,add97d4ff98ee4aa10e6f27f6baeaf71cc785017c39adcd692b5bc10a2814387
MBPP+,CoreFlow-q224,41,mbppplus-283,False,FAIL,630c715f776ddd48a7bae952dbc24a3507ca7470c13a521bb83d4d94e572a67a
MBPP+,CoreFlow-q224,41,mbppplus-284,False,FAIL,266c1b167ba5373f8dfabe71815d8e7f702416bbb76a4ccc97d3db1d84239dc3
MBPP+,CoreFlow-q224,41,mbppplus-285,True,PASS,a7f0b0a1d4ec08eac22e06e41164c47db6d9766a2f1bb02c9a254f93232a3c69
MBPP+,CoreFlow-q224,41,mbppplus-286,False,PARSE_FAILURE,e04b9d06c8480e49acbfef1d6920ad060b07fd92bef91330cecb43e1dd1df17b
MBPP+,CoreFlow-q224,41,mbppplus-287,False,FAIL,3c8ea62687c0892b0c1fb5dd8886aaafc66be68b5d169e4715d5f656a2ff8ff9
MBPP+,CoreFlow-q224,41,mbppplus-290,False,FAIL,26c6b256b7faa26cb2c3c81691b25e6048a0a0786eaeae9e4212f87972ae5742
MBPP+,CoreFlow-q224,41,mbppplus-292,True,PASS,90c2f05521af951349ea586f02c819c5d793abd1c42fb0950cbbf11fc12e7837
MBPP+,CoreFlow-q224,41,mbppplus-293,False,FAIL,ca20b4eb18c14d58cfded50accd3527f4fcaf7db3b35d7fa39ca42d536510d73
MBPP+,CoreFlow-q224,41,mbppplus-294,False,FAIL,5b99c5924c0075c02872b3b3d571d5d8892fc003d98d09ba5c3960578835a6c1
MBPP+,CoreFlow-q224,41,mbppplus-296,False,FAIL,19fc5367791d69b48a7faf1183dda01eea57bff1081f0ebe32bd217c6e7a0d56
MBPP+,CoreFlow-q224,41,mbppplus-297,False,FAIL,fb55db2dceea84211032ca193f970be6229c885858d5889559a8a32f1bb1ea8e
MBPP+,CoreFlow-q224,41,mbppplus-3,False,PARSE_FAILURE,75f887b6fc1796065355c381c757152b6bcac85ccc985c7d98815182020e00c1
MBPP+,CoreFlow-q224,41,mbppplus-301,False,ENTRYPOINT_MISSING,1c6def9a4df37d35299c8049364fb65e4d67191a377b32e883757e3d4b3b19bf
MBPP+,CoreFlow-q224,41,mbppplus-305,False,FAIL,e1add81303289d7ec54d9402c8ebc312626c12de92ea954076ee171cdd7df616
MBPP+,CoreFlow-q224,41,mbppplus-306,False,PARSE_FAILURE,50644a5db42ac39b5e5c964ca12d43c9c1ffcddadd92b0d86f97a5842f40ac46
MBPP+,CoreFlow-q224,41,mbppplus-310,False,PARSE_FAILURE,1e479daebd8683e961f1f57cd53dfbe63ef68f3df701366d7302ed23f7a56d7f
MBPP+,CoreFlow-q224,41,mbppplus-312,False,FAIL,6d76df53bee8764f7dedda37a183e0b33bc1ad394f2bc77b365ccb9d3cb5439d
MBPP+,CoreFlow-q224,41,mbppplus-388,False,ENTRYPOINT_MISSING,616a05a4b00292a5c12c7efa359e153c15f395f6fdd3ff660c045065c909d1ab
MBPP+,CoreFlow-q224,41,mbppplus-390,False,FAIL,da7ac283f501d6657b5b4aeb5822ce6dc97c05216deb2075d4a89aec5e50fd8d
MBPP+,CoreFlow-q224,41,mbppplus-391,False,PARSE_FAILURE,7480103ffc2b8d2ab59813d94344e0e4fe1e0e6589a2ebfbfb8ac577de2a8181
MBPP+,CoreFlow-q224,41,mbppplus-394,True,PASS,f18c7fe72e89c13378d275bfd6207d48575fdebced7d9cc65ab0be69948deeb9
MBPP+,CoreFlow-q224,41,mbppplus-397,False,FAIL,3a7441e564cc9972d0fc03389bb4e1f306c698f9c59fcce625b2c89e75b1213c
MBPP+,CoreFlow-q224,41,mbppplus-398,False,FAIL,84ede19b3e1b612344be5be6a11a4bcbc0f8a8e3f3ea06a2df2720781b95cd00
MBPP+,CoreFlow-q224,41,mbppplus-404,True,PASS,e7e53fc321687124f9ddc8b493dcbf65bf40b8389f0ddaa95b099dbfe3722539
MBPP+,CoreFlow-q224,41,mbppplus-410,False,ENTRYPOINT_MISSING,dc00b909320bd6803caf5aa11c852be3584a9001e3a98be7010b94940d06d229
MBPP+,CoreFlow-q224,41,mbppplus-413,False,FAIL,3e5a8e41c262a47a252b63f8927bb685e4f147c173d709d5390edb8f2a6ff79b
MBPP+,CoreFlow-q224,41,mbppplus-414,False,PARSE_FAILURE,7962662df7419307b3c2be509ec4de9b640e1399d6769559a25d7fdb9e51b453
MBPP+,CoreFlow-q224,41,mbppplus-420,False,ENTRYPOINT_MISSING,6592f6c985025f57fd05ef08e0d0dc26f8746e97b855d8bd32cbe49c7f0a82c5
MBPP+,CoreFlow-q224,41,mbppplus-421,False,PARSE_FAILURE,ceaddeb683e9c66fc4d3b5c7fb77d6ec1094f5c53610e26a0fd3a2fe206fd263
MBPP+,CoreFlow-q224,41,mbppplus-424,False,PARSE_FAILURE,0c66250eea7ba83d750c2feaefc576c311d123124f6902f73a6e9f8d242fc654
MBPP+,CoreFlow-q224,41,mbppplus-425,False,FAIL,188d3cdc957e25716b0c5330b8403aafb79fa0c9d4742ea644760e823a0e9ef7
MBPP+,CoreFlow-q224,41,mbppplus-426,False,ENTRYPOINT_MISSING,dabd51f3baf354cdc3e783b4d002d643065f36643151c91b5ae3ab35ed266fbc
MBPP+,CoreFlow-q224,41,mbppplus-427,False,FAIL,b74a32b34324a3edb0e5b206af757e246731721f84ad51d8812e653eb20a39c2
MBPP+,CoreFlow-q224,41,mbppplus-428,False,PARSE_FAILURE,14acc27acd06cf955cc36ac9dfe588b88bb69b8b8e24e7822c935a2cb66c185f
MBPP+,CoreFlow-q224,41,mbppplus-430,False,FAIL,269861b92d98a13b88aba1c99fbed519e6c49bd2006f41da3a4202c00539c3b0
MBPP+,CoreFlow-q224,41,mbppplus-432,False,PARSE_FAILURE,4fda09087d75ba880613d53b8e2fce10bc361ecfb2dea8c19af9026ff9c83b30
MBPP+,CoreFlow-q224,41,mbppplus-435,False,PARSE_FAILURE,2f90a1108bc93b76e112955c31b65f5dbf35c6fee7d3c3b7c93892bbba57b063
MBPP+,CoreFlow-q224,41,mbppplus-436,False,ENTRYPOINT_MISSING,704d1bc2de004ce6532138a9d4dbb672d48d49b9487bedb1f594459fcccc0ca4
MBPP+,CoreFlow-q224,41,mbppplus-447,True,PASS,3908493c52bb9361fccd5d19fdfd093aeb55ea51ed62f7bc3bb455bfa036b800
MBPP+,CoreFlow-q224,41,mbppplus-450,False,FAIL,0dafc9202ea87651d5da5abc19a381b4290fae0f4c19df0d1cff4656d5ded80d
MBPP+,CoreFlow-q224,41,mbppplus-451,False,FAIL,f12acef7665dbbe4d3062fe8e8c79669a10e300249160c48b068ad0a5fb0ab4a
MBPP+,CoreFlow-q224,41,mbppplus-454,False,ENTRYPOINT_MISSING,b8a1e7a1e587b15b3a140250ccadb3b6dc91329972cc48dd8aa0d7a1271928b8
MBPP+,CoreFlow-q224,41,mbppplus-455,False,FAIL,f50daaa4b8d2339d10ebb7e525ff35da854bfe7558afd1f451853eb5c517bd27
MBPP+,CoreFlow-q224,41,mbppplus-457,False,PARSE_FAILURE,c1578eabf5e123f54038701459ef8c9f274b2a36670edb1857c79d0ea59b48f0
MBPP+,CoreFlow-q224,41,mbppplus-459,False,ENTRYPOINT_MISSING,725aba50523ac9f9e0fe26e5648ae2979492f562475c12c7815dd49fc95192d9
MBPP+,CoreFlow-q224,41,mbppplus-462,False,ENTRYPOINT_MISSING,164d0d5ef25755d67d7f5a3b567f13d8fd619b342e0a1ca2a76baa4d19fbbb5c
MBPP+,CoreFlow-q224,41,mbppplus-463,False,PARSE_FAILURE,c02902e82228ae32f9b64164fd8076ad5bcfa4ce3d6ed4217b6bd0a47b1c6a3a
MBPP+,CoreFlow-q224,41,mbppplus-465,False,ENTRYPOINT_MISSING,362ddb93ecfa9d0eacf109d9353591b8be24fb7ec7350750fc7d59f3e491defa
MBPP+,CoreFlow-q224,41,mbppplus-468,False,PARSE_FAILURE,1568ebdcb4afe63b88b6c264f56dc156acee9d92bec9f17e05e548a0ab47af67
MBPP+,CoreFlow-q224,41,mbppplus-472,False,PARSE_FAILURE,77da0e8e254caa46ab9feff1da617e275a368d4c65906f51e007f88c2dc73ea5
MBPP+,CoreFlow-q224,41,mbppplus-474,False,FAIL,e223640257819955fed053b8781ff347c275ccfb4e1ea882d0513e0e313ddbbc
MBPP+,CoreFlow-q224,41,mbppplus-477,True,PASS,a0415eb6c0892c22dc5b160d143653e4d7acac68de8b2602b926f16376027fb1
MBPP+,CoreFlow-q224,41,mbppplus-478,True,PASS,dd647afe080487cf8e1f333b283fa0eb37d872d8f0ff9152961a59dfb3ca47db
MBPP+,CoreFlow-q224,41,mbppplus-479,False,PARSE_FAILURE,75d9c1a4c048b1aafa98fb453a65e70d4d08eab12e8639c63f2e979312dbadbd
MBPP+,CoreFlow-q224,41,mbppplus-554,True,PASS,ce688055d4387d60545ba4eaa7c1b8892bce042bc0d009a4b88123706ef4dbb5
MBPP+,CoreFlow-q224,41,mbppplus-555,False,PARSE_FAILURE,cb93d10c57f2fb3bf055ee3d0a1b7ad77ed48ca137fbf25e8a2f23296ba36922
MBPP+,CoreFlow-q224,41,mbppplus-557,False,PARSE_FAILURE,e13d4117ab3d922e4a222b025d02380b6c6eb02a4ef45498ead3b1454ef6c355
MBPP+,CoreFlow-q224,41,mbppplus-559,False,FAIL,18ad42ba62240e36b115b3199e5b97c776e5970d79775f3f7e1f73419cb4816f
MBPP+,CoreFlow-q224,41,mbppplus-56,False,PARSE_FAILURE,09267e533a4489b04acce76f3052f1b91e7f86730a56de4a0d46ccb8d3f5ff50
MBPP+,CoreFlow-q224,41,mbppplus-562,True,PASS,cd6d50372b4e9217f237ecae0e70c5e3d8a73b290729e6a02eb7bf1a1fdb9567
MBPP+,CoreFlow-q224,41,mbppplus-564,False,PARSE_FAILURE,b0f6477c95ab17a687039829919a6aec31c911d13a0ccfe80559f8bb590e42b3
MBPP+,CoreFlow-q224,41,mbppplus-568,False,PARSE_FAILURE,f2b4074032bac09c1bd80cdb23e212ba9c5875a9d8aac0eaf65d49207b870913
MBPP+,CoreFlow-q224,41,mbppplus-569,False,ENTRYPOINT_MISSING,caf4d50386d39aa7d667c6e3143149b63ad223c4ecf6febb2119f4e5c5ab2973
MBPP+,CoreFlow-q224,41,mbppplus-57,False,PARSE_FAILURE,669ed0c09ef50eb1be4f796501ed4ddd225796a5354df98d3fcc9fa9de0cc299
MBPP+,CoreFlow-q224,41,mbppplus-573,False,PARSE_FAILURE,84fcfb9124b2d2cbd708a759f7e0b81a150dec1edf9e2125599b36dd42add536
MBPP+,CoreFlow-q224,41,mbppplus-576,False,FAIL,0eff5b14a13bf91f2874e482d94be24b16a1896ca5c63399452f68818799338d
MBPP+,CoreFlow-q224,41,mbppplus-577,False,PARSE_FAILURE,01f1bcbe41ee19b082429d5bd12f7d97774943a8f084c7b8453bee882512ee2c
MBPP+,CoreFlow-q224,41,mbppplus-583,False,PARSE_FAILURE,ffa141b6072a24926f0311bd3585b53c6e312c07a5ea6a68ce818047de89fd81
MBPP+,CoreFlow-q224,41,mbppplus-586,False,FAIL,283b9e3f0bd3d670185f91ae880f5b7cdbe1f4451c90971372fdbedb1c6182cd
MBPP+,CoreFlow-q224,41,mbppplus-587,False,ENTRYPOINT_MISSING,f46bac498b9ee21d852f46bdf4cbf1658ea301edf50d909a181e576ac50cd529
MBPP+,CoreFlow-q224,41,mbppplus-589,False,FAIL,d86c9db62096c73a2823f9668ddd42b3ec23b9a2323d2bf8bb5f37208e248519
MBPP+,CoreFlow-q224,41,mbppplus-59,False,PARSE_FAILURE,4c7d5a09c8f9819e3a550297c75fd93dcbe622a42ec19d8a8b2386584ed0ec9a
MBPP+,CoreFlow-q224,41,mbppplus-590,False,PARSE_FAILURE,4cf2c394fa6df4442a0749e3fa1e89322e422e30bd53a4a222892245c3d64db1
MBPP+,CoreFlow-q224,41,mbppplus-591,False,FAIL,60f687d0d0fd55fd967c04d32034b5dcd73d2ba7a4dd60bb518c58fb2e466659
MBPP+,CoreFlow-q224,41,mbppplus-592,False,PARSE_FAILURE,52afe7c77f574f0c2e89e00e07bde33c365575a986de73129dc330d2f4116aff
MBPP+,CoreFlow-q224,41,mbppplus-593,False,FAIL,8c73a0218a91e4c092aa2e1801ce8c0aed9121a97bdab468ed57bff836b7907d
MBPP+,CoreFlow-q224,41,mbppplus-596,False,ENTRYPOINT_MISSING,cd3fc846f39b53df03da6107a0e98d6f28eccd055afef133ee449069ae8d0368
MBPP+,CoreFlow-q224,41,mbppplus-598,False,FAIL,90320295388f9f029ebda90ca9cee65ddb18a72cb7c025ee463cb6716bae15d7
MBPP+,CoreFlow-q224,41,mbppplus-599,False,FAIL,35074aca40b6dd144ab10ae4fb4516403d177d6b294dc609312451ab5e6d983e
MBPP+,CoreFlow-q224,41,mbppplus-6,False,ENTRYPOINT_MISSING,84a20234dd1c7e3c3c579cd53e42cd1018c87efb5f393872bf0249ad5066ccb5
MBPP+,CoreFlow-q224,41,mbppplus-600,True,PASS,5732f0b5610170478f835174c3063de8e5639f67e21741fb6e5836d8b6e47f29
MBPP+,CoreFlow-q224,41,mbppplus-602,False,PARSE_FAILURE,51a136f53b336988fddf634d01b0752c0c37f358fc9e7bcffc8f2c13b7880453
MBPP+,CoreFlow-q224,41,mbppplus-603,False,FAIL,aa311d00bb11618dedd3181137d5ca18674266240eb3071c74e92ab85d3013c2
MBPP+,CoreFlow-q224,41,mbppplus-604,False,PARSE_FAILURE,e91b6e75a52d3ca606e4e0c208c6ce76a29a0e40729c41adc87a76dd60634011
MBPP+,CoreFlow-q224,41,mbppplus-605,False,FAIL,a93d9cf700db1736d8189187fba5a4ed3883e75711b0ee3c8e0e0b690e524489
MBPP+,CoreFlow-q224,41,mbppplus-606,False,FAIL,44da94e8a35d6b106ab4f3c471a87bbc437477b1981ae1d0ac3f8a099cf95ee4
MBPP+,CoreFlow-q224,41,mbppplus-61,False,PARSE_FAILURE,96fd621de894a34eb6dda2ae817a207654589cbfeeb903322eff0803ae120c9a
MBPP+,CoreFlow-q224,41,mbppplus-610,False,PARSE_FAILURE,c3604b477485bcaa24bb79ed0f9c26f34ef6f986a3f08ae705f87cd2fb4f1105
MBPP+,CoreFlow-q224,41,mbppplus-611,False,ENTRYPOINT_MISSING,c88de04d7e0b28df9d42ab80c04076b642cfd07ec70eacf9543f77186fe33f34
MBPP+,CoreFlow-q224,41,mbppplus-612,False,FAIL,f66c3f5fd89b28dece0649da67925d1adf9f346aab9f97f358bafd90646be4d7
MBPP+,CoreFlow-q224,41,mbppplus-614,False,FAIL,ab2ffefadc5184412955dee0743e1a15e47da958a1d89812d682b6833e9d618a
MBPP+,CoreFlow-q224,41,mbppplus-615,False,FAIL,6f6648c64cc87033c483086fc46bb8490c61871c77e3375efd242f65719468aa
MBPP+,CoreFlow-q224,41,mbppplus-616,True,PASS,68e822f0be46fb83bc8d3769a6f5625ad743b086dee4295b5ed1984a624a0170
MBPP+,CoreFlow-q224,41,mbppplus-618,False,ENTRYPOINT_MISSING,c6052ea459ac204ee98b1b735d9e9c486a14c1c90f1af7ec53ad02ff77a3039e
MBPP+,CoreFlow-q224,41,mbppplus-619,False,PARSE_FAILURE,00db45006bada8a28e73bb8e4cf763f930a1ab2323be2abf54217c31761994b0
MBPP+,CoreFlow-q224,41,mbppplus-62,True,PASS,0d3285c591853d998543414abbcda020b0e737d579696548721e95020648e8da
MBPP+,CoreFlow-q224,41,mbppplus-620,False,PARSE_FAILURE,d8f14cbc4e6e994ed35a0b286f3eb704ecd089e4f934a15f9e65ad36689e1e10
MBPP+,CoreFlow-q224,41,mbppplus-622,False,FAIL,024d6f16407792ed41099a4658f067df00f42716d4c109aaae44f03f5b34e687
MBPP+,CoreFlow-q224,41,mbppplus-623,True,PASS,e29ea7c08939a379c88789bb447414b101fdb1903bbf9e1819b96b9cc113857d
MBPP+,CoreFlow-q224,41,mbppplus-628,True,PASS,b8e4efff583ed730248db047f087514889e18589d97ad82a9d076a8fd0d729e3
MBPP+,CoreFlow-q224,41,mbppplus-629,True,PASS,192944c384c8b63033a616ce63fc781233f390dde6ad5a2b0a74e40a9772b3b9
MBPP+,CoreFlow-q224,41,mbppplus-63,False,PARSE_FAILURE,644007c31e948262dc645cd155930e1d691ef2d1a39e2bc3a968dbed0eecf908
MBPP+,CoreFlow-q224,41,mbppplus-637,False,PARSE_FAILURE,9dbbf77e15dc8d817296d7c10e90881f14373396dfdd22199bba1cbd17668f15
MBPP+,CoreFlow-q224,41,mbppplus-638,False,PARSE_FAILURE,8911358a1598c9788f03380a383a39912e4068c9fde2f4263553fd1536cd3ed9
MBPP+,CoreFlow-q224,41,mbppplus-64,False,ENTRYPOINT_MISSING,6e47c5c88581581d0164aba522eb4ba346c073d55a4d3615ebb709f24968a104
MBPP+,CoreFlow-q224,41,mbppplus-641,False,PARSE_FAILURE,f7d15ef302331b3cbc5cc2eeb3a3dc590c07d88941889166cb927a1d4b991f36
MBPP+,CoreFlow-q224,41,mbppplus-643,False,FAIL,9c5b6601ebb118ef9b2e4e0e7179c23a7bea0e45e0e649033ccebde6a30901c2
MBPP+,CoreFlow-q224,41,mbppplus-66,True,PASS,b840af8091dfebd048dec3f931d20268a9b99f7580e56ef3659045a69a9e847b
MBPP+,CoreFlow-q224,41,mbppplus-67,False,PARSE_FAILURE,d72615ea62701b9bbb5eba3af9b8f36cee91a432b7e972a20051d18a85f8b6de
MBPP+,CoreFlow-q224,41,mbppplus-68,False,PARSE_FAILURE,4d2b5d5aa1a9ca212bbb16d3a6a34084781b592a18a49d69af22046bbb20e14e
MBPP+,CoreFlow-q224,41,mbppplus-70,False,FAIL,c0b84db1c2de2eeb4ed0814e65f9f45c41b065d0c54614483515d1a28521db05
MBPP+,CoreFlow-q224,41,mbppplus-71,False,FAIL,c266bd43f08e52d83d0a4b7691708b13841a8c00762283ea73720adcd6595a79
MBPP+,CoreFlow-q224,41,mbppplus-72,False,PARSE_FAILURE,da611b0ace011eba561b2711304b0fc2a55f326b3c3db88734a2255efd17502e
MBPP+,CoreFlow-q224,41,mbppplus-720,True,PASS,330d35e2b1317f2520d8b137a47b57caa271787c1be311d805b1a0edada2a56c
MBPP+,CoreFlow-q224,41,mbppplus-723,False,PARSE_FAILURE,6e121e3d27a4d3a3f332633dce8944c6cc69b4b2455500f838f30618f5932321
MBPP+,CoreFlow-q224,41,mbppplus-724,False,PARSE_FAILURE,379e5146e8f8845d5097561f7540e706384ebf7544d2036fecd7c0107b69c1e4
MBPP+,CoreFlow-q224,41,mbppplus-726,False,PARSE_FAILURE,51449019d2a15862aebac04f15fe1f14645b6045a5639054e53e6f1b3af8bc49
MBPP+,CoreFlow-q224,41,mbppplus-730,False,PARSE_FAILURE,167567f24b3e4260076948b40086c083d085e947e95b3b0c20fc7d4e274356f2
MBPP+,CoreFlow-q224,41,mbppplus-731,False,FAIL,545dc5bf5a0a20b59530e9f1cfaae5fcdbee278ae585a7e658bc5401886c5425
MBPP+,CoreFlow-q224,41,mbppplus-732,True,PASS,95ed6c72850f0f20ec48d36ae05b54be378b663d7038af383be0c402f35da90e
MBPP+,CoreFlow-q224,41,mbppplus-733,True,PASS,955577990ae7a2e06f573da7b6ae393688ba7f52ae578014b26a29bfba73f88e
MBPP+,CoreFlow-q224,41,mbppplus-736,False,FAIL,b5f17e796a0efdbed6918cd5dea3e750a95a33c9ed569241f5edfc266d9cc7c7
MBPP+,CoreFlow-q224,41,mbppplus-737,True,PASS,9ae2aa9bb08ca1fc43a360d82dc2d8ee99dde7637f77ba19eb2dccd00b663da7
MBPP+,CoreFlow-q224,41,mbppplus-739,False,FAIL,7a3d85c6ef5721a9b1834b4259f9e3ea934a41525daf0084eae8801ef6473845
MBPP+,CoreFlow-q224,41,mbppplus-74,False,PARSE_FAILURE,b6bad782279df9b2651bf223a404f816555c40f4adaebcd9ff46e92a2bd50c9a
MBPP+,CoreFlow-q224,41,mbppplus-740,False,FAIL,bd6f6ee1f35786daa27594956b6e2e6dfd20025917da4d011b6122a2a22eb034
MBPP+,CoreFlow-q224,41,mbppplus-742,False,PARSE_FAILURE,409910f55811ed79f6b85cbfcfeb1841a1a3c2992b7a90f4aed94804d3a8ba0b
MBPP+,CoreFlow-q224,41,mbppplus-743,False,FAIL,d3cb55fde7b4f47004fe9f6bc53345c48a8e25ad36225af4b561b293e45be547
MBPP+,CoreFlow-q224,41,mbppplus-744,True,PASS,f90070623e190f64e51205f50bbcbeda040c386107480ddf68e9836395a504c0
MBPP+,CoreFlow-q224,41,mbppplus-745,False,FAIL,b160095fdfe7f259c2d9df37796a6e33705dbb16eca1e6b4cff1fca0f597f3a8
MBPP+,CoreFlow-q224,41,mbppplus-748,False,PARSE_FAILURE,efe93428f6418bd4faf72a011e7b0d759f765d365ecad77a3cb7bef91c62e7ab
MBPP+,CoreFlow-q224,41,mbppplus-749,False,PARSE_FAILURE,7d1217833dec679e9d496b809a22cf2e70dc61350e6feb6110b2b99fd3ba8ea7
MBPP+,CoreFlow-q224,41,mbppplus-75,True,PASS,2e2e3b754900e19dc98240e61df1236df4b9985f342a9deaa8be779c6b7b4aab
MBPP+,CoreFlow-q224,41,mbppplus-750,False,FAIL,f580a1294e202c607699e191ace0cb800ab639f3e0d82234df67a89b06de64e9
MBPP+,CoreFlow-q224,41,mbppplus-751,False,FAIL,7721cdf20eaada4688d0b55ed43208087f6ffef3c97f3e2b562743c33de0c4be
MBPP+,CoreFlow-q224,41,mbppplus-753,False,PARSE_FAILURE,5565beffcc8adc1e0beca93fe40cb9a9fd13a9cf00ba6777eec903631d8692bf
MBPP+,CoreFlow-q224,41,mbppplus-754,False,FAIL,d8b065dfa36eeb99903753fbe08d9125f76cf28ffbafc4f980e58a04a66a62df
MBPP+,CoreFlow-q224,41,mbppplus-758,False,PARSE_FAILURE,6fe6be291a7262d2ee168d747976c52d75c5ddf3f21793675272dfa0e8f28b7a
MBPP+,CoreFlow-q224,41,mbppplus-760,False,ENTRYPOINT_MISSING,c7ddf79af03a34a478ea0bbe5aa7803b30884f71ee5b8befa3fe8f69e7b7c35a
MBPP+,CoreFlow-q224,41,mbppplus-763,False,FAIL,311d98fe92669b61a8a18bd32433f8659e5e6beffc429dad60bb6a647245f7eb
MBPP+,CoreFlow-q224,41,mbppplus-764,False,PARSE_FAILURE,56fa4942d5802130cd1c66ec5d0a1b67c574bbc42148515a263660ee6fd31a08
MBPP+,CoreFlow-q224,41,mbppplus-765,False,PARSE_FAILURE,5f56cea176a332539aa2c1b594ed37c00bc63574a3f1b6bdb67b0557e5b5bbb7
MBPP+,CoreFlow-q224,41,mbppplus-766,True,PASS,3c61f067906f29e33a458e53a1917e0f43e5bd14f31acff89f626d197a7ef12a
MBPP+,CoreFlow-q224,41,mbppplus-767,False,PARSE_FAILURE,b9167a33421ccc1877d74d1d7972f8157b6e8f3ff6bdcc3ec9130ff09704a1f2
MBPP+,CoreFlow-q224,41,mbppplus-77,True,PASS,bf8b7a0ca4e016b5febf674a9ef82f640e97b755a6a60462a865287f42975587
MBPP+,CoreFlow-q224,41,mbppplus-772,False,FAIL,27e819ca3ab5a79357821f7fff1df0a721732b5ed2d95f878d7e609ee6faac07
MBPP+,CoreFlow-q224,41,mbppplus-773,False,PARSE_FAILURE,9bc9a71aca3b0b4e6b590d4bd8355883f0ca1f13dff9fccade6dfaee5c98c19c
MBPP+,CoreFlow-q224,41,mbppplus-777,False,PARSE_FAILURE,41167d1131d2546e837fe4f130bc55eb3d87c9e0b7fdd3c599457093ea8776d3
MBPP+,CoreFlow-q224,41,mbppplus-778,False,PARSE_FAILURE,047a4bdcfa3c8f855508043f1c44d9dba23d78db401d84681478928affa29cdd
MBPP+,CoreFlow-q224,41,mbppplus-780,False,PARSE_FAILURE,53f6d85d05c696edfdf889e86894d23d464e5e030e10ce76766721d9f5e85d95
MBPP+,CoreFlow-q224,41,mbppplus-782,False,PARSE_FAILURE,1271cfe4efb875f78e4c849f83ef61f2a49ec4ea5576eec6cf6fa4281d0b5371
MBPP+,CoreFlow-q224,41,mbppplus-784,False,PARSE_FAILURE,534f63143f976c41b2e272f6dac45497fb7f6bffa548fee31fd3ed76c07a0357
MBPP+,CoreFlow-q224,41,mbppplus-786,False,PARSE_FAILURE,181287ea8d27bcceff72b0dbb9d88139bbe9d3e7856e2afe45fcdadde300b6bb
MBPP+,CoreFlow-q224,41,mbppplus-787,False,PARSE_FAILURE,d92a375299aa0cb7c5f5a08a955e7deb76b20172c10c16a39ab3019bd21dc7e9
MBPP+,CoreFlow-q224,41,mbppplus-79,False,PARSE_FAILURE,8db0b004cad83b55fd92e68499a245d5c592892131e19eba84e73a2601f9afc8
MBPP+,CoreFlow-q224,41,mbppplus-790,False,ENTRYPOINT_MISSING,7417b7ceb62189bd5dbc38d98054cdf3a679adb5bb7424e846348401cea8f5a8
MBPP+,CoreFlow-q224,41,mbppplus-791,False,PARSE_FAILURE,daf3b12ed46e457ea84b88907fcffb81a83735da97aa33c187b1ec0cfc94feab
MBPP+,CoreFlow-q224,41,mbppplus-792,False,FAIL,705689ba1cba2ae39ed38869f179e306eb9b39e9eae74d12e04b80334acac9c4
MBPP+,CoreFlow-q224,41,mbppplus-793,False,PARSE_FAILURE,fb827d63ea432dceeafc3495cf94ebf3d83fd7323551bc1391e815d04fe2f10a
MBPP+,CoreFlow-q224,41,mbppplus-794,False,PARSE_FAILURE,6001a9c9a6919b4354455879a49dbdf88c172b8df8cef21aa17ab1f5c6374edf
MBPP+,CoreFlow-q224,41,mbppplus-796,True,PASS,41c0625e55b0f7500d1290f02e57b5539b90243c07912b456549bc342ca2b9d8
MBPP+,CoreFlow-q224,41,mbppplus-797,False,PARSE_FAILURE,bcd2ee367375c6ccd1704e2629395556cae79f60dc7308e3951bd2c8c8e17421
MBPP+,CoreFlow-q224,41,mbppplus-80,False,PARSE_FAILURE,a8b7436270eb0725b4656db2e5e1f895dd436aab523c3f1ef9a3d1ff78671784
MBPP+,CoreFlow-q224,41,mbppplus-800,False,ENTRYPOINT_MISSING,fa7065f86d09205bb39a50f7fa1719949a483a980285f33771a026ebafd54ecf
MBPP+,CoreFlow-q224,41,mbppplus-803,False,FAIL,8d1eaa0a1556fc265cef15bdfa1145673c3ca8a0daed7e21bbe0b595e4c8c659
MBPP+,CoreFlow-q224,41,mbppplus-804,False,FAIL,f8c3ee00b03a6d01b6c0c98b7e06d18087dd76d5dfbbd6938173075186539868
MBPP+,CoreFlow-q224,41,mbppplus-805,False,FAIL,91d19680dda1fd32edc1e4dfa2d8ea9564dd1868fa19b4d5d0ac97b8a5d70c25
MBPP+,CoreFlow-q224,41,mbppplus-806,False,FAIL,b4c41870c6e137882c00507e8b62e83b3948e88f5e34a40149146c4b007d27ce
MBPP+,CoreFlow-q224,41,mbppplus-808,False,PARSE_FAILURE,226ab8d4d66b69b66880db94a7b1fa574562362c17d429126f01409fc3298d8b
MBPP+,CoreFlow-q224,41,mbppplus-809,False,FAIL,d165afb213408e438a7642cccc7a40321364b91eafbdb335598456d753c6f0b9
MBPP+,CoreFlow-q224,41,mbppplus-82,False,FAIL,fef10d9c759beaaf4a1cf2ed818b806602bf7738da597ca95483435eb1c7155b
MBPP+,CoreFlow-q224,41,mbppplus-84,False,PARSE_FAILURE,003814bbb603c55f64a41b24eb5de00f18a1341e11e7576dab7007f1288b195b
MBPP+,CoreFlow-q224,41,mbppplus-86,False,PARSE_FAILURE,5893ba24ce15951293839a348a4a393cb3dc3da0297504d546f32dfe2e70e9fb
MBPP+,CoreFlow-q224,41,mbppplus-87,False,PARSE_FAILURE,31c0fd812b2e05ac9c0306693a3087506ccdfadd3914110da33e03478f89d183
MBPP+,CoreFlow-q224,41,mbppplus-88,True,PASS,324e534b5445e374e9b10f7530b452473c6f8e8264b5907cec1d7ac84c0913c3
MBPP+,CoreFlow-q224,41,mbppplus-9,False,PARSE_FAILURE,26f2b33bcf86978244fce74b64ddff6f821a3a99138182d7d074ceffb1d08200
MBPP+,CoreFlow-q224,41,mbppplus-90,False,PARSE_FAILURE,108d1f74c481875a5318c1486870922caaa2021f088b8322685d8a3977787697
MBPP+,CoreFlow-q224,41,mbppplus-91,False,FAIL,5970d41ff633450512f5bc64a6380966dd8ecb5511aa6029b4f8e22e8f055dea
MBPP+,CoreFlow-q224,41,mbppplus-93,False,PARSE_FAILURE,32de709ae2e8b434e01e1c582b7aa7486d216a6ea481bec55c95f9a1515d5985
MBPP+,CoreFlow-q224,41,mbppplus-94,False,FAIL,61e940b4feab71590f9a0c6db90537dc2fc9731d9f3358d1650c5abc0a1de306
MBPP+,CoreFlow-q224,41,mbppplus-95,False,PARSE_FAILURE,fa5f6c650a309664433086ac3c2f8c5535185bd7102d2b6d6ea8e07cedc88f49
MBPP+,CoreFlow-q224,41,mbppplus-98,False,FAIL,7d582ac254ca70847f10e90c948d94d64bb816148a35fdd813142a3e6a85ebd3
MBPP+,CoreFlow-q224,41,mbppplus-99,False,FAIL,8ffd21200e2d71925927924a2669ff1b2eaed2e6fa4ad02cdb1b538b56b56b47
MBPP+,CoreFlow-q224,42,mbppplus-100,False,PARSE_FAILURE,3c3ce9f3c8630a448d9cc3de47b8fbf072050ae3ba576c3c92b0ab3b53eaca44
MBPP+,CoreFlow-q224,42,mbppplus-101,True,PASS,43b4587c175838ddb2375f383599cb66fa6ca2957b809b0ac6306b298699dc95
MBPP+,CoreFlow-q224,42,mbppplus-103,False,PARSE_FAILURE,ae27394825b0517062d286e1d1982da8ea58f2bea02cc0f01e8e7dd67dadd5be
MBPP+,CoreFlow-q224,42,mbppplus-104,False,ENTRYPOINT_MISSING,bc190d43a24b385e781792a0131494d81d084ecb3c6e194af9fc2e7295c5eaba
MBPP+,CoreFlow-q224,42,mbppplus-105,True,PASS,86d8df5906ddef1447a5f1a53dc81ff70b359571ed5fdbb475e7bd69c3ccaa03
MBPP+,CoreFlow-q224,42,mbppplus-106,False,FAIL,43d358382fd07811a786a9df5551f3008ffe9d0aa4059647d5e96948fecd8b37
MBPP+,CoreFlow-q224,42,mbppplus-108,False,FAIL,bb77ff1c9256f438b884806c195f0b86c07e621dff8c845f32dcb275c0741dcf
MBPP+,CoreFlow-q224,42,mbppplus-109,False,PARSE_FAILURE,29f1c3b8d3ece5ea4c12c1f06fa3404f18cdf8e2aef7348e5d0d1a6c4f84c509
MBPP+,CoreFlow-q224,42,mbppplus-111,False,FAIL,7e0174f1cdecd8d92e7d8445e2b521c8f68dc61b7c8086ae01a0b4b257b049bd
MBPP+,CoreFlow-q224,42,mbppplus-113,False,FAIL,37e38c07ad85d12c3c01dde772b0285cb36dac6d0d94203453f6edf51b60bf8d
MBPP+,CoreFlow-q224,42,mbppplus-116,False,PARSE_FAILURE,435453df793a6b1351da07641700474a48b8ed39235f5e223cabf2ba853ac109
MBPP+,CoreFlow-q224,42,mbppplus-118,False,FAIL,10a7b61dfb2f73f96eb732ebe8d7db0f36adb947952639f24f662fce149f70f1
MBPP+,CoreFlow-q224,42,mbppplus-123,False,FAIL,4c0f184cba7e0e7fc8fed08504671fd3382ce19ad7fc0b22cce9969cf3166676
MBPP+,CoreFlow-q224,42,mbppplus-125,False,FAIL,d04c5f55632ae3c135e454240511eb39515fa310f23d0cd3e5fb90af3a032f25
MBPP+,CoreFlow-q224,42,mbppplus-127,True,PASS,123ca827a6e9b4078142d739dc3993a859c4c5c17b95cc3f67de491c91550f95
MBPP+,CoreFlow-q224,42,mbppplus-129,False,PARSE_FAILURE,cb943b452099a9185f54d9b77c9527fa61eba2f55b06236feb19a88741882abd
MBPP+,CoreFlow-q224,42,mbppplus-133,False,PARSE_FAILURE,2ac5d0f0c1aed689a617c9c804912baf00191eadf38effcb585a114fa4f83f9f
MBPP+,CoreFlow-q224,42,mbppplus-135,False,PARSE_FAILURE,3e5b89fcd24b244893ca1af769d81b6a956666961ac2e1a913e877125ae4d980
MBPP+,CoreFlow-q224,42,mbppplus-137,False,FAIL,48822869ce6526df312db15c49b77079babb8bbe131a832b11f582eb17a4b3cc
MBPP+,CoreFlow-q224,42,mbppplus-138,False,PARSE_FAILURE,976f7d48f9de326a04e7c3695240b8f38923c1dc4bb0468ce710f5e8e24654a3
MBPP+,CoreFlow-q224,42,mbppplus-139,False,FAIL,61d800c816d48d1dfdcad38699a33d116b7218a7b0921ddc7f92c4f0f9624c52
MBPP+,CoreFlow-q224,42,mbppplus-14,False,FAIL,611c0ef79a2661029829e7afcc9818f9a87e10ef048e29bd86f81fbf3df9b21b
MBPP+,CoreFlow-q224,42,mbppplus-141,False,PARSE_FAILURE,6f7163187b83f4168ceb4faa4e0158db1e06ab40b441dc578564bd90f71b273a
MBPP+,CoreFlow-q224,42,mbppplus-142,False,FAIL,56bba4a3c662ea9756c62af43d72178354f8a018fe3cf58f9ecba68eadd852e4
MBPP+,CoreFlow-q224,42,mbppplus-145,False,FAIL,1448090928a38a6abf9dc16acbb07222e4191066d87c4c6442bb779a450f087d
MBPP+,CoreFlow-q224,42,mbppplus-16,False,FAIL,fdaf43b7f34576e08f2d9248c7affd002d268e00470021c827485dc31ce2efa1
MBPP+,CoreFlow-q224,42,mbppplus-166,True,PASS,545e5058b77c1fc34d81c4e138bfe06818c0f66d5a5be1bc8bb0eed34dd97ae5
MBPP+,CoreFlow-q224,42,mbppplus-167,False,PARSE_FAILURE,f4e281c6e56cef49ea13773a5255171dbe338a44a1cbaf8b5753c3cb59ebfc70
MBPP+,CoreFlow-q224,42,mbppplus-168,False,FAIL,ead1377d8391ace5a441ebec56e371f66c84261b746c7f04f5e9142393398198
MBPP+,CoreFlow-q224,42,mbppplus-171,False,FAIL,1303b59961532544dd8b66cb40fdde0f0ae1f8d4cce62db1cbde91497585b636
MBPP+,CoreFlow-q224,42,mbppplus-172,False,FAIL,d5262ce9c945eb739772b6220153d0dc111751d176c1e06ac1f4052e6c2c1a03
MBPP+,CoreFlow-q224,42,mbppplus-18,False,PARSE_FAILURE,ec0dfbfd494e6830b3e15e44b7c1cf53997254fc89c3073ba9889dbc1eadf62d
MBPP+,CoreFlow-q224,42,mbppplus-20,False,PARSE_FAILURE,c88de082482c7da81cec64e63a0674f114981ba2780a70350d7c97761a17cb0a
MBPP+,CoreFlow-q224,42,mbppplus-222,True,PASS,fb1c9421859052c012de42de4ef142c13e25aff47cc8b8872cc81049a6e989b2
MBPP+,CoreFlow-q224,42,mbppplus-223,False,ENTRYPOINT_MISSING,e012a90c79e069047786ce3d01a710ecc6bd71882cc7432e6717f95f5a9b7d5e
MBPP+,CoreFlow-q224,42,mbppplus-226,True,PASS,6a877f48e8e7b14664577d18de20b551df53bdb032a76bd5191a9c133ed08882
MBPP+,CoreFlow-q224,42,mbppplus-227,True,PASS,531d5bf98a57f24b00d72451c50e783c7c75643074b36f7c20bdfbc955941fae
MBPP+,CoreFlow-q224,42,mbppplus-230,True,PASS,8c2ca5a3e9da851a8b42231c8978769232e360fbf65224785708ac6508718208
MBPP+,CoreFlow-q224,42,mbppplus-232,False,PARSE_FAILURE,683c8dcfaa23e7d0899cb957a875dfa6fe7d438f7eebd8b615414bbf21aa78a1
MBPP+,CoreFlow-q224,42,mbppplus-233,False,FAIL,2d5d9b3af18de216df90c6603786bb77595c6614b36fc4c8d7acd3270ee509ee
MBPP+,CoreFlow-q224,42,mbppplus-234,True,PASS,32fc0d6ae3296ae139aaed0af985da6aef760ba35ea8456ba6ee26f4a633f9b1
MBPP+,CoreFlow-q224,42,mbppplus-235,False,FAIL,0a9774bce89e6b0370f1e9dcad2ea0198ef796fe0c8f505aae8d2f7bd94a9c9c
MBPP+,CoreFlow-q224,42,mbppplus-238,False,FAIL,97ed1b2f570eccd0a538f1a2c30162bc6a033eb0dbceadc6625bc2cd5956e683
MBPP+,CoreFlow-q224,42,mbppplus-240,True,PASS,7d8f39f2f346f61f2b28e391d554c1b0881fab820507a22a8d417922bcc1c562
MBPP+,CoreFlow-q224,42,mbppplus-242,True,PASS,a69daa754394fbf2742a35df3805f7ebd1c78848d2857f01461724c067329c08
MBPP+,CoreFlow-q224,42,mbppplus-244,False,PARSE_FAILURE,9f755d61ecafbc23af0b80730753b33b67c97da94e599c4a2fbff2c9ecde9b02
MBPP+,CoreFlow-q224,42,mbppplus-245,False,PARSE_FAILURE,1789af82595a6bbb8dfb679fc92f1c9f2200d6558051a5ceb3c0b5e7ec2216c6
MBPP+,CoreFlow-q224,42,mbppplus-247,False,ENTRYPOINT_MISSING,daae7cffa22fcef1fd2bb3f062a75209b04fd6f79ee41a3b025dc94e3669cf56
MBPP+,CoreFlow-q224,42,mbppplus-251,False,FAIL,5add10a4534c5bc351a45185d403d8142ab206f152573f316d161eff6c2c9417
MBPP+,CoreFlow-q224,42,mbppplus-253,True,PASS,1c393336be7354127e4da56e93911a71464a0839b041aa414e70f7602c1480c6
MBPP+,CoreFlow-q224,42,mbppplus-255,False,FAIL,aa1d8037ed56927f9e875930acf3ae88adfa978381f789fb2f2ae2d2e479c3ff
MBPP+,CoreFlow-q224,42,mbppplus-256,False,FAIL,e4963c6d3b66ceb250d0fcf74ba86a84a424f73faf83ca7dbf8220d0c2f55a39
MBPP+,CoreFlow-q224,42,mbppplus-257,False,PARSE_FAILURE,0b4437bbd8c23893c03a71889c4a9085b0a6c4483797bd8e444282587a4abfd3
MBPP+,CoreFlow-q224,42,mbppplus-259,False,FAIL,0777f4f0f5a7557def3239837b29836ccdf89077f6877a5e326b65f9ce10cb32
MBPP+,CoreFlow-q224,42,mbppplus-260,False,PARSE_FAILURE,b9eb1bc0d71a3ee2be94b78e77d030dcb81ae842ec1334a31f1559833518266a
MBPP+,CoreFlow-q224,42,mbppplus-261,False,PARSE_FAILURE,c11c0b7461c4e93f70930181ce49ba0ea52204bc62e7a6a014fd4349903da707
MBPP+,CoreFlow-q224,42,mbppplus-262,True,PASS,728936071af45d7fdd82b467a1031a520aff6ebedfbefb2c29502b356d2b32dc
MBPP+,CoreFlow-q224,42,mbppplus-265,False,PARSE_FAILURE,7092664ae3258f8dbfa1a93eccb3c20a74a6e66acce2ae6f30264ee55a8a4051
MBPP+,CoreFlow-q224,42,mbppplus-267,False,FAIL,f01293f56172f6660d32926a23916b752eff619ebae3deb66424676562fa8e05
MBPP+,CoreFlow-q224,42,mbppplus-268,False,FAIL,b6ab009095bdcc99fb1aaed5ab7e32d5393076db3094e9064f2496aa865d8a74
MBPP+,CoreFlow-q224,42,mbppplus-270,False,FAIL,ffa610a88719556ac6f1e9bb07888032d289e7e8758ad36111722c055890cdd0
MBPP+,CoreFlow-q224,42,mbppplus-271,False,PARSE_FAILURE,0ea884ad60c596cbe0cdbdf8d082a466f608cfe7d3f0fbd4eea725e4a0ca9b86
MBPP+,CoreFlow-q224,42,mbppplus-273,False,PARSE_FAILURE,2d173f80523cb0d374fae0f44b0a8442d0c176ff95d48e856345ced8e2f6bbf7
MBPP+,CoreFlow-q224,42,mbppplus-279,False,FAIL,857a0ab9023a9387e6d23d01d13ca57c2512315407c4547cb275f033701d6845
MBPP+,CoreFlow-q224,42,mbppplus-280,True,PASS,50186a43c7ca8a0ddfd983ba6d610afcc8044d1e4f472651fd358bafd772b82d
MBPP+,CoreFlow-q224,42,mbppplus-281,True,PASS,bfe263faf6f040cdbfee0feb62660b0431e9cbebe9cc075a61ddef19513746a9
MBPP+,CoreFlow-q224,42,mbppplus-282,True,PASS,5f8fd2124d9d17d26f036b138364fe9461fa7fa12cfdb4c4df4e40153f1264f8
MBPP+,CoreFlow-q224,42,mbppplus-283,False,FAIL,bdab6aab0fe3022b3a17e43c9806594e2960d7f3372d072015299ba32243c13a
MBPP+,CoreFlow-q224,42,mbppplus-284,False,ENTRYPOINT_MISSING,e089396a5ccce746c11343e16e03f6ff9a2f57f87061b959edc03aed89465807
MBPP+,CoreFlow-q224,42,mbppplus-285,True,PASS,b570aeb7c63e47232550aff7af1c24657484695d3cb1c3afec941848085597e9
MBPP+,CoreFlow-q224,42,mbppplus-286,False,PARSE_FAILURE,d3921447f750cbfab72cd8bcc613d69ef319f7002aac40cfa464901fc01cdce7
MBPP+,CoreFlow-q224,42,mbppplus-287,False,FAIL,7b3a3d3fe3e726f6c10ee97fbab1866ac62fd7abd0ae5a717cafb3599611ce67
MBPP+,CoreFlow-q224,42,mbppplus-290,False,FAIL,9fda9fc67bebfbecc5b203820d80213777d6b14f066604592d6e66bc313e30e2
MBPP+,CoreFlow-q224,42,mbppplus-292,False,PARSE_FAILURE,671ca7619dcf0ceee58a60919297847b8853ef09336f8f35bda2ccb189cded58
MBPP+,CoreFlow-q224,42,mbppplus-293,False,FAIL,642da873084df52fa724f559bece1a1e7857fc37371b1907fed7cb47b49400b8
MBPP+,CoreFlow-q224,42,mbppplus-294,False,FAIL,767e0b48f277720bdfd2df3c71d88d25e019963df5fadf89d0f3ea2f09f6dd11
MBPP+,CoreFlow-q224,42,mbppplus-296,False,PARSE_FAILURE,d963a8482cef55f7349398255466e328585a2b3a5a7a9e8b6bd1f01ef577407a
MBPP+,CoreFlow-q224,42,mbppplus-297,False,FAIL,f664524a749f73de324850f49447108fd262afdc2158e331100a85174d841ed0
MBPP+,CoreFlow-q224,42,mbppplus-3,False,PARSE_FAILURE,cf9acabd899ffcc2a7ac1c669abb441c0777daceea751f0ce9c14faebe046416
MBPP+,CoreFlow-q224,42,mbppplus-301,False,FAIL,c1a2f01432a6877a4c0476a55d7db6fc24164d50c17c4f5f531a7a450e507e7f
MBPP+,CoreFlow-q224,42,mbppplus-305,False,FAIL,fc18295170d96dacc8a0a022d60dc60f6480d0f556a6f465951d42818a33269b
MBPP+,CoreFlow-q224,42,mbppplus-306,False,PARSE_FAILURE,9b5301b1cdbe24c7acb7579b367af74baa428932fb669143cff1693f28bf5d72
MBPP+,CoreFlow-q224,42,mbppplus-310,False,FAIL,166a5fdfc685e707928044019bc6d3e6d62e46caec6e4f05e9bf7c912a53113e
MBPP+,CoreFlow-q224,42,mbppplus-312,False,FAIL,0e7f39bb84ec39e193b06cd9fc8b262f7f31c695d936059b7416221559c4e700
MBPP+,CoreFlow-q224,42,mbppplus-388,False,PARSE_FAILURE,30f1cbd0b43192f4fc25f4e203ec7f1b16444d08ac139375e6a7656f464a4a48
MBPP+,CoreFlow-q224,42,mbppplus-390,False,PARSE_FAILURE,9eea6434555ecff8d341e42307860635cf98360b244d8182cf4dfc8aeaab61d4
MBPP+,CoreFlow-q224,42,mbppplus-391,False,FAIL,081756d4eb4183514df1dd3a4ae5ecfdd79e3d06105942ed8ef30f00dc6a4e90
MBPP+,CoreFlow-q224,42,mbppplus-394,False,PARSE_FAILURE,719e9158498f988fdc260f1e0f47f37e98f153322e32b956b6af9d7b27877aa0
MBPP+,CoreFlow-q224,42,mbppplus-397,False,FAIL,fcc11ab20af3deef4af855c6612c47572b7b6de4a9ab4d33cd23078841bf2b20
MBPP+,CoreFlow-q224,42,mbppplus-398,False,PARSE_FAILURE,d59d503110adbd9d180127ad5cf68cbe638ebb41347f109e035319dc4349cdd6
MBPP+,CoreFlow-q224,42,mbppplus-404,True,PASS,9ee03216b11c6bf6b68c0b0898943222e3031655318195b7c0302aada490d4c3
MBPP+,CoreFlow-q224,42,mbppplus-410,False,ENTRYPOINT_MISSING,b546f4e47c2b49460da030fc5aa89f65605534ea19acd8474d609aa39411946d
MBPP+,CoreFlow-q224,42,mbppplus-413,False,FAIL,05c3fb572b3657e7b0176e7ba21c801476b7cd471442c78cc2718a51a64dad34
MBPP+,CoreFlow-q224,42,mbppplus-414,False,PARSE_FAILURE,7962662df7419307b3c2be509ec4de9b640e1399d6769559a25d7fdb9e51b453
MBPP+,CoreFlow-q224,42,mbppplus-420,False,FAIL,9708fe646320cc166ad13ce007c29c597c5457713445e85da705744829067c48
MBPP+,CoreFlow-q224,42,mbppplus-421,False,FAIL,cd21b32429bca81b328bdf86f9475da10072d94b54209beeb4e578db100b5b8f
MBPP+,CoreFlow-q224,42,mbppplus-424,True,PASS,f624dbfdbfcb0c331e216a40996e72ccc7813af63256c449844cd4697c970cfe
MBPP+,CoreFlow-q224,42,mbppplus-425,False,FAIL,78d8c4ebe12f987134374d91169b5e323fe44cdb0131dcee00ac362ea8aa4aa7
MBPP+,CoreFlow-q224,42,mbppplus-426,True,PASS,6a91c36815239dc98976fe81a3687901816dfcfa937347ad5d499fb880c62839
MBPP+,CoreFlow-q224,42,mbppplus-427,False,FAIL,e812913d20eea1c7597cc0c5307d38a5533dd70cea52bfd0f937153b37cf72af
MBPP+,CoreFlow-q224,42,mbppplus-428,False,ENTRYPOINT_MISSING,0cd5cfb45e4b93574d4fa89daca4df53383aa21cac0b3bdd7c4772f54d0b9c86
MBPP+,CoreFlow-q224,42,mbppplus-430,False,ENTRYPOINT_MISSING,d4327a919366f2183cb46e32acaa0972793d9301cb25917584fe56ac0092de9f
MBPP+,CoreFlow-q224,42,mbppplus-432,False,ENTRYPOINT_MISSING,f97bd1c019a03ae9d8557b0ed360bebaa457f6bbe5e51ce6fabc27aff40e49d3
MBPP+,CoreFlow-q224,42,mbppplus-435,False,PARSE_FAILURE,e74100c9d78c9c281007542844959871dd0c5f04ce363ad15cf7685c54025341
MBPP+,CoreFlow-q224,42,mbppplus-436,True,PASS,44405efece0905f5d4b0a2697ad64d7a6796bca82769fecf17d5568c717ba8eb
MBPP+,CoreFlow-q224,42,mbppplus-447,True,PASS,59e2dfd69a96ef7bf1b913d1b4a63277a44ea224552b1c9c24f3190a6c18d8ca
MBPP+,CoreFlow-q224,42,mbppplus-450,False,FAIL,26eba742aa1dba32b6786d40ee119fa42feb9f9a68b3cbac59fe65f5680bc612
MBPP+,CoreFlow-q224,42,mbppplus-451,False,FAIL,2b148b00ea67e7cb36a121324b989b6f3b7c74399216453d6b82b7bd77ed816c
MBPP+,CoreFlow-q224,42,mbppplus-454,False,PARSE_FAILURE,f61c513d06dfb0ce5f8883447e69be17ab3d4c9111539d8406ecbffeee0b7ad9
MBPP+,CoreFlow-q224,42,mbppplus-455,True,PASS,d2d243cc10cfc16f463ea3b747dc882ca9c8a612e592a998e02a28377021cae1
MBPP+,CoreFlow-q224,42,mbppplus-457,True,PASS,9b9b28d86fa04a047ac8c31778d7878add7397f2ebcc57b2eed099720027e8a6
MBPP+,CoreFlow-q224,42,mbppplus-459,False,FAIL,f6792f044224f211710489de8e7de8d0c36b25bd4afb196867f43928c72b0f10
MBPP+,CoreFlow-q224,42,mbppplus-462,False,ENTRYPOINT_MISSING,73236e53ef3c3485dc63fefa9172374580e63f4182644d859b29547c29e0e866
MBPP+,CoreFlow-q224,42,mbppplus-463,False,FAIL,89854e60c170d2e0d9e6623e2b3d922b50c730d241a0fae6e6dd0d1e97257cd1
MBPP+,CoreFlow-q224,42,mbppplus-465,False,FAIL,5a0a02db4fa519eb152d42a23c8ae9fbf64cc815ef499e3edc4ed0a523ae8cd7
MBPP+,CoreFlow-q224,42,mbppplus-468,False,FAIL,742e34ae6efc0a04abb3d3e15fae39f82ee3b4bb22a0f0228c8e5fd38eea54d3
MBPP+,CoreFlow-q224,42,mbppplus-472,False,FAIL,62b956ca87ec800f8b66aebf613c4ceb88df1ff1c69094d1f1f65d81249dbb55
MBPP+,CoreFlow-q224,42,mbppplus-474,False,FAIL,2be6f1f8b93bd9a338d0a832af4623a865b8e52756d108c8125bcef7278b748d
MBPP+,CoreFlow-q224,42,mbppplus-477,True,PASS,647eee256eb4bfb1343fdc99d4927d4be72a892874cd4f60ff341ae8841483e0
MBPP+,CoreFlow-q224,42,mbppplus-478,True,PASS,5d6a428e683b36ce163c47f2edf30d72bd4058b9b698db0f6549c9a0358ce26b
MBPP+,CoreFlow-q224,42,mbppplus-479,False,PARSE_FAILURE,75d9c1a4c048b1aafa98fb453a65e70d4d08eab12e8639c63f2e979312dbadbd
MBPP+,CoreFlow-q224,42,mbppplus-554,True,PASS,ab3eac72cacb22e7d48f7ffe400e751699be1d56737693a1c4352b50fd9477b3
MBPP+,CoreFlow-q224,42,mbppplus-555,True,PASS,88ed4927b75bea6ef5632d3b047c20ec28c9ea7b855bade8438bdaac49fe1ef5
MBPP+,CoreFlow-q224,42,mbppplus-557,False,PARSE_FAILURE,a614ebfac5a380676736c1df7bd65541d76d1e38f82698e33294705b8de4690b
MBPP+,CoreFlow-q224,42,mbppplus-559,False,FAIL,432bc390285224c829802b8a540d1940c942d9db3cbf21040c4e51ea27d55df1
MBPP+,CoreFlow-q224,42,mbppplus-56,False,PARSE_FAILURE,0c8bd1ae4bfa3cd769c47fa9e2731046a7c0938b95777a2b895bd9daf830ed8f
MBPP+,CoreFlow-q224,42,mbppplus-562,True,PASS,e00360aaab8045611b4e0063519108204b654e876fc3bfd7d6bf72f2c517581b
MBPP+,CoreFlow-q224,42,mbppplus-564,False,PARSE_FAILURE,7fabd024fff4ae81f7c99380dcb2f059fb2146757bd9a5688c9b74c9492a65ab
MBPP+,CoreFlow-q224,42,mbppplus-568,False,FAIL,1e1842a93952ea4402c34c8b63513c4637cb73fcc563f40be0673b6ed14bc05c
MBPP+,CoreFlow-q224,42,mbppplus-569,False,ENTRYPOINT_MISSING,bc190d43a24b385e781792a0131494d81d084ecb3c6e194af9fc2e7295c5eaba
MBPP+,CoreFlow-q224,42,mbppplus-57,False,FAIL,daffd83bf454ee33b60fb0f4d7e5c8696dfe1e0a83ed8570a180bd48a87c9f79
MBPP+,CoreFlow-q224,42,mbppplus-573,False,FAIL,d8bf31d0d63c6c68439e2c8bf330aa643638bdbde4556592ce9f040ef89d5228
MBPP+,CoreFlow-q224,42,mbppplus-576,False,FAIL,94812c910be2973db999b12442c19831bd5bfdb49bd4b5114c335c6d82abb351
MBPP+,CoreFlow-q224,42,mbppplus-577,False,PARSE_FAILURE,01f1bcbe41ee19b082429d5bd12f7d97774943a8f084c7b8453bee882512ee2c
MBPP+,CoreFlow-q224,42,mbppplus-583,False,FAIL,fba000e3eac216bc44ed151b5bb7f41dd4922c48c4c1deb6164db6285561e792
MBPP+,CoreFlow-q224,42,mbppplus-586,False,FAIL,c1718341e2fff0a25290c5c6395bfed45abcd1b116eda9a9ab61728361c815a1
MBPP+,CoreFlow-q224,42,mbppplus-587,True,PASS,cee02073c02c63601c29e425e0779917e871a6b780d686595204c5e3b2d960ab
MBPP+,CoreFlow-q224,42,mbppplus-589,False,FAIL,8e925b6f22235fbb0f70c3b54a2070d0a2a0399508b231856af99def096a98c0
MBPP+,CoreFlow-q224,42,mbppplus-59,False,FAIL,01d052ca62a3ca689d18bdf7849aafc61850c19d99aa04754be27480810ae9f9
MBPP+,CoreFlow-q224,42,mbppplus-590,False,PARSE_FAILURE,5e4bd9fa6a126e449612a21db07a7d1151188b450fae797b1b426ea77e9b37c1
MBPP+,CoreFlow-q224,42,mbppplus-591,False,FAIL,37ed77550c9fa6266cff7d0c1afdf1cb92b23dbf38ecc583d601e29af7b483f1
MBPP+,CoreFlow-q224,42,mbppplus-592,False,FAIL,6ac2d71b557ecd90b37e4f6404ccb18a179dda2102f175d0e9ff870158a1bf0c
MBPP+,CoreFlow-q224,42,mbppplus-593,False,FAIL,90db944428d97a0e45369c3798e51d975e785d2babf77349ccd7a0b9a73f6ba4
MBPP+,CoreFlow-q224,42,mbppplus-596,False,PARSE_FAILURE,3157618174cf0c0e84a8e7733924a6495a6a4a023782532915c6553f83ad3727
MBPP+,CoreFlow-q224,42,mbppplus-598,False,FAIL,30c5041c62c010ba1b4de18edb4d6c95c7e171be4dfc7418c5e006c79a9d95ab
MBPP+,CoreFlow-q224,42,mbppplus-599,False,PARSE_FAILURE,77225cae177b45d0a827967c6b918d37d570b591975499807614495e0b713de3
MBPP+,CoreFlow-q224,42,mbppplus-6,False,PARSE_FAILURE,f27963bb9391be146400bfaec2e14573545596ceeeb95ea0ba27415e6a1ae110
MBPP+,CoreFlow-q224,42,mbppplus-600,True,PASS,43c2a6ccc2056adccaf998f5ab299ea4de8bca44fa9a4fe126a6d18fdfacc82c
MBPP+,CoreFlow-q224,42,mbppplus-602,False,FAIL,e8cafb5f6fcfcdeb93bc06f44dec4ab73d2c82147cc4c22271bbedcb4cf6e77f
MBPP+,CoreFlow-q224,42,mbppplus-603,False,FAIL,ac124547fe2afe9665ce8e43e4f0c320560a0244a2ac2c8baeba88b97617347f
MBPP+,CoreFlow-q224,42,mbppplus-604,False,FAIL,71a8c6096c7de37b0dd7d4a2d1eaa1f06fbf5951b90f48e90e194de4341c19f5
MBPP+,CoreFlow-q224,42,mbppplus-605,True,PASS,5380cc0bbf889d2936662b8abbe5e2331cbb2e2dcbf83911d583946f7856105b
MBPP+,CoreFlow-q224,42,mbppplus-606,False,ENTRYPOINT_MISSING,67e126cfae32c0f735c042ef9bb89c01a0827f3f764e8af737bd74b1d40071eb
MBPP+,CoreFlow-q224,42,mbppplus-61,False,PARSE_FAILURE,a5f14304ec138d50520feb3a7df4c420ffdfdf799d31a6cb6ca3fe906c6b7ca3
MBPP+,CoreFlow-q224,42,mbppplus-610,False,PARSE_FAILURE,ed5ec38da43c0259f93b6f1dcbcb5fd29ae88c3f045985632ae7c0cfe1831f0b
MBPP+,CoreFlow-q224,42,mbppplus-611,False,PARSE_FAILURE,e3f730d5153d59b0e7f72e96c44e45bf07af6c687160ef5c0465e722fcd6dc9f
MBPP+,CoreFlow-q224,42,mbppplus-612,False,FAIL,8608629d7146c30ad97d1feccf1547fd295ccf2c69fbdb84e66bc4ddbf9c6691
MBPP+,CoreFlow-q224,42,mbppplus-614,False,ENTRYPOINT_MISSING,f3cf0aeb19cb977c4e499f3e98f0d1c3e11c67ffec2cb21f248f046061a78f48
MBPP+,CoreFlow-q224,42,mbppplus-615,False,FAIL,c48eeef0c4ca8a698e1fe5b7bebeac589c7f9165c4aafd7d2bdc48249c61124e
MBPP+,CoreFlow-q224,42,mbppplus-616,False,PARSE_FAILURE,53a29fd64b8230e7c251ca76f5c9720126e4692d31dc5a49d3741a1f1f88368c
MBPP+,CoreFlow-q224,42,mbppplus-618,True,PASS,d5f8c71dba569996374b5916a475796187c662d84a8d11603502df901eb86406
MBPP+,CoreFlow-q224,42,mbppplus-619,False,FAIL,34d991666485094a8456f0fcad0dcbe4baafb16bb35936fc39b72b090924f9f7
MBPP+,CoreFlow-q224,42,mbppplus-62,True,PASS,ae02c1d28c13fa4e4c042fe9e75ee6ac3a5c2ede4d584ff26e97831404448c24
MBPP+,CoreFlow-q224,42,mbppplus-620,False,PARSE_FAILURE,aeed94f9c513de1920d016dc8a697b37eda70c68b48ecf74a47607a8b28980c3
MBPP+,CoreFlow-q224,42,mbppplus-622,False,FAIL,a0f476a6ff0034e2874afcc79c71abdaab6db45c8820deb34e72334a07b2cde1
MBPP+,CoreFlow-q224,42,mbppplus-623,False,ENTRYPOINT_MISSING,ca9d14d64318519b65ec11e34da4d301c7f953d5e5998a48547bc89b9dcbe402
MBPP+,CoreFlow-q224,42,mbppplus-628,False,ENTRYPOINT_MISSING,7a55c79d8a4a5749ac7144ac5b3e4b724a18d70a4bbe4331308f90d52398cda7
MBPP+,CoreFlow-q224,42,mbppplus-629,True,PASS,99429b0478a9527936e015e0306cd5619476e000d9d030fba17c2436205a07d3
MBPP+,CoreFlow-q224,42,mbppplus-63,False,FAIL,6b7e98b862421210ac242fef9ab25663012b0453ce741679729d4f159f568a9f
MBPP+,CoreFlow-q224,42,mbppplus-637,False,FAIL,46d70cb658e8dd0300ea623b80510f16454fb7395c1b288dffe44eacff52b03c
MBPP+,CoreFlow-q224,42,mbppplus-638,False,PARSE_FAILURE,87db15a324b0f14469095e76ab544d9ac67332b3d801bae5a9c11ce478224208
MBPP+,CoreFlow-q224,42,mbppplus-64,True,PASS,f395fa7977a97d1865fab5cd9e25fd1a9871142880fa9fdbff7275b3bce1e3ef
MBPP+,CoreFlow-q224,42,mbppplus-641,False,PARSE_FAILURE,d5a2b4502eb9af51c5c66a09a4dee77b2653f8632e5f743a119142709118f87e
MBPP+,CoreFlow-q224,42,mbppplus-643,False,FAIL,71a26985d626ade47a4ecebb5dcfe15ea77c53849ca654b2d0bd8b30f60032b9
MBPP+,CoreFlow-q224,42,mbppplus-66,True,PASS,ab56a9fb66895677d35f9b5c197f60395fcf1d6365977e4ade71f89e0f1fc5cc
MBPP+,CoreFlow-q224,42,mbppplus-67,False,PARSE_FAILURE,a943aad6026fd0a2621ebb674bd731bacd84d1b0c704af83e8af5cdf94035d75
MBPP+,CoreFlow-q224,42,mbppplus-68,False,PARSE_FAILURE,3d64a0131eeb6d0bb5bbe5b4903438c10690941344086a92df08ed929806ad56
MBPP+,CoreFlow-q224,42,mbppplus-70,False,FAIL,748d0cd22b55d177bdbffb3abed91071436dc1de00bc84537bb6216f07b81447
MBPP+,CoreFlow-q224,42,mbppplus-71,False,FAIL,061e435233804172a9e8864121fa6cc28208c5a10accd5f76b2cb193334f233b
MBPP+,CoreFlow-q224,42,mbppplus-72,False,FAIL,17bac73c2d03d6a451ade496aa0e0f27946b1170bca113c230f011d67b0276f6
MBPP+,CoreFlow-q224,42,mbppplus-720,True,PASS,bfa747c8062bbe18f31c6ef964e731d6cd2d65379cbe68ded710a4aa14d77911
MBPP+,CoreFlow-q224,42,mbppplus-723,False,PARSE_FAILURE,bc1adb024fa6356d196f99a35df7e60da4ae42498a3536f35976fba0fa0a72c4
MBPP+,CoreFlow-q224,42,mbppplus-724,False,PARSE_FAILURE,379e5146e8f8845d5097561f7540e706384ebf7544d2036fecd7c0107b69c1e4
MBPP+,CoreFlow-q224,42,mbppplus-726,False,PARSE_FAILURE,95a1252dc99ece9d0be7d51851022628288026c7e49c561077ce7ca3da42c29a
MBPP+,CoreFlow-q224,42,mbppplus-730,False,PARSE_FAILURE,c96adf021fa726ad2f90dcc4ca9bfdaa06a557556c2ec46d64279a9c872fcd9d
MBPP+,CoreFlow-q224,42,mbppplus-731,False,FAIL,90591a325045cb827f86a3c1341282cc610fe4e137deaa623ddff428e1f34efd
MBPP+,CoreFlow-q224,42,mbppplus-732,False,ENTRYPOINT_MISSING,b8807400fa05aae3b07135f85e4e7e933d235f8e54e8b44454476b0649d88237
MBPP+,CoreFlow-q224,42,mbppplus-733,True,PASS,5b702264d1b169d607071931fd9f50e6ad76518844ed0e2c2e2a9ae476431c86
MBPP+,CoreFlow-q224,42,mbppplus-736,False,FAIL,30a002b286bec92816c1563ff1768de4191fbbe025f44b3c827d02ecf96a9957
MBPP+,CoreFlow-q224,42,mbppplus-737,False,PARSE_FAILURE,7ad7a21513147cb4f7309d58eccbc2ccb197d359cbaa901a3d7757e10255b635
MBPP+,CoreFlow-q224,42,mbppplus-739,False,PARSE_FAILURE,cab700e62518f0ec0e6bd5707f86c62655ed984a3badc8f4874d58933486383d
MBPP+,CoreFlow-q224,42,mbppplus-74,False,PARSE_FAILURE,e6fbb2f669866e00e6322fbb3130b74185733fc7a441df3a46072bf7e63e3e09
MBPP+,CoreFlow-q224,42,mbppplus-740,False,FAIL,7a9c865f3a63cde9282d5cd818679874bff3b9d39d8afa52b76e3f1678010d4e
MBPP+,CoreFlow-q224,42,mbppplus-742,False,PARSE_FAILURE,beb624c82f7a9afa242dfa04f57ff4d6425e7768af4cbb00fb92fa3aaa8b0cc4
MBPP+,CoreFlow-q224,42,mbppplus-743,False,FAIL,d05ca346d891ce6444f4dcf20932da7f7ce7b147280d42ace1fd3acfa4a8a7af
MBPP+,CoreFlow-q224,42,mbppplus-744,False,ENTRYPOINT_MISSING,e7ebe90a3f4578e9d6ea1d1c91fb64a71459ada69ebe46655d8360696c5b3c41
MBPP+,CoreFlow-q224,42,mbppplus-745,False,FAIL,eeda8a6758259073ac5fc0164264fc048b34bfc6f80fb975bbfc9032a73f8683
MBPP+,CoreFlow-q224,42,mbppplus-748,False,PARSE_FAILURE,d557d1cace2fa274765dea6b53930970fefb8f1466af3be860de92861cb91b6e
MBPP+,CoreFlow-q224,42,mbppplus-749,False,FAIL,92e0019c3e7715e18e2e6bdbe3ecf3352bc141a602e90d74c1b17a9d653b8825
MBPP+,CoreFlow-q224,42,mbppplus-75,False,PARSE_FAILURE,6111897b76040bdbfc1c289edbb7a2478aef0e46d676424c29b75b76e03af6d4
MBPP+,CoreFlow-q224,42,mbppplus-750,False,FAIL,e0f31b724dd04f007b611bc0dce03bf1630dddb8ee4380d197f62e47e87b1991
MBPP+,CoreFlow-q224,42,mbppplus-751,False,ENTRYPOINT_MISSING,0bb6d7aa7efac04888c82c8c1e35ac5e2e74ddb31c608a90a0c578968ec9812f
MBPP+,CoreFlow-q224,42,mbppplus-753,False,PARSE_FAILURE,41317966a42c31fa771961a00734c5985c4848b0c89e261e963c67d74acdf03f
MBPP+,CoreFlow-q224,42,mbppplus-754,False,FAIL,0a58455dbf8daf8442555c6dd3d68c8166d3ff433840d11ed600d47b2c227d57
MBPP+,CoreFlow-q224,42,mbppplus-758,False,PARSE_FAILURE,f70e544d98ab0278c0c7c072d6e472cc12052901052fdc32ecd136458d7fd457
MBPP+,CoreFlow-q224,42,mbppplus-760,True,PASS,366a80c201801d25d1274ff1f03242493f6208a2837dd96f9e584291649b012a
MBPP+,CoreFlow-q224,42,mbppplus-763,False,FAIL,91d42098b42f94a2c5af2cc48f58f6d1ffbcb94c81fe9fc404be9b5092eb9dda
MBPP+,CoreFlow-q224,42,mbppplus-764,False,FAIL,a329bf0c8e6dbc15355c48bf9c3d8f0f38c4317f1c352cbdda5c34d491bda04b
MBPP+,CoreFlow-q224,42,mbppplus-765,False,FAIL,9e6fffefdc5ab6c8f23eea4b19791c13fada9d033e9f1c28bc5621cec1c9f47b
MBPP+,CoreFlow-q224,42,mbppplus-766,False,FAIL,5cdf9fed4a9adc2804f37ec880849a5ba7217495ca303f098923b6d9e7fd0341
MBPP+,CoreFlow-q224,42,mbppplus-767,False,PARSE_FAILURE,c0c367c4e5051711cfeb896b28d486da88822217650a67c6d07c76d2eff98b80
MBPP+,CoreFlow-q224,42,mbppplus-77,True,PASS,ab6d070b04652d9441e4b90354ef0aa8d8c4fcc71a54accd0ed3a53b6f8fc6b0
MBPP+,CoreFlow-q224,42,mbppplus-772,False,FAIL,4ff4450cf7eb29d991e00a6d18ace59cd6d9162f89c861bd15d9a263f987ee44
MBPP+,CoreFlow-q224,42,mbppplus-773,False,PARSE_FAILURE,6112e0b8a9a1ec2af11c398d223f34c882381b88272286908f26f99de5ff277b
MBPP+,CoreFlow-q224,42,mbppplus-777,False,PARSE_FAILURE,5be2061b409196b77fddd79c198c6a4d1181563d703e4e2e012b62468893dcd3
MBPP+,CoreFlow-q224,42,mbppplus-778,False,PARSE_FAILURE,047a4bdcfa3c8f855508043f1c44d9dba23d78db401d84681478928affa29cdd
MBPP+,CoreFlow-q224,42,mbppplus-780,False,PARSE_FAILURE,e73f54f3e6bad4b6aca217038a65b99a3a39df33389aedea2379fc9519480ad3
MBPP+,CoreFlow-q224,42,mbppplus-782,False,PARSE_FAILURE,c4a4fa980879bf1f70ec94746e9b4d4067a308eeb25eb3bef5f76a457317b90f
MBPP+,CoreFlow-q224,42,mbppplus-784,False,FAIL,9cd407d68e1ef6b7c3f145c724bbc067c5605264e7b9b85604f71c4e148c44f9
MBPP+,CoreFlow-q224,42,mbppplus-786,False,PARSE_FAILURE,8fe6c55450df0bb7e011af00e16b5f98e11e75702394cfd0a164cc47567d107a
MBPP+,CoreFlow-q224,42,mbppplus-787,False,PARSE_FAILURE,d92a375299aa0cb7c5f5a08a955e7deb76b20172c10c16a39ab3019bd21dc7e9
MBPP+,CoreFlow-q224,42,mbppplus-79,True,PASS,e8be9ce33432814b488ada74f1a3302efc596a5d6a3438bc701017493e9b3c0c
MBPP+,CoreFlow-q224,42,mbppplus-790,False,FAIL,e33fe5e2f206ad3c6b6ccb0f2349439bd8ae888c406c2668ecc5b50737f86959
MBPP+,CoreFlow-q224,42,mbppplus-791,False,PARSE_FAILURE,b6283308825bdf81a0b9aafb1c618fb45569e3c7930216ff4059027724745e8a
MBPP+,CoreFlow-q224,42,mbppplus-792,False,FAIL,7bab1570a404c6007e003495c06deddf41ffaa130115ff6437f0b7a08c2b40ac
MBPP+,CoreFlow-q224,42,mbppplus-793,False,FAIL,5633da4815e3fde52a377d7dbdc77e80e03198987ca4371fd873a065b4f3d903
MBPP+,CoreFlow-q224,42,mbppplus-794,False,PARSE_FAILURE,2bbbee3cceee25c5ab40a0f90f4fbd5f0076ca7d0a697609158ccaaadb4970be
MBPP+,CoreFlow-q224,42,mbppplus-796,True,PASS,60f14da6968a9fa63dd4d3315feb9a3407a99b81538d17ffcb0087b59560e07c
MBPP+,CoreFlow-q224,42,mbppplus-797,False,FAIL,fee5e7ed42dc9aa7e9bb50c351452c9bc6cdeb96c12210a408c1ab86b961c99d
MBPP+,CoreFlow-q224,42,mbppplus-80,False,PARSE_FAILURE,a0d047d1417059be9579e2f15e4a49ec90c9b88ff9bab1416f187a2d4b31100e
MBPP+,CoreFlow-q224,42,mbppplus-800,False,FAIL,69c34a58406e38bf4a64b5a507ba2e5f57c5e028afc68f002c90b020f02087c9
MBPP+,CoreFlow-q224,42,mbppplus-803,False,FAIL,ff65508ae085ba72bc37f53905ca6237e99127d9778820a0dc1be9b4f063adbd
MBPP+,CoreFlow-q224,42,mbppplus-804,True,PASS,0cf1a996aff648831062571a89ce7f897bf776d722f9588d60b87f71c0ab0548
MBPP+,CoreFlow-q224,42,mbppplus-805,False,PARSE_FAILURE,29bef618075b0afeae3b53723bb9118b125eb95eec8cb86421bdb41d2b0d0935
MBPP+,CoreFlow-q224,42,mbppplus-806,False,FAIL,e77c117837052516a3626c3edd52b27d71f0a7f4032e2101f68107c226302569
MBPP+,CoreFlow-q224,42,mbppplus-808,False,FAIL,467eca8297aaab05e612a38ef228225a910a47218e8329aa15dddc7006849672
MBPP+,CoreFlow-q224,42,mbppplus-809,False,FAIL,ef8ed721fd21d0dbcc6b01f655809f949d211c963b1edb6d0ce2c9f279a44a3a
MBPP+,CoreFlow-q224,42,mbppplus-82,False,FAIL,373a526793d16022a28427e2b657541099b04eef0224d1d630e0b9eca361491b
MBPP+,CoreFlow-q224,42,mbppplus-84,False,PARSE_FAILURE,13b9b1c5ae83a4db8ed5308e9288c9ef5ba03b7fbf00d61b295b2d99d57eb245
MBPP+,CoreFlow-q224,42,mbppplus-86,False,FAIL,8ea3b4d46ce5c6f77f5099246637c22d756374b7f343c1307ee06905ed77e9c0
MBPP+,CoreFlow-q224,42,mbppplus-87,True,PASS,f6c7705a599647fe38f4aeb1d8f707a5c207b185337fe7e671ee9b6617b45dfa
MBPP+,CoreFlow-q224,42,mbppplus-88,True,PASS,13111a40a89a08e93dd92ea0b04dc03f79cd21080d4d94fdc3c53538bad9cd9b
MBPP+,CoreFlow-q224,42,mbppplus-9,False,PARSE_FAILURE,8ba8d7daf1c9eb0de734d6e6ab97003a8a31cd2163f5050aeb67a052a8f07745
MBPP+,CoreFlow-q224,42,mbppplus-90,True,PASS,0e6b6234273fec9aaacf7fc72c8f0e272cab350e4de9a07be2b26720e808ef4f
MBPP+,CoreFlow-q224,42,mbppplus-91,False,FAIL,2ec1c589141b867ee76d1afb7da9722a0f98fe398393a0fae7d7000a6133a567
MBPP+,CoreFlow-q224,42,mbppplus-93,False,PARSE_FAILURE,a33c46b9183bbcc56c29e760c7539a2fd57b5ad3b3082f2aefa8215b22ce0988
MBPP+,CoreFlow-q224,42,mbppplus-94,False,FAIL,103fff2f6a0f868f83935d06706e1a98ccdfe08aaf1f3d69c54f3db2c9de078b
MBPP+,CoreFlow-q224,42,mbppplus-95,True,PASS,c4a6c11da8023f68dfd392508ffc95dba1c39876d2d2d20777f761eaace71c47
MBPP+,CoreFlow-q224,42,mbppplus-98,False,FAIL,72ee4af835b19e1f602a25e61d254cbb256f24c544a794deda08fb9dbcf674cd
MBPP+,CoreFlow-q224,42,mbppplus-99,False,FAIL,0289c31660f5d15a95b7ac90fac093f671342edbec314c5a68126fa25337397f
MBPP+,CoreFlow-q224,43,mbppplus-100,False,PARSE_FAILURE,3348829469452ea96d2eb1c63dceb7bb8d315e5df77c6cd7af6497983def783b
MBPP+,CoreFlow-q224,43,mbppplus-101,True,PASS,58b8a74d86f7bb0a569eb04caacfc5bf3a1c82cb06598409d8bc0a238d5e5168
MBPP+,CoreFlow-q224,43,mbppplus-103,False,PARSE_FAILURE,aaf0df4987b9641d37aa33028f7237e790de47d27d1dca858cd402a40955450a
MBPP+,CoreFlow-q224,43,mbppplus-104,False,ENTRYPOINT_MISSING,4a30e10d21b6cceaac6995f8c5488b7f36c1cb1ada99a51456b99301bacfb913
MBPP+,CoreFlow-q224,43,mbppplus-105,True,PASS,a6aae69ab60476571aed3c66f320f396a5fe35c9ef0aec882c67e6d723eb0945
MBPP+,CoreFlow-q224,43,mbppplus-106,False,FAIL,82fdb659ddf6f2717b108d26dd8cf60851e87998576e92e0633d6064088f4aae
MBPP+,CoreFlow-q224,43,mbppplus-108,False,FAIL,daa92128ab1bb9a0da9bba42018f91675920846411d73144fbfe626f6338aaba
MBPP+,CoreFlow-q224,43,mbppplus-109,False,PARSE_FAILURE,cf27d8ba2e357139398abe846d5c4b283fa1b718b4f5b4476d1ee3833c95580e
MBPP+,CoreFlow-q224,43,mbppplus-111,False,FAIL,48b72f7bdccbba12a8a3a88c265d13eab6071819f5dc8aa87f9c2ae9f6e4dac6
MBPP+,CoreFlow-q224,43,mbppplus-113,False,FAIL,3eb977a6b439b7fae7309c7bb59b0f74858cc8a1d8ba51bf24dc41183849352a
MBPP+,CoreFlow-q224,43,mbppplus-116,False,PARSE_FAILURE,7de8465f631b02f489da79c69e336485af4ee7985584cc9be11ae2efc8269fd2
MBPP+,CoreFlow-q224,43,mbppplus-118,False,ENTRYPOINT_MISSING,1b642defe2bc0264af9542bca37c9ceceafa5488987c429d49de62b625096f66
MBPP+,CoreFlow-q224,43,mbppplus-123,False,PARSE_FAILURE,f912b9b1c24fa6a65c7ea63d3cc5a81be8b651890ba3e256ba89e5e25a887399
MBPP+,CoreFlow-q224,43,mbppplus-125,False,ENTRYPOINT_MISSING,c737a12a8ab1c3e0292d04d8b709ab519237e8865284c15b54cfef0422d9ce86
MBPP+,CoreFlow-q224,43,mbppplus-127,True,PASS,1b67d75c7bb3fd3a3f81615f4b994d57071cfc3b9966b062b7e42bd1c5b967dd
MBPP+,CoreFlow-q224,43,mbppplus-129,False,FAIL,794642b81261b556aa6ea9520cdef04c3421bcc4fc1d7a9b9c1a40c54e7b2e47
MBPP+,CoreFlow-q224,43,mbppplus-133,True,PASS,602144ed8adf8756190a703a65df546178ffa3b74dca9875b80b99e3efc5f771
MBPP+,CoreFlow-q224,43,mbppplus-135,False,PARSE_FAILURE,9580f3ed7bbe202bd6b5d3768afd8edaca68152d5fce76b7b167264bcb6880f7
MBPP+,CoreFlow-q224,43,mbppplus-137,False,PARSE_FAILURE,5a2e7e0d5968b222644a7eaa5b6e3272db0c34c416f630a287a81b9a21505169
MBPP+,CoreFlow-q224,43,mbppplus-138,False,FAIL,4b0a3dbccd4890b86520495519317a44aa770825ccbea16f13b463365a53e2f1
MBPP+,CoreFlow-q224,43,mbppplus-139,False,FAIL,6bff5df6d8855163d0714cae88dc967a550f5d33eeb9dfcdf39df5897d37f413
MBPP+,CoreFlow-q224,43,mbppplus-14,False,FAIL,65f018b12fe1223b5581542b438c84a251b8752c29a5fb06069daca7418db164
MBPP+,CoreFlow-q224,43,mbppplus-141,False,PARSE_FAILURE,2b4bcb41ab57cf8f249ab8396388bcd23df5fee4d29bf8f7e0b905e3ebfa39cc
MBPP+,CoreFlow-q224,43,mbppplus-142,False,PARSE_FAILURE,1b9a3ff0f5bf43f2368ec65d45f0b0b1a7113e3e93f9b1ae26cca2e38b5fc789
MBPP+,CoreFlow-q224,43,mbppplus-145,False,PARSE_FAILURE,5fc9b9312cc8af2a5d3b77e0292f66c39f3445b175752440ab475f53c5798829
MBPP+,CoreFlow-q224,43,mbppplus-16,False,FAIL,0d77f60f1cd1c2be788caf7e59012af07b8472d89e40a3480bf7b88d53780647
MBPP+,CoreFlow-q224,43,mbppplus-166,False,PARSE_FAILURE,5dd215320a20b87ca9526ab5ae7eaffabbdbb0befec7870a29bc0c7a11db8518
MBPP+,CoreFlow-q224,43,mbppplus-167,False,PARSE_FAILURE,dc3e2a77fa1653e2c554b6727d09fc69b718107fb3badb912fb4cc5783a85bf9
MBPP+,CoreFlow-q224,43,mbppplus-168,False,FAIL,42e142c0b72af5bd12e56abb598193c633b79afeb31856c010c81e790c8917f2
MBPP+,CoreFlow-q224,43,mbppplus-171,False,PARSE_FAILURE,abfa31ab0615f17d3fe8c5261510526d79dcf684f90396419bac4a27295597b6
MBPP+,CoreFlow-q224,43,mbppplus-172,False,FAIL,52e360938d5dd63359d413526d8d6991eb1b8b33bd1b85cfe0b854b67dacecf9
MBPP+,CoreFlow-q224,43,mbppplus-18,False,ENTRYPOINT_MISSING,189a7f72f32e83fe50e755dbf2b590f7b9c379171aca715fcf7ebbb3541ee65f
MBPP+,CoreFlow-q224,43,mbppplus-20,False,PARSE_FAILURE,8b8a2056a5acb7fbe22ab13409254ef052cac66f3d6a144b3c3d28f3ca2ef240
MBPP+,CoreFlow-q224,43,mbppplus-222,True,PASS,e3c017a4594f9f8dd79cb4cb7a89f20cdcfdccc7ed9cb22d9b5083340adae7b1
MBPP+,CoreFlow-q224,43,mbppplus-223,False,ENTRYPOINT_MISSING,25343cbe122e993bad841d9b37b771ad3a72e542a4b748a968d120ec5b09af29
MBPP+,CoreFlow-q224,43,mbppplus-226,False,FAIL,63f0bcd1824bee47fd9c2e964b7e19208fa8928c6afe345116538d3c4e0422b0
MBPP+,CoreFlow-q224,43,mbppplus-227,True,PASS,15b220938c171dce411409767734db0c5c3c5e202661fd5388f4f537d0274737
MBPP+,CoreFlow-q224,43,mbppplus-230,True,PASS,5abc25df86f51b6dc032d0e444131d4938e36c5fad7f289c0180f400f08412bb
MBPP+,CoreFlow-q224,43,mbppplus-232,False,FAIL,191a5e9e6176056c7efd3508432969faf17adb99327fc397390e58b11c0aeff4
MBPP+,CoreFlow-q224,43,mbppplus-233,False,FAIL,2f9d16cc552c22ac2e8811855f15085cf2af8b8c316903dc32afd6868c5fa08d
MBPP+,CoreFlow-q224,43,mbppplus-234,True,PASS,028797afe7c71d1347158cee6894911e9a537b6e16f07e3351013721b223a3db
MBPP+,CoreFlow-q224,43,mbppplus-235,False,PARSE_FAILURE,d0e0908224beda7f5237a20f2b3e37c12d8d0315c229112473aeff12b22a0e3a
MBPP+,CoreFlow-q224,43,mbppplus-238,False,FAIL,07219f1437ec9bb7c3b9d1c2c1a5853ca808a29b7cb729d9d2348f98bf3d37a0
MBPP+,CoreFlow-q224,43,mbppplus-240,False,FAIL,4275ba6e4aef907c606442ad22312d2d89a2c8a55e9b56b3de4c29d7d9d91c26
MBPP+,CoreFlow-q224,43,mbppplus-242,True,PASS,057a91a741c9691152acf4a934ad2bde4c3d6fce9b9c16c4c706c56a6bcec215
MBPP+,CoreFlow-q224,43,mbppplus-244,False,PARSE_FAILURE,5b97490e03b4cb6ba10df4925255244114ec578e019b24334243b6008eba20d7
MBPP+,CoreFlow-q224,43,mbppplus-245,False,PARSE_FAILURE,e724f2e4d64acef2e48a60c5363cf4f6f49d71a4f48ad5da444b99c2ed483a51
MBPP+,CoreFlow-q224,43,mbppplus-247,False,PARSE_FAILURE,58442958c7bfa8f731e5bdbd065b7930d1c1c454e906eb09f40b4f0b13f630fb
MBPP+,CoreFlow-q224,43,mbppplus-251,False,FAIL,4e6483b8c6d1d013a4bfc2535c55027b91c93690f88d5209114f91c769ce3db1
MBPP+,CoreFlow-q224,43,mbppplus-253,True,PASS,8d7c96e8756915f8955839577db533c85abfff9ab6a8e8c9de2d3e5382d9fc3c
MBPP+,CoreFlow-q224,43,mbppplus-255,False,ENTRYPOINT_MISSING,e0026733aa2fa14e3cc281ff475c439ed857a9bb733187dc74e1011442fda5e8
MBPP+,CoreFlow-q224,43,mbppplus-256,False,PARSE_FAILURE,cb8eb06e35f871fa56b0c3a0ec728b169fc7ebb2203fd8685a8e2834a8075241
MBPP+,CoreFlow-q224,43,mbppplus-257,False,PARSE_FAILURE,0b4437bbd8c23893c03a71889c4a9085b0a6c4483797bd8e444282587a4abfd3
MBPP+,CoreFlow-q224,43,mbppplus-259,False,FAIL,ac7deb8646c98eb47873229f608826e016808b3a11bd8ea4e0c7c2fe88949b76
MBPP+,CoreFlow-q224,43,mbppplus-260,False,PARSE_FAILURE,b62f38d4f6ee998ec5085d3a7e716c8b7f6d103e11dcf2c1628533da2e541c6c
MBPP+,CoreFlow-q224,43,mbppplus-261,True,PASS,284bd4e141b77b2543fe1911758e996da06fffef0ae0bb6368bde77cad80e617
MBPP+,CoreFlow-q224,43,mbppplus-262,False,PARSE_FAILURE,de80fa0f29570b483592f6cf9374f42c0bcc65a739b91730fe208cf2c11d9fd1
MBPP+,CoreFlow-q224,43,mbppplus-265,False,PARSE_FAILURE,ea772c139b81aef1f012d1b8f7c8bf4234a115faf56be8324fe19182f5aa303f
MBPP+,CoreFlow-q224,43,mbppplus-267,False,FAIL,a985aa6d983fcf779e8957aa8fcdc179b30efc71c3069a6f5f4afbd288bd35a4
MBPP+,CoreFlow-q224,43,mbppplus-268,False,PARSE_FAILURE,89d42a470964ac4b65f6b423a7b4972a3610323f99de16bbc08a0583ceebdf75
MBPP+,CoreFlow-q224,43,mbppplus-270,False,PARSE_FAILURE,b341d81bde9e273c8c0400feb763294f17d867be0101260c796832388aeb8f25
MBPP+,CoreFlow-q224,43,mbppplus-271,False,PARSE_FAILURE,0ea884ad60c596cbe0cdbdf8d082a466f608cfe7d3f0fbd4eea725e4a0ca9b86
MBPP+,CoreFlow-q224,43,mbppplus-273,False,PARSE_FAILURE,421b2b14ffef757f4ea23875c5204467bf149a41553d9ac7d4bd30e0620f1241
MBPP+,CoreFlow-q224,43,mbppplus-279,False,PARSE_FAILURE,4bbe711dc50228fa294d601cd892b62189c7ca80deef918f1e0b2787c6e64260
MBPP+,CoreFlow-q224,43,mbppplus-280,True,PASS,37601e9eec37b51a0512bc5222d2409d247a9b9452cc54de999f200ddd1a2547
MBPP+,CoreFlow-q224,43,mbppplus-281,True,PASS,df529ceb47f347287d2582f15427f9e7ac4fe4dcdbe600f0f065baf19062c563
MBPP+,CoreFlow-q224,43,mbppplus-282,True,PASS,230ea938feb2f3993ddacae4a1f321c7cc25ebcada7d063480bc1305c538183c
MBPP+,CoreFlow-q224,43,mbppplus-283,False,FAIL,27060d7f178633549360b3a0be21a5db4f465cf495ccfa6ce0bc576d76a241fe
MBPP+,CoreFlow-q224,43,mbppplus-284,False,ENTRYPOINT_MISSING,36b0f597d7e8d7b519f3e0c4c8accc5168423a33158efc6fa0d7f3e7132a2093
MBPP+,CoreFlow-q224,43,mbppplus-285,True,PASS,067333439419719bbfd5c7c7895661f34e2b3dcbf91ac353851627039fa1bc50
MBPP+,CoreFlow-q224,43,mbppplus-286,False,ENTRYPOINT_MISSING,6a801720018ecf1766458cdcba67ba43331763e6e8e909a98d024e12663b2403
MBPP+,CoreFlow-q224,43,mbppplus-287,False,PARSE_FAILURE,fd02021df8a280b0cf45d9a49ef71bebb1710756ec5566f5ef58a9a10c796666
MBPP+,CoreFlow-q224,43,mbppplus-290,False,FAIL,340f61f9e199b81f16185e103dd55a76b1260d7dc82d0ecf281c5475ccfabf4c
MBPP+,CoreFlow-q224,43,mbppplus-292,False,ENTRYPOINT_MISSING,87ff77b869010b9f93bce16e3a14b044dae986fb79184d98c9380c11028f9146
MBPP+,CoreFlow-q224,43,mbppplus-293,False,FAIL,5a9add02f2e7342868e1ea30676d97bec21d5cfb53b2ebdb4591e6936d00f128
MBPP+,CoreFlow-q224,43,mbppplus-294,False,FAIL,fee468110dda74143d3cb1f879dab679ce9a6aefb78977f62ea27a7e6c1ef6e1
MBPP+,CoreFlow-q224,43,mbppplus-296,False,PARSE_FAILURE,e92f20321f816df2b1c8802aa7fc86e6c6970a5ea19e061497930250bfc038ae
MBPP+,CoreFlow-q224,43,mbppplus-297,False,FAIL,e643c56b5f299230ac57ffcb062bd90aa42e1f62facf7d898d4c7abad2cb08f6
MBPP+,CoreFlow-q224,43,mbppplus-3,False,FAIL,03d33b2dfeac417dd7ac61bae7da756c2b226e7c559dfc51a5f84b46327331bb
MBPP+,CoreFlow-q224,43,mbppplus-301,False,FAIL,00be12f28d9801f08de12811df7c58aa676cce04c22072e3b749b2ee9207eb19
MBPP+,CoreFlow-q224,43,mbppplus-305,False,FAIL,f248935ab7bb3166fdc513d66fb83491ee0f007ddca41e5455d118c55ae81fbf
MBPP+,CoreFlow-q224,43,mbppplus-306,False,PARSE_FAILURE,00a7d15f0699f55b93fbc1a4e544dfb9d378482e59be8e57cfdb5cb63bfbfd31
MBPP+,CoreFlow-q224,43,mbppplus-310,False,FAIL,65d4fad4ef3634c605b4c11adf4b446cdb3f96f54d337724bdb0897efa0a2d19
MBPP+,CoreFlow-q224,43,mbppplus-312,False,FAIL,b63b9f0d8cc6091c129744f79af524f53588b9d17f1fe8cda450281f2e49da15
MBPP+,CoreFlow-q224,43,mbppplus-388,False,PARSE_FAILURE,06849ef76bc94c093ea7fae4685e0f192faea9d1863822f348dfed881138604d
MBPP+,CoreFlow-q224,43,mbppplus-390,False,FAIL,82e4bf0e73b5520eb531847a414d30ad6cbacc93e4d5a0615c80c762bc13003c
MBPP+,CoreFlow-q224,43,mbppplus-391,False,FAIL,5ca90b9bb46fabe557a4bbb85d334ad47d2c468ea6fb0af0920a6fe81b85944a
MBPP+,CoreFlow-q224,43,mbppplus-394,True,PASS,4b146d03fc482ac6eed445f09bfb733974eabbfb11945a11a5387dcc1fbb1b2a
MBPP+,CoreFlow-q224,43,mbppplus-397,False,FAIL,f141feafb44eb4dc367fa51555b4fabca0911f2b1ca718413088bce4d0403476
MBPP+,CoreFlow-q224,43,mbppplus-398,False,PARSE_FAILURE,b9755b1dbe5b322e5363309a930630cc30c4d4568f230be29188d1b2d3d3929a
MBPP+,CoreFlow-q224,43,mbppplus-404,False,ENTRYPOINT_MISSING,945209a213452ed1732e529b3a67a04c3c5fb8d16517551f3be63511e2e95b20
MBPP+,CoreFlow-q224,43,mbppplus-410,False,ENTRYPOINT_MISSING,24d3033b57ee6235bef72106a747adc483c6b4ad79b45c531e54b99cb25ce3c7
MBPP+,CoreFlow-q224,43,mbppplus-413,False,ENTRYPOINT_MISSING,3cb15074711b4ff574c8ac8c9812ce405ad1b064e4310efbc6d69dd3592f9fff
MBPP+,CoreFlow-q224,43,mbppplus-414,True,PASS,b763fdce1d1d91e9f47ab9d911c7546a7a61701c55b158f59460bdb1ff591ab4
MBPP+,CoreFlow-q224,43,mbppplus-420,False,FAIL,f147c30c758507180633c75e74948b1431f582d3e727835e0892dbb02bc8b3ca
MBPP+,CoreFlow-q224,43,mbppplus-421,False,FAIL,e34ed7f192bd5c145ce435d6691b68c7b16efeb3bdf7971d121154f2783166f0
MBPP+,CoreFlow-q224,43,mbppplus-424,False,PARSE_FAILURE,85b91a15a55f4a90fe6a58dcd1c6144b55aba020054165619f8bf734a97f0329
MBPP+,CoreFlow-q224,43,mbppplus-425,False,FAIL,5f040b88f467a9613890f31e8033d52245ff30586621bb8ce2f66a6d9488f511
MBPP+,CoreFlow-q224,43,mbppplus-426,True,PASS,e72fdda51d94b297091799e0726971e69d3bca3a697d3e7dfcb0d6809033adf0
MBPP+,CoreFlow-q224,43,mbppplus-427,False,FAIL,e8aabf829a5bf67776c5bed0d76f8f61536c91faa83b91d2ce422a932910c0c6
MBPP+,CoreFlow-q224,43,mbppplus-428,False,PARSE_FAILURE,52d8fefddca1fbb629e4c698416421829457a2fe0f25fb9bc7ae603c4db2a878
MBPP+,CoreFlow-q224,43,mbppplus-430,False,PARSE_FAILURE,02234c65004fc3b589b689acd636741a902053f0e3a996bd486632bb0b4eadc9
MBPP+,CoreFlow-q224,43,mbppplus-432,False,FAIL,912777ab4ce5cc2fb5c149018d846281c9c9f1568957e7dd030bdeff852be78d
MBPP+,CoreFlow-q224,43,mbppplus-435,False,PARSE_FAILURE,e92283970f1d0647dbbf56692e41ee1702bf113e3dfb698f281b2fccb39d3bac
MBPP+,CoreFlow-q224,43,mbppplus-436,True,PASS,1273a9a43d7cd7c538cc70f00ad54ef6151ac82c8aad145a6afc6b859044d4ba
MBPP+,CoreFlow-q224,43,mbppplus-447,True,PASS,7e9fb6269dd7ed4692f80c9d94fe328daafb1d6849080bd1d51ae9a22cd222a1
MBPP+,CoreFlow-q224,43,mbppplus-450,False,FAIL,ee8fadf0ea668e55252a109dc98e7143d5e391789db49492288433dec6857cd8
MBPP+,CoreFlow-q224,43,mbppplus-451,False,ENTRYPOINT_MISSING,2d9d7ed9a6a54e6a8fe8c6f025751af9f9fa1e760f3ccb30903601f4256d32ff
MBPP+,CoreFlow-q224,43,mbppplus-454,False,PARSE_FAILURE,f61c513d06dfb0ce5f8883447e69be17ab3d4c9111539d8406ecbffeee0b7ad9
MBPP+,CoreFlow-q224,43,mbppplus-455,True,PASS,a6fceb9cebb16384101dbf042cf5ff662d6958cf0e4ad7bde3be55f605422817
MBPP+,CoreFlow-q224,43,mbppplus-457,False,PARSE_FAILURE,6e7df25f37689c2ed52873324361b775f2c444849bd1fcb11a15601b4938e30e
MBPP+,CoreFlow-q224,43,mbppplus-459,False,FAIL,a5f402f8c999ddcd609e78df9e2bd188d465eff4d6ed71e865a9a9a12a0085a2
MBPP+,CoreFlow-q224,43,mbppplus-462,False,FAIL,68ba3435666d915c6255ece42c407c57e47a96bde782309684c99a639602dc97
MBPP+,CoreFlow-q224,43,mbppplus-463,False,FAIL,de401650d08623bf43b30098eb211ae99af488738ec575252eec1828b41d4b0c
MBPP+,CoreFlow-q224,43,mbppplus-465,False,FAIL,d76cc19f049f5e12da595877fc895505151391b82b9453eee72169c80ea0d4e0
MBPP+,CoreFlow-q224,43,mbppplus-468,False,PARSE_FAILURE,ee83252a129bfe9326a5bef3c797d15809cf3b7dd41dee749a1f23ad9923006c
MBPP+,CoreFlow-q224,43,mbppplus-472,False,PARSE_FAILURE,ba2eaa6a1bc7a8b7f775d9f9d748201436352548f32860dbd51db4d1668050c0
MBPP+,CoreFlow-q224,43,mbppplus-474,False,FAIL,9c6442c6018f9663198a0ba6a968cec75ce4eb675b003f53f7864cd0b16e4c0f
MBPP+,CoreFlow-q224,43,mbppplus-477,True,PASS,7a3f671cf6ffc0be8ef4d50fefe225e2d68565545cac61e38a044b2bb2519b01
MBPP+,CoreFlow-q224,43,mbppplus-478,True,PASS,c003526dffe7f72dd07bc8de7035fb7541c6ec8716a4f39f9e5eb34d462f42a9
MBPP+,CoreFlow-q224,43,mbppplus-479,False,PARSE_FAILURE,176837692d48d7dae051e5111f129e07cd48a113d548a1b8bf5908c60ed8aa2e
MBPP+,CoreFlow-q224,43,mbppplus-554,True,PASS,7bdaec7b17134a6e9edda844bf2f41b3a78e7d893f5005cdaa7a18c39adf18c6
MBPP+,CoreFlow-q224,43,mbppplus-555,False,PARSE_FAILURE,d7398ebf888c0632408e1c784313432a0f4466b30ad1420bd9b6c4482d867436
MBPP+,CoreFlow-q224,43,mbppplus-557,False,PARSE_FAILURE,42ea0a857f02424bc3805edd60a956bb6301d4741a2c7af0b28d653b7bf367da
MBPP+,CoreFlow-q224,43,mbppplus-559,False,PARSE_FAILURE,311fe31daf8e98472f88e9299cf17d31b626625a5f25ca6f24b9dfd36edb80ee
MBPP+,CoreFlow-q224,43,mbppplus-56,False,PARSE_FAILURE,f0c1f55c37ae14d5249fc0d46b0c52384fe0301101d75ea747a31720a294e048
MBPP+,CoreFlow-q224,43,mbppplus-562,True,PASS,9fed2dd0efa17b780c1d9b3d7c20f60b5609e4f32dacc82f7491105a9fb823d8
MBPP+,CoreFlow-q224,43,mbppplus-564,False,PARSE_FAILURE,9a9918b378777885378976446a53a262529f7f794c5d9061ad6adb5e66428c0d
MBPP+,CoreFlow-q224,43,mbppplus-568,False,PARSE_FAILURE,2e220543cb7cbadfa0b722f81ef8f9d7aa3770e2c09574309d0f5bd584be8d59
MBPP+,CoreFlow-q224,43,mbppplus-569,False,ENTRYPOINT_MISSING,4a30e10d21b6cceaac6995f8c5488b7f36c1cb1ada99a51456b99301bacfb913
MBPP+,CoreFlow-q224,43,mbppplus-57,False,PARSE_FAILURE,bdf2cef7eb194be224dbf1145595513528da8337de91ed3b03615625a286192d
MBPP+,CoreFlow-q224,43,mbppplus-573,True,PASS,864ff9b579f2ef58940bccdeb38d1051ef1c37f040fe1dcdbf90db529faf847d
MBPP+,CoreFlow-q224,43,mbppplus-576,False,FAIL,569ac03478e36782d55119066e081e55d1f67587828c487bcdabf3a3e94c6f8d
MBPP+,CoreFlow-q224,43,mbppplus-577,False,PARSE_FAILURE,fbc0748205b6f3930376450fa188f72b7ab87d6727d42556477e7dd247a86347
MBPP+,CoreFlow-q224,43,mbppplus-583,False,PARSE_FAILURE,87fb7e25627b056b4b607db7840c2aa6364ca9ae9549a9e00f6f5d4e71558b3d
MBPP+,CoreFlow-q224,43,mbppplus-586,True,PASS,dc843eacf3a665364b37e86ea1c80eda7eac34d72faaf08779ff081feb5f410d
MBPP+,CoreFlow-q224,43,mbppplus-587,False,ENTRYPOINT_MISSING,49d40f2194acf1dc5309c0415e8e28bc4a65ca47b08024de6b77cc846591e8c7
MBPP+,CoreFlow-q224,43,mbppplus-589,False,FAIL,cdb36f67973f8deac828bcafdfc5a45039d55d86a26a1c65b8b4f134ef2ac7dc
MBPP+,CoreFlow-q224,43,mbppplus-59,False,PARSE_FAILURE,a99494f95596f187332f0523d0f740085021fe06687fd1de97867debbfb17fe2
MBPP+,CoreFlow-q224,43,mbppplus-590,False,ENTRYPOINT_MISSING,73ba8d09b024517bf59a7fb643f22dd4ac31230b146e1d3451c51e82ead3052b
MBPP+,CoreFlow-q224,43,mbppplus-591,True,PASS,e9c1f12427c22490e9ee0710c7a7d2078eaaa669c06a2fef92f0dcdff45697a8
MBPP+,CoreFlow-q224,43,mbppplus-592,False,PARSE_FAILURE,f745decd93c547727bd89437ea559ee5c3e87752177a780635a3451f7bd16164
MBPP+,CoreFlow-q224,43,mbppplus-593,False,FAIL,796de6fcfd56b5b531dedc0d51e75e5aa6cf0161df109b6bd3387f76c5d82851
MBPP+,CoreFlow-q224,43,mbppplus-596,False,PARSE_FAILURE,f7b8b3210ba83e30b845fa0c15e1bd452e799f29dc28e7cd89ff4da3c539d4fa
MBPP+,CoreFlow-q224,43,mbppplus-598,False,FAIL,ff35e104bfe845ce5f1882d837624ed505962a1289201cdf4e13559a58edc2c5
MBPP+,CoreFlow-q224,43,mbppplus-599,False,PARSE_FAILURE,da40b82cda992856c89009eeecce1b271d0646a7188de299168c6e1bfe273488
MBPP+,CoreFlow-q224,43,mbppplus-6,False,FAIL,608905fee50f3d45377ec9155e00c5c36210589112dfa36fe6974bf59687cc74
MBPP+,CoreFlow-q224,43,mbppplus-600,True,PASS,a17afa993d28f9eaa0e54c18a0397077c70674d7df4f4ec0021db717c914ae31
MBPP+,CoreFlow-q224,43,mbppplus-602,False,FAIL,4e4eb1b179590ea6b14e83475efe23df1d43b944d24164e074b447d77b25bc06
MBPP+,CoreFlow-q224,43,mbppplus-603,False,FAIL,9ca821e6bdc275cffd345215c768991950a92ba7715b30f8452b42c8cafd9f2c
MBPP+,CoreFlow-q224,43,mbppplus-604,False,PARSE_FAILURE,e91b6e75a52d3ca606e4e0c208c6ce76a29a0e40729c41adc87a76dd60634011
MBPP+,CoreFlow-q224,43,mbppplus-605,False,FAIL,ffbd25ffe9526b3f69f6b43ee85d8e1561a9cb60970be7fe4aec98ffd2ed665c
MBPP+,CoreFlow-q224,43,mbppplus-606,False,FAIL,8b0b1fdb60098a277008905084ec6a670123a4c844d140da2fdfcb42cc1cc397
MBPP+,CoreFlow-q224,43,mbppplus-61,False,PARSE_FAILURE,f08d6e0617216752f34d3569db0914281a62b65719296e50733c1cb5ace86255
MBPP+,CoreFlow-q224,43,mbppplus-610,False,PARSE_FAILURE,ed5ec38da43c0259f93b6f1dcbcb5fd29ae88c3f045985632ae7c0cfe1831f0b
MBPP+,CoreFlow-q224,43,mbppplus-611,False,ENTRYPOINT_MISSING,67d5142303005482af01db9d27a181daec86df85b7e8099faf884b555b0ea29e
MBPP+,CoreFlow-q224,43,mbppplus-612,False,PARSE_FAILURE,3f6dac0886dfad7076b9d45449797016032201d87c06be8c5ea11e8c9e76a1e8
MBPP+,CoreFlow-q224,43,mbppplus-614,False,FAIL,65c45f78d7130087ecbc8a3c61ab95ed267364b35100c36b7deece7475c3e10d
MBPP+,CoreFlow-q224,43,mbppplus-615,False,PARSE_FAILURE,07ed93b2676bf70f479e741c80b0c2a7e41adb72ffb9c86578da8ebb2a6b103f
MBPP+,CoreFlow-q224,43,mbppplus-616,False,FAIL,1c1225d03ed579fbd759cc7eeb323018f44affccc58d9cacf6749cddfc27460e
MBPP+,CoreFlow-q224,43,mbppplus-618,False,ENTRYPOINT_MISSING,3412a8a69bf588f855488dbb9af40c1be26cade469e50c5ba2024cdde8aeb64d
MBPP+,CoreFlow-q224,43,mbppplus-619,False,FAIL,37bee72bd0411a6757a9bb0975f9878ed3f5906e36f63e52dfe68f5404156719
MBPP+,CoreFlow-q224,43,mbppplus-62,True,PASS,a2899fb2e23536bb2847b838585ab335f49c5a2e4efd1a0d4d03822d02ebbcca
MBPP+,CoreFlow-q224,43,mbppplus-620,False,PARSE_FAILURE,d74ccd34a8bdff4a6e53a2c7df362a06397bb8baa03cdd4ef423e31cbb322fe5
MBPP+,CoreFlow-q224,43,mbppplus-622,False,FAIL,c0b7a98d1d54b591024ef232169336b2a239b6716ef3ad72e6799db4f83a819a
MBPP+,CoreFlow-q224,43,mbppplus-623,False,ENTRYPOINT_MISSING,3f92b24c1462bee02ddfdfe747ed46edf1b627a03ef5553969568ce816369a56
MBPP+,CoreFlow-q224,43,mbppplus-628,False,ENTRYPOINT_MISSING,474375fc84d3c40e263ab09febb5997f8809feed10efadd15af391cf2f8579c6
MBPP+,CoreFlow-q224,43,mbppplus-629,True,PASS,d29cb0983793db668f65a337a445dc5010a7754551ec95525380fadd002d5274
MBPP+,CoreFlow-q224,43,mbppplus-63,False,PARSE_FAILURE,0312f8463e8e92ad21e53962feb7cac4e86da7e46e6a17a02e0399f0aaf92f03
MBPP+,CoreFlow-q224,43,mbppplus-637,False,PARSE_FAILURE,f500565f977d75253480f4a508d560c4fff41a2afc717bd56564020178070754
MBPP+,CoreFlow-q224,43,mbppplus-638,False,PARSE_FAILURE,a9eed4c9e104ff4fd091af2cc99e27c16c6ab8f7f39cd387803a4e1b825237a6
MBPP+,CoreFlow-q224,43,mbppplus-64,True,PASS,6dab36943267844b8f66dee307d13f9128c08526a18494d15ba54b2f18eea65e
MBPP+,CoreFlow-q224,43,mbppplus-641,False,PARSE_FAILURE,17719b40bdc6912d63336200b19bda531afc09199f0610400f24a3f2547cf4e7
MBPP+,CoreFlow-q224,43,mbppplus-643,False,FAIL,a36fdafdc100fe8c8fdf2bf99d751d0528ea9367065703a6fec92dfc2bbf8146
MBPP+,CoreFlow-q224,43,mbppplus-66,True,PASS,a3163b025829927433c7193d2e8c763243e89df9a7cd7f4e81bf07180bc3cc11
MBPP+,CoreFlow-q224,43,mbppplus-67,False,PARSE_FAILURE,d52013f7fcac20cee92b20b770a55dbb46b8eddbb408d7b1b49b91b692c4c116
MBPP+,CoreFlow-q224,43,mbppplus-68,False,PARSE_FAILURE,ce28513551d97fa158384bb9a27ceeb0508f672f2129264dc37dc95ae996c5d1
MBPP+,CoreFlow-q224,43,mbppplus-70,False,ENTRYPOINT_MISSING,8d3d06c86ab80692d8eddbeef14af4a8a59fc09a4bd173609bbf46914a325598
MBPP+,CoreFlow-q224,43,mbppplus-71,False,ENTRYPOINT_MISSING,5f49f46bdb771342199c53fd23a19ef0b9b5d01f393a67eb251f11f4dc2d242c
MBPP+,CoreFlow-q224,43,mbppplus-72,False,FAIL,b1491bb55cc6f2171e51cf67c4441059cc6453ba6f82559261684e1ff031e04a
MBPP+,CoreFlow-q224,43,mbppplus-720,False,FAIL,e1fa61548d7f57f4b5b037ed81530c5fdc5970927458686911cf7277945d1574
MBPP+,CoreFlow-q224,43,mbppplus-723,False,PARSE_FAILURE,d1520f8c0725a14c4d8c2dc71ac8c44830e9c5521e619d3c79394f5c7db8614a
MBPP+,CoreFlow-q224,43,mbppplus-724,False,PARSE_FAILURE,379e5146e8f8845d5097561f7540e706384ebf7544d2036fecd7c0107b69c1e4
MBPP+,CoreFlow-q224,43,mbppplus-726,False,PARSE_FAILURE,95a1252dc99ece9d0be7d51851022628288026c7e49c561077ce7ca3da42c29a
MBPP+,CoreFlow-q224,43,mbppplus-730,False,FAIL,6da42f2c7196497373af4f42d234471538ec954b48298ece1129ccfebdfdb5be
MBPP+,CoreFlow-q224,43,mbppplus-731,False,FAIL,51b1aa5104946be4d16e310166e920d2bda0eb6729b306c19c2c0cd44f3618b3
MBPP+,CoreFlow-q224,43,mbppplus-732,False,ENTRYPOINT_MISSING,e90d027749cf99f75e3aa918878a0667c82852db1e46efe3bb1258d48e395698
MBPP+,CoreFlow-q224,43,mbppplus-733,True,PASS,62174a33b34b6d0616d57f157a7f8022faa0c6affbc546f03547b66793ac5c49
MBPP+,CoreFlow-q224,43,mbppplus-736,False,FAIL,b9ca1d203dc8d1fede21a5f6408290cc7c5922b255c36e3031ab52d5c8b669e2
MBPP+,CoreFlow-q224,43,mbppplus-737,False,PARSE_FAILURE,64c07d9fb6ad16f2e3a14c72b3e30a93110a91610ee93fe70c8d7f436dfa37aa
MBPP+,CoreFlow-q224,43,mbppplus-739,False,FAIL,9553a051f3f355acd41f15ad178501e7bacf437aa64c2a7782497e7290523173
MBPP+,CoreFlow-q224,43,mbppplus-74,False,PARSE_FAILURE,f535df198dea787f9ab71b7239382fc8773245da81684d85ecc48c2f8ede9faa
MBPP+,CoreFlow-q224,43,mbppplus-740,False,FAIL,b21b70170dce3050b73f10cc451354db5d6e3ac2dd6a01fdff0ccb55be5adf51
MBPP+,CoreFlow-q224,43,mbppplus-742,False,PARSE_FAILURE,4cfec1742446a11784bfbe2beb3b4c63aa70c69889a2ae59f7f682c605d86492
MBPP+,CoreFlow-q224,43,mbppplus-743,False,FAIL,36560f8db3343d939a09e21eb7f8f82d649cb875b9e967c0902c467727b7a5c4
MBPP+,CoreFlow-q224,43,mbppplus-744,False,ENTRYPOINT_MISSING,53986364cba5dc360a37b4bff0aee00c69a2a7c4992eeb373951af002c26e93a
MBPP+,CoreFlow-q224,43,mbppplus-745,False,FAIL,2df9509848059572dbf845749326d777332f8e66ea00923c1765d534868cadb0
MBPP+,CoreFlow-q224,43,mbppplus-748,False,PARSE_FAILURE,d24686af26d9652bc48c6fa33b808cb6270048fda087d5425506afa44a499e48
MBPP+,CoreFlow-q224,43,mbppplus-749,False,FAIL,8fb82dab418a4c288624e2def596162a259cb02074d0461818c7c53a23abac05
MBPP+,CoreFlow-q224,43,mbppplus-75,False,PARSE_FAILURE,872b157e9bb4c646de3da120dc81aebf8c911a17b21bf669a34c0230ad9ccf51
MBPP+,CoreFlow-q224,43,mbppplus-750,False,FAIL,41bbf4a2020d0fa7c85d570426a703e7a7487392a98077b5d70a767fbf16cd37
MBPP+,CoreFlow-q224,43,mbppplus-751,False,ENTRYPOINT_MISSING,a5a3e210b2393c8d6c84931a2a5fb8d96c254b60aa0776f844de70ef3a5dca1e
MBPP+,CoreFlow-q224,43,mbppplus-753,False,PARSE_FAILURE,c4544e024b74de8f56f50b63e76cffbd4be5f1d54cdfefdcd060a44632c7b1da
MBPP+,CoreFlow-q224,43,mbppplus-754,False,FAIL,357f82ab06a915a33c2b4bda5d706bffd220ec2bb5603d6c4f69e3fb18479319
MBPP+,CoreFlow-q224,43,mbppplus-758,False,PARSE_FAILURE,05f4a9c464140c5c1b25a32adf5d026543ba402d82f23f2a99be0add8e2dd5f5
MBPP+,CoreFlow-q224,43,mbppplus-760,True,PASS,f19675d41b48f4d32ccaebc690802af02a10224c70bd2347e450a89acafdc5e2
MBPP+,CoreFlow-q224,43,mbppplus-763,False,FAIL,3e19d984ef953806e4ee67b0ac380567ebcf71ed8eaf5c041850dd81c1114797
MBPP+,CoreFlow-q224,43,mbppplus-764,False,FAIL,ecde3ff900b1a9596c41ed702f93e53f61308fc2ae36c0667e585b837e1493da
MBPP+,CoreFlow-q224,43,mbppplus-765,False,PARSE_FAILURE,aa529b3f617640df0ae36c461bc49831903fd3a7f69623fcfe5b5952439c14c7
MBPP+,CoreFlow-q224,43,mbppplus-766,False,PARSE_FAILURE,48e1cfa03cdc6078026ac1ba52e1439fecd7a01c69e5b306c26a48f9ef45479d
MBPP+,CoreFlow-q224,43,mbppplus-767,True,PASS,88dd7812a1fa334d93dab392590d56f8ab50580c5d951c804fe27fe0e32320ae
MBPP+,CoreFlow-q224,43,mbppplus-77,True,PASS,0aa7ca063170ba4986133769365cadce3dbda32d1d9d8f991266f6137b9a8365
MBPP+,CoreFlow-q224,43,mbppplus-772,False,FAIL,f85ce18409866735a45bae41a4b5b0fa18c04ec44d763dd024b32f6effb07b4e
MBPP+,CoreFlow-q224,43,mbppplus-773,False,PARSE_FAILURE,00ee270b454ec276ffd290b158fdd00f615334c00e195e1caf6f022f7c116f4d
MBPP+,CoreFlow-q224,43,mbppplus-777,False,PARSE_FAILURE,fe1a4d6c16babf16d4f12f4b6d04f573e9520a1c0d0a4fd6bbce1a8e22a139ee
MBPP+,CoreFlow-q224,43,mbppplus-778,False,PARSE_FAILURE,047a4bdcfa3c8f855508043f1c44d9dba23d78db401d84681478928affa29cdd
MBPP+,CoreFlow-q224,43,mbppplus-780,False,ENTRYPOINT_MISSING,12edbc20740018bff32f5ddfd5aa50e9695fb80fab311fdd98780c36a4c30ab7
MBPP+,CoreFlow-q224,43,mbppplus-782,False,PARSE_FAILURE,251d630df3e52a01f214813c64f2809eaf6e1b732ce1a474f17c9c896881a74c
MBPP+,CoreFlow-q224,43,mbppplus-784,False,FAIL,84198aec3e9cb774c669029ee5b716d14f375e383d8ecfd8d06eebdc5a5a7fe4
MBPP+,CoreFlow-q224,43,mbppplus-786,False,PARSE_FAILURE,bd05a3f8a260e6f1e240985ed7e253cfd38d23393b8ba7a676fd180cea9e11eb
MBPP+,CoreFlow-q224,43,mbppplus-787,False,PARSE_FAILURE,d92a375299aa0cb7c5f5a08a955e7deb76b20172c10c16a39ab3019bd21dc7e9
MBPP+,CoreFlow-q224,43,mbppplus-79,False,PARSE_FAILURE,fe739140fb20371e3db1a8f5e1e602091ed63bd750c7dc778ce1c9bafad456be
MBPP+,CoreFlow-q224,43,mbppplus-790,False,FAIL,a55f3206f110cbae738520fee0e03d56d7d47fbf6d9253f3aa2d10ca753a6eea
MBPP+,CoreFlow-q224,43,mbppplus-791,False,PARSE_FAILURE,5202d081219c7041676853901422c163cda33969a44482accd4575c9656b4953
MBPP+,CoreFlow-q224,43,mbppplus-792,False,FAIL,fadaa4886f352c5573f1fb826a5a22a0a29f03aabe3c1536307fdf8e45f020d2
MBPP+,CoreFlow-q224,43,mbppplus-793,False,PARSE_FAILURE,3df8fbe38ff2a039e033245cd71cbf21b1f614402290c98b6c67425e13a3deb4
MBPP+,CoreFlow-q224,43,mbppplus-794,True,PASS,6731da6fe145c4a6ebf3e9293d2c70e9112c678818d87d501cde62c4a3640c24
MBPP+,CoreFlow-q224,43,mbppplus-796,True,PASS,b3c1f0297c805fb5379b08497fd073c19fd1f0600e3fce1d743f94221cf3731c
MBPP+,CoreFlow-q224,43,mbppplus-797,False,PARSE_FAILURE,e0b05a7fcc4da245ec618627b1e84153c45589b45edccc3f3e67d166dab54b50
MBPP+,CoreFlow-q224,43,mbppplus-80,False,PARSE_FAILURE,5003a41aa855f8f29bf990bcd6c9c0fff7460d3e7190ee86a6970e5db7e79e18
MBPP+,CoreFlow-q224,43,mbppplus-800,False,ENTRYPOINT_MISSING,6042e2062da74c46a3691392214ed5c8b9c80d15aec43fde2c1f43d53ac95c87
MBPP+,CoreFlow-q224,43,mbppplus-803,False,FAIL,53d9186013f586042208c8e81ae3210c0cbc7f9140a9fd7ef33c580527beefab
MBPP+,CoreFlow-q224,43,mbppplus-804,True,PASS,45beb32373428bac5f65fa2ff75b82c6b3271a633d14b252eaaec1813ac64e71
MBPP+,CoreFlow-q224,43,mbppplus-805,False,FAIL,d457e8fe55da7f7aec23bffcfecc25cf9683fceb1bc3c928fcf6ccb3edad4a07
MBPP+,CoreFlow-q224,43,mbppplus-806,False,FAIL,9592d2bad3fb1b9c06ce82ca631ef6af1d0caf62dcf2461b835498d204cdec1c
MBPP+,CoreFlow-q224,43,mbppplus-808,False,FAIL,e198b524e85a6583402942b34573f0bd22d23799f9e5d992abeb3c8ad9b45618
MBPP+,CoreFlow-q224,43,mbppplus-809,False,FAIL,60a0c0862f0a69e45e26d4e1753ecf6050667e834a082b4419f53a0ab7dbf4d5
MBPP+,CoreFlow-q224,43,mbppplus-82,False,FAIL,f7d3bda05889e2ed3a1e444ad1518c25d441a1596600cee678faad12f492314d
MBPP+,CoreFlow-q224,43,mbppplus-84,False,PARSE_FAILURE,e56822957b2fc0be742a953f5a28a6c4f7d024d5e76361198728083d269f7a55
MBPP+,CoreFlow-q224,43,mbppplus-86,False,PARSE_FAILURE,ddc93ca10bf5f777c917b7f27496c75a43629d0ac00c8a2297828ba097e5969b
MBPP+,CoreFlow-q224,43,mbppplus-87,False,PARSE_FAILURE,b140df5baee51c5dc8c37787fa34ce935545c112403391d977eed0667554d196
MBPP+,CoreFlow-q224,43,mbppplus-88,True,PASS,5dcf6e1d1f6d7055b15a9b9eee3bff82825cc776cd765175f2a596fded066355
MBPP+,CoreFlow-q224,43,mbppplus-9,False,PARSE_FAILURE,dc8b7289dd59106683d3a81caff496ff3758dccc6992e31b61fd5ff72ca54877
MBPP+,CoreFlow-q224,43,mbppplus-90,True,PASS,cdf9deef27cae04cdf226db597b9869c1e03fbe7498ac973b6dc1664142688f0
MBPP+,CoreFlow-q224,43,mbppplus-91,False,FAIL,21dff6c957c2d10c5ed29f4a80e30695fb7c4b8deeb9dc4f30f2e129a2ff7bbb
MBPP+,CoreFlow-q224,43,mbppplus-93,False,PARSE_FAILURE,4600f404349033390ba7768b95c24059f427b8dee83f6405999bcf58bb66ad02
MBPP+,CoreFlow-q224,43,mbppplus-94,False,FAIL,96dafd52ffa6ef69ea75680588a7d60aaeac6bedd05c94a7aa94bcb73919937f
MBPP+,CoreFlow-q224,43,mbppplus-95,False,PARSE_FAILURE,1bea0157a10cd17cc74939a5f6eab6aff4ba1219a37b62bfd657cfee79188d2a
MBPP+,CoreFlow-q224,43,mbppplus-98,False,FAIL,74a9864910721cc02654bdde5494f9ce9401547d7c7116f3d8a86afe9e813ddc
MBPP+,CoreFlow-q224,43,mbppplus-99,False,FAIL,1def66ad96804621f4d73dc2f43921f3fd23a28541b62031a5115e55123080a7
MBPP+,LoRA-Flow,41,mbppplus-100,False,PARSE_FAILURE,e4fb6a60a0e878ba14e98f147f6537955b430cb963a91d2fcb043d94786416c7
MBPP+,LoRA-Flow,41,mbppplus-101,True,PASS,cb211c6a8d3757c37ddcd44a0260893c7ce898746e0bf8f96f1fd1feaf9759de
MBPP+,LoRA-Flow,41,mbppplus-103,False,PARSE_FAILURE,66886ac2812c7a386d63c996ae740cdf20259c46057a2c052cfdf09ea002ef11
MBPP+,LoRA-Flow,41,mbppplus-104,False,ENTRYPOINT_MISSING,19d87bbda4806ead4750491e2c68439edac188d620c8f4c094e0869d8ebc320b
MBPP+,LoRA-Flow,41,mbppplus-105,False,PARSE_FAILURE,c1afde5394b918d27a8d4d53521ff7533e0c802c6b8decbfaad5c26da2bf338f
MBPP+,LoRA-Flow,41,mbppplus-106,False,ENTRYPOINT_MISSING,84939b35738d8213b2be8908af7d150a465174a8df17fdcc4a2b311e93b4b882
MBPP+,LoRA-Flow,41,mbppplus-108,False,FAIL,527639934e20c351ded85c25b50cfa7923f25635dfeb52fcfcc849d3f0500557
MBPP+,LoRA-Flow,41,mbppplus-109,False,FAIL,f72a7b4f21347552262105efaf2192c256810046edc6b03f8f8682fa6227288e
MBPP+,LoRA-Flow,41,mbppplus-111,False,FAIL,96af92238c0d67303eb2805c24bdd478440f35d13a36ae1fdc72abc218dd2d5f
MBPP+,LoRA-Flow,41,mbppplus-113,False,PARSE_FAILURE,61e708d06776455e2e979a33d67616d945c29c687d9d47550f52e0ad5ec6383c
MBPP+,LoRA-Flow,41,mbppplus-116,False,PARSE_FAILURE,2071a550118f759848d15b18861ffbb6e5cb87394580f7509aba964fa659ecc8
MBPP+,LoRA-Flow,41,mbppplus-118,False,PARSE_FAILURE,98ff65424200765fb583caff606f5964dba38766ece2b489a63bcfcbe4a2ce8e
MBPP+,LoRA-Flow,41,mbppplus-123,False,PARSE_FAILURE,80333cda2a4fb70f0e9a02fd45333bb49494e9a64433e366147bb0a44e321918
MBPP+,LoRA-Flow,41,mbppplus-125,False,PARSE_FAILURE,ea436b7f7988c4ba8079e99fb968654a3cc27e47a36768c11ccf501060a12c6a
MBPP+,LoRA-Flow,41,mbppplus-127,True,PASS,0aa55a2dc6245eadd43334c541bd31ee739ef61461c8d2e1b3fad8a183353b72
MBPP+,LoRA-Flow,41,mbppplus-129,False,ENTRYPOINT_MISSING,8dc20dec8c676fa3554408bccde300e443cbc25d2bddae6e84c58e5aefc2acb6
MBPP+,LoRA-Flow,41,mbppplus-133,False,PARSE_FAILURE,7efbca5b730d5ec23d58eed033e1fb35604d678f46991f382b03ec5f3ddd7d78
MBPP+,LoRA-Flow,41,mbppplus-135,False,PARSE_FAILURE,3cbad43bfb6c51672605c6e0958fb2c74f6e947b65e4702dcb125d9f04fbb8d9
MBPP+,LoRA-Flow,41,mbppplus-137,False,PARSE_FAILURE,96ab941bb90a2b2f61fb6d13c43d8e97eecf9ec07419a39d61645b3190278e3e
MBPP+,LoRA-Flow,41,mbppplus-138,False,FAIL,1156451a4d8919ac25b43ca6e1a97ab6907bd88e39bc6cc02ad929005be410a5
MBPP+,LoRA-Flow,41,mbppplus-139,False,FAIL,141ac242444d779cf486d1ce72ea48360867fd97d7cbe47031efb70dfe0b4a84
MBPP+,LoRA-Flow,41,mbppplus-14,False,FAIL,9fb08c1504be20796c22666ffb55e45d862142937c7a12ecaf58446ae905e52a
MBPP+,LoRA-Flow,41,mbppplus-141,False,PARSE_FAILURE,07320ac02c95e22bcecc9389e50ce9e19b74f0b6c0eb304f21c3dac02b145b50
MBPP+,LoRA-Flow,41,mbppplus-142,False,PARSE_FAILURE,1b9fe37d7c2907f99721f64b5d9da9f44332ad63090cd6331bd67c8e3d33048b
MBPP+,LoRA-Flow,41,mbppplus-145,False,PARSE_FAILURE,e2e81d649f9c628984b932c06585db47296ea4915e8f69dd17e2ffb26305c1c8
MBPP+,LoRA-Flow,41,mbppplus-16,False,FAIL,68f9a7f0487f51f0eb4eb9f657b592dbbfdfb45be0d9c728de0ff88e5d651664
MBPP+,LoRA-Flow,41,mbppplus-166,False,FAIL,c48a46bafea40a755e1a816dd59e23968143ed122698184f4f100e168a167159
MBPP+,LoRA-Flow,41,mbppplus-167,False,PARSE_FAILURE,f4e281c6e56cef49ea13773a5255171dbe338a44a1cbaf8b5753c3cb59ebfc70
MBPP+,LoRA-Flow,41,mbppplus-168,False,FAIL,e684e7bf4a03b8f4965979c97fda8661c4a619915778a364e96233c3b3480d19
MBPP+,LoRA-Flow,41,mbppplus-171,False,FAIL,da8d6e8176e54e3958b03cfb6d8f1faded682e8b23c59ace7f062fc32d141a41
MBPP+,LoRA-Flow,41,mbppplus-172,False,FAIL,435a667115c4cd7d444e1fbc36d3d8b5d070fd9afcbab2b3e6729dcac56a3009
MBPP+,LoRA-Flow,41,mbppplus-18,False,FAIL,3a94fb1c5d67243aa32ab44707171a6a72d26dbeaaa0cc91de934dae08d8f772
MBPP+,LoRA-Flow,41,mbppplus-20,False,PARSE_FAILURE,39469f7207cb1b5a5e71678920c23139e7b603b3d0ce4db490ecf2a8e47e0cad
MBPP+,LoRA-Flow,41,mbppplus-222,True,PASS,fdaf7db5902fe1b7f0b054f778fce194d957ec267d264c2ffba314a66d0ab239
MBPP+,LoRA-Flow,41,mbppplus-223,False,PARSE_FAILURE,b0f2a1517d6877fee82f8c3562111ead4734be95959531cd7cca62d7e37783be
MBPP+,LoRA-Flow,41,mbppplus-226,False,FAIL,fcbfc3c4d712ddf010e18c4445fe028a52e220f9789f9a383e2f67357047afe5
MBPP+,LoRA-Flow,41,mbppplus-227,True,PASS,faae6b3aecaba174d6547fc60a99b9e2244c7d497408a4bfff5058c4edc3b639
MBPP+,LoRA-Flow,41,mbppplus-230,True,PASS,6b1b9696d5beb624154f274434c430b5458fe2afe72642646d57f10832661dcb
MBPP+,LoRA-Flow,41,mbppplus-232,False,PARSE_FAILURE,eb48699717aed9c63609cb6f8924e83aa0d79d4e2939e384224dccce776e349a
MBPP+,LoRA-Flow,41,mbppplus-233,False,FAIL,5d89078f66ea004269cc7454893e5c93a6f661da31b53f4b266b61799495b48c
MBPP+,LoRA-Flow,41,mbppplus-234,True,PASS,b139e3cc400c8558d643fde01579ab917b937c807f43e63cd212ec1eb1ff1495
MBPP+,LoRA-Flow,41,mbppplus-235,False,PARSE_FAILURE,ab49985ad56af40227a2bda5de4db728fbac11b0a9f83ddb50955cf2e4ef9582
MBPP+,LoRA-Flow,41,mbppplus-238,False,FAIL,8538bcc69ff6e900a8154a682937cfe8d051a41e497d36130ea920e8732d8e90
MBPP+,LoRA-Flow,41,mbppplus-240,False,FAIL,6a1b6ba0c501acfd23d2ca2958eb23ff93cb1c94fdd9d7c8b62cef67b442c2a8
MBPP+,LoRA-Flow,41,mbppplus-242,True,PASS,ae2544fe51988fe798495719d64d7a44acddc66176c6978bdb453c8e3c5286fa
MBPP+,LoRA-Flow,41,mbppplus-244,False,PARSE_FAILURE,fbfd0cb8804956e5463287b4a16efb1e66a89d3951ea022d41f4c0cd93fa1604
MBPP+,LoRA-Flow,41,mbppplus-245,False,PARSE_FAILURE,b28c03a04447d0443b8f8d492add6e096b4fe7c2a5b7f371b1c492af5b8714a2
MBPP+,LoRA-Flow,41,mbppplus-247,False,PARSE_FAILURE,89d9a86a18ac8afcd59079c0a629cd770894705a97d4febd8ffc93ea1732a170
MBPP+,LoRA-Flow,41,mbppplus-251,False,FAIL,0a18338b146d429fa190745219cc4b96ade2da07aac7b6e44e08f747e9705332
MBPP+,LoRA-Flow,41,mbppplus-253,True,PASS,e52c9ff4471eea467f09ebe966e764288d6833fbd73a69777f7deee26e27d8ba
MBPP+,LoRA-Flow,41,mbppplus-255,False,FAIL,6e3f69e3e57819f3c64730aca8f3c716b30c7ae6154c4a786f545904ff7d88a9
MBPP+,LoRA-Flow,41,mbppplus-256,True,PASS,6f135053c9f22c25e30be88123d7ba9354dc2247dc340242b946e0e2e35fd464
MBPP+,LoRA-Flow,41,mbppplus-257,False,PARSE_FAILURE,0b4437bbd8c23893c03a71889c4a9085b0a6c4483797bd8e444282587a4abfd3
MBPP+,LoRA-Flow,41,mbppplus-259,False,PARSE_FAILURE,c013764870b2803160e34be19744abe564cbe73f05c38dc749c239a6ef152d22
MBPP+,LoRA-Flow,41,mbppplus-260,False,PARSE_FAILURE,be59be2589ee2d052ce3d3d2193bf0c594ee1a2cbc20309c9b9fa3e9a5490882
MBPP+,LoRA-Flow,41,mbppplus-261,False,PARSE_FAILURE,1c1e42c482a1d81e9fb7da025d79e76b1b146cf2e285949961f62c3aaba4abb2
MBPP+,LoRA-Flow,41,mbppplus-262,False,PARSE_FAILURE,24dabbbaaf720da20556c336fe0fc45caf419a2a74dc12adaef5586b7293bd33
MBPP+,LoRA-Flow,41,mbppplus-265,False,PARSE_FAILURE,7c23ab311c7be3d24add3ecad8c5f3ef7e62aa983d2f37b8f315f970926ea4d3
MBPP+,LoRA-Flow,41,mbppplus-267,False,FAIL,bf9be78bb735b5b1e7b4f068330c435fa1361819720a53345cfee8dbf95262ad
MBPP+,LoRA-Flow,41,mbppplus-268,False,FAIL,6cef78cedb7c83ccf08e3e26f41fd7d11fa7d1e533b8d48b04f8f0d9313e17c1
MBPP+,LoRA-Flow,41,mbppplus-270,False,FAIL,c718b8ea8885db0b296e0938e5c8ae586933f178d2e269758ef76c16818554a9
MBPP+,LoRA-Flow,41,mbppplus-271,False,PARSE_FAILURE,0ea884ad60c596cbe0cdbdf8d082a466f608cfe7d3f0fbd4eea725e4a0ca9b86
MBPP+,LoRA-Flow,41,mbppplus-273,False,PARSE_FAILURE,930ad68f5c5817bb3b118c57bb0c23f22e1429dfb3bdc181fcacca66ef346d05
MBPP+,LoRA-Flow,41,mbppplus-279,False,FAIL,ecea62ff3c5953d6051bfcbe5c755b525af91d509daf20ba3b8739223b1414fb
MBPP+,LoRA-Flow,41,mbppplus-280,True,PASS,f3add2dbb90cb09a50df835d84507575071d918624fd2d1a85fa67fbb09dd64a
MBPP+,LoRA-Flow,41,mbppplus-281,False,PARSE_FAILURE,0f3eb3244937e3d5b2def800fc65e3ffb665802c9881de3addcca691d2862b2f
MBPP+,LoRA-Flow,41,mbppplus-282,False,ENTRYPOINT_MISSING,eab22ad1a85174d526ebe00c73d9a76814b3bd77a27c85e887a5d2cd6c1a48c1
MBPP+,LoRA-Flow,41,mbppplus-283,False,FAIL,bdf5490f3e4aa93d5f4cdd097cc4522fa2323adaabcfddb9f163e7e775673d9b
MBPP+,LoRA-Flow,41,mbppplus-284,False,FAIL,23022e894ae941484b9613cb1eb88f2735e761d181c68c66a193d903ebb25b87
MBPP+,LoRA-Flow,41,mbppplus-285,False,FAIL,afd3efffa3afd5e944ef03b042804825dca0a0c43081f6240dad5607f10bef11
MBPP+,LoRA-Flow,41,mbppplus-286,False,PARSE_FAILURE,d63800bfa2c6ce974c3ea70dc8e8fd33ae2c153bbb69f6ddf1b4d1c36932c251
MBPP+,LoRA-Flow,41,mbppplus-287,False,FAIL,3c8ea62687c0892b0c1fb5dd8886aaafc66be68b5d169e4715d5f656a2ff8ff9
MBPP+,LoRA-Flow,41,mbppplus-290,False,FAIL,3d716fa8b92bd3ba103d50f9f27eedc90add2f9b9c9e38b896c2fb3279886990
MBPP+,LoRA-Flow,41,mbppplus-292,False,FAIL,585cb04b93d7a9bcecb7951cb1ee3ba387c4d6c98083a29154b5caaaf9b4c478
MBPP+,LoRA-Flow,41,mbppplus-293,False,FAIL,13449dd79b8e99080232da6c9309e1a2b33dbef8188ab7fc88fd256bc1b72dd1
MBPP+,LoRA-Flow,41,mbppplus-294,False,FAIL,5b99c5924c0075c02872b3b3d571d5d8892fc003d98d09ba5c3960578835a6c1
MBPP+,LoRA-Flow,41,mbppplus-296,False,PARSE_FAILURE,ed090b32616e7bfac42d4c772b408c70c2966e7c79a0c3a98c6a5ea97548a6b9
MBPP+,LoRA-Flow,41,mbppplus-297,False,ENTRYPOINT_MISSING,6cb51eb9676e37787de072f0cd2daed2670c0e12e1e93c8bdb8edfc058abdac9
MBPP+,LoRA-Flow,41,mbppplus-3,False,PARSE_FAILURE,14c4612fb99a518a6e1c3aaa6c38e9b0fbc5468cef55ecee7a74f35b294039be
MBPP+,LoRA-Flow,41,mbppplus-301,False,FAIL,ffab653e5d3badbf98a51cf9c80726cb491a43202ed109c8f495fb8e65e5158a
MBPP+,LoRA-Flow,41,mbppplus-305,False,FAIL,bb15b5ed3c410810a29ac8ed1712d9d093b72df08bc46152dc3e04949e5119d1
MBPP+,LoRA-Flow,41,mbppplus-306,False,PARSE_FAILURE,973fbc709b7432e21107bb9905e49efad3b704ad6567e209a04b4b87b3964627
MBPP+,LoRA-Flow,41,mbppplus-310,False,FAIL,0465ea01d6519d086e156b64fe5208de6aac014a1cc045f93aa5ac5f5217227d
MBPP+,LoRA-Flow,41,mbppplus-312,False,FAIL,da8ec62b7ea68299ff6c37bb3267599a1acce64763656cfd269fe91fbbad63b3
MBPP+,LoRA-Flow,41,mbppplus-388,False,PARSE_FAILURE,a9b5d7698802feda87912d47e94b3e364dff2da3e512bb98585b42f32c5d0326
MBPP+,LoRA-Flow,41,mbppplus-390,False,FAIL,5759b6851e9101e5e7e4fb077fb6ef1e7e13825495141c6ada6297070faa1ef0
MBPP+,LoRA-Flow,41,mbppplus-391,False,PARSE_FAILURE,070ed86adf39df8c35a211df008cb0411955a96fd7eba0e73c7157e2ba5a7d52
MBPP+,LoRA-Flow,41,mbppplus-394,False,PARSE_FAILURE,6d21b417b994fed2712c0211c871af279e28def3bd0c61f4e5ea1c696e2f2382
MBPP+,LoRA-Flow,41,mbppplus-397,False,FAIL,8206aca9c5aa786cc4b235bcb3d5db0bcbe3dd938d14c55b741610513f624b6e
MBPP+,LoRA-Flow,41,mbppplus-398,False,PARSE_FAILURE,b3300a8acd4bb48542016cdd821b171b0349fe6b524cae099c94976f9306f1ad
MBPP+,LoRA-Flow,41,mbppplus-404,False,ENTRYPOINT_MISSING,b0fdd844735a2153bb7da05ded20f1b0bbd6aa76eae21a27dbb01ef7d3ce496e
MBPP+,LoRA-Flow,41,mbppplus-410,False,ENTRYPOINT_MISSING,42545350c9c5fd8cf552b8437af75477c8a49a1f82e782f1c4631dc313228fc5
MBPP+,LoRA-Flow,41,mbppplus-413,False,FAIL,571f8c3581f4231c17e064e05cbaaa9d502de7b71dfaed9bfc30ba3dbfeda5bf
MBPP+,LoRA-Flow,41,mbppplus-414,False,PARSE_FAILURE,7962662df7419307b3c2be509ec4de9b640e1399d6769559a25d7fdb9e51b453
MBPP+,LoRA-Flow,41,mbppplus-420,False,FAIL,bf5c474795d7fee8bb0169dcfb52090ed9f21a86f7f4dbf335922fea0a01ce34
MBPP+,LoRA-Flow,41,mbppplus-421,False,PARSE_FAILURE,542f58d8b39c6d6ad38d83b66e76f62765c115a401b3d61d18531a8d1bef6a8f
MBPP+,LoRA-Flow,41,mbppplus-424,False,PARSE_FAILURE,c4e287832dde7b2312c99adb73a119fb54b3a743ed06e6cb1a4d796b6f86568b
MBPP+,LoRA-Flow,41,mbppplus-425,False,FAIL,a86fb227d6964e426f6f8d090c074229241dc03cd04eb51d06e654fef334d595
MBPP+,LoRA-Flow,41,mbppplus-426,False,ENTRYPOINT_MISSING,6d56f63053087b62de22facbec6a086d113146837714596201bc05fa1cd0fd03
MBPP+,LoRA-Flow,41,mbppplus-427,False,FAIL,4d42aa90a9f7af16ffa314211b2f608429c8d5f691baaabd6caa259b6dbe3522
MBPP+,LoRA-Flow,41,mbppplus-428,False,PARSE_FAILURE,14acc27acd06cf955cc36ac9dfe588b88bb69b8b8e24e7822c935a2cb66c185f
MBPP+,LoRA-Flow,41,mbppplus-430,False,FAIL,155a20389c879183bf69c70df9b014568accf0df6a9c398acaf4fb1776302b91
MBPP+,LoRA-Flow,41,mbppplus-432,False,FAIL,2b5c83ec99ec751166e57916b6bdfcedecdd22b4f81d6e7e3d77b46c5a35192f
MBPP+,LoRA-Flow,41,mbppplus-435,False,FAIL,5d73b9f493a1a1ba0a05b417983a78e5f7ec0ad0f1dfddeea195ba2086a5d322
MBPP+,LoRA-Flow,41,mbppplus-436,False,ENTRYPOINT_MISSING,d51edb6096eed22a47c8831bedbe4c987108e1996672204e312840c0b93ad215
MBPP+,LoRA-Flow,41,mbppplus-447,True,PASS,659246883d11fb1f256650ce014d87d989c8ee1d441d9dc22d3818b0e170535b
MBPP+,LoRA-Flow,41,mbppplus-450,False,FAIL,99e717fdb5e54a12c0df9ca9736c530c25539fab6b2f1c5760e61ef8c3ba4e95
MBPP+,LoRA-Flow,41,mbppplus-451,True,PASS,db87158b9613048a047e57b9d157cb6313671ddfc0f74b072080716d9e39be0e
MBPP+,LoRA-Flow,41,mbppplus-454,False,ENTRYPOINT_MISSING,670f6b99cd06d5da0757418ea6114b75caf9a524420654679655f03034c95835
MBPP+,LoRA-Flow,41,mbppplus-455,False,FAIL,d4617164fb735bbb361aa35a8fc2d61c3d1e173b64a82fcdecc28d58ab5afef0
MBPP+,LoRA-Flow,41,mbppplus-457,True,PASS,5fa56ca42600ab90bfa379f47a12fa9c3af04d5b6fd32420333d44714b21275c
MBPP+,LoRA-Flow,41,mbppplus-459,False,FAIL,77772abf04542a05387f7662d711fe415935fe377f5d4633711180d79406a023
MBPP+,LoRA-Flow,41,mbppplus-462,False,ENTRYPOINT_MISSING,d9224d88935887676f2ebb98e7d09595a2a8e805764c2a778d13148f7e005ed5
MBPP+,LoRA-Flow,41,mbppplus-463,False,PARSE_FAILURE,266c5b7b7bf3d891775c432774db5a6df5c1433dd1e1960f0ac4fba351e7ae43
MBPP+,LoRA-Flow,41,mbppplus-465,False,FAIL,2a182a0a92fa59dcd369943fcd2b4d8475282731f0941bc96efdcbccad09c1f0
MBPP+,LoRA-Flow,41,mbppplus-468,False,FAIL,594639c6dc58de42f5c6f82c1a026d7f9186d4e845933f48884900cb5d1cc8e0
MBPP+,LoRA-Flow,41,mbppplus-472,False,PARSE_FAILURE,fbe6177e7148b1923a0f5e7e7ed59e79deb74b521b763bfc945b57484d837394
MBPP+,LoRA-Flow,41,mbppplus-474,False,FAIL,22783b8c588aeebd55c6657b3552dd5407e727d45bee64ceeda56bb6d4bb4329
MBPP+,LoRA-Flow,41,mbppplus-477,False,ENTRYPOINT_MISSING,7b9726e481cfbcdba4f1f1b450894ae99f15c04634d94c7bb8bc3c0361a047d1
MBPP+,LoRA-Flow,41,mbppplus-478,True,PASS,087c1f8af92037a4fa0259b24dca6e7df38c0d2e60387dd8330b699ccb0651ca
MBPP+,LoRA-Flow,41,mbppplus-479,False,PARSE_FAILURE,ccecf0577c8aaa93f9742b31b6e7407dca7f55f5f5dc944b640340d6cf30c55f
MBPP+,LoRA-Flow,41,mbppplus-554,True,PASS,cc7b633f94719d15cde95a5d54c7e841b4902a825355d4373a01364e911e716f
MBPP+,LoRA-Flow,41,mbppplus-555,False,FAIL,ada43fd333121407e1eb1ce33de86c4e78cf33bdf28957ef4494896d63380637
MBPP+,LoRA-Flow,41,mbppplus-557,False,PARSE_FAILURE,527860e4341dba385416716a8677140f2dd79f5eb89b70ed51de4f10e610b5a3
MBPP+,LoRA-Flow,41,mbppplus-559,False,PARSE_FAILURE,d89fd1d3e38eddc06b065d316244fc5a9707f0dbe6b15aec87d70cdaa4200a09
MBPP+,LoRA-Flow,41,mbppplus-56,False,FAIL,33e5cfb17b9886d5291f1a59a2a66e2f5e803938c60287ce091fb6cf92b2639b
MBPP+,LoRA-Flow,41,mbppplus-562,True,PASS,d5abc8bc21afc45db8667c18f1871e48af2bd989284450dc05bbb5e1180a7884
MBPP+,LoRA-Flow,41,mbppplus-564,False,PARSE_FAILURE,b6cdffbd5bee8165eb42778841fc3abb6885174e08c7415be5cbae526373a84f
MBPP+,LoRA-Flow,41,mbppplus-568,False,PARSE_FAILURE,f2b4074032bac09c1bd80cdb23e212ba9c5875a9d8aac0eaf65d49207b870913
MBPP+,LoRA-Flow,41,mbppplus-569,False,ENTRYPOINT_MISSING,19d87bbda4806ead4750491e2c68439edac188d620c8f4c094e0869d8ebc320b
MBPP+,LoRA-Flow,41,mbppplus-57,False,PARSE_FAILURE,852a2321ea9194de34b1e97f605ee796ed4acc287dda5111050933fd1de24e0d
MBPP+,LoRA-Flow,41,mbppplus-573,False,PARSE_FAILURE,9340c5fad9e3c1d3c415c0b6d34bb56e6139f012176d001ccb8d765170d5a6a9
MBPP+,LoRA-Flow,41,mbppplus-576,False,FAIL,cc2494eb6c99b50e930adee6f8c2f605b925a37694c606e00f2c41aad52f822a
MBPP+,LoRA-Flow,41,mbppplus-577,False,PARSE_FAILURE,ff85323f1873395a60796513c47ea2fa90f55aa57263471d6a597accc30d3a2c
MBPP+,LoRA-Flow,41,mbppplus-583,False,FAIL,16e731c7ea03b0d7089a766a90a1d21957ab8dd54546d1e57411a73c1a39e1be
MBPP+,LoRA-Flow,41,mbppplus-586,False,FAIL,6fb24edfa3e438ddd1099e01055f09c540c5314b9f6d2b5a237ef002b65da570
MBPP+,LoRA-Flow,41,mbppplus-587,True,PASS,d8d28df736a845cda8d2c50e9927149debadbc862128e6bbfebaddea6174268a
MBPP+,LoRA-Flow,41,mbppplus-589,False,FAIL,c43448b2e7986435e8c051c56c90de92dc495baf3a569785ea8f96390321ce4e
MBPP+,LoRA-Flow,41,mbppplus-59,False,PARSE_FAILURE,5584257ff06cc522c0682135a1d7104950207e06eb20c2687550db283f916c58
MBPP+,LoRA-Flow,41,mbppplus-590,False,PARSE_FAILURE,5a0e7e53deab759b77e0d88b1a0ed571363522eb1f967e06922bd19ff2b237d2
MBPP+,LoRA-Flow,41,mbppplus-591,False,FAIL,183419700f108c5b1fa6e696d663f4be327e5ae9ac90a17ba31b6da92b1e2668
MBPP+,LoRA-Flow,41,mbppplus-592,False,PARSE_FAILURE,4fcefbee61f22c159a771f9b44036eb526bf40cba622818e32294463a2495de9
MBPP+,LoRA-Flow,41,mbppplus-593,False,FAIL,0660637a993de9b87cc17c9a5cf6bcea787ceac876f468699231a3ac0e221d8a
MBPP+,LoRA-Flow,41,mbppplus-596,False,FAIL,1dda3dd6bac56d70f890f197e4b1c5bf389caf11ba7409ff79db57e280cccf06
MBPP+,LoRA-Flow,41,mbppplus-598,False,FAIL,0f2e2f86ad9a3d1bd7a75e3fca696607cd0fb75d479e86ea3b9510077dc37d55
MBPP+,LoRA-Flow,41,mbppplus-599,False,FAIL,bf8d60369f817ea7101600809c3687322901da61fe936a62bd3c0e785901b0d3
MBPP+,LoRA-Flow,41,mbppplus-6,False,ENTRYPOINT_MISSING,bc81891ea6de93b80baa1c1e9356fb2587710d60581d93504fbab9858ec88156
MBPP+,LoRA-Flow,41,mbppplus-600,True,PASS,db7bcbe60bb6335fb2fdc0c75e770e638ffdb933e8553c175e931ec21aa6254e
MBPP+,LoRA-Flow,41,mbppplus-602,False,PARSE_FAILURE,c686c8cbde12e5262a6e564327531dfba87cd1d55d7bf14508f569e5ab576a29
MBPP+,LoRA-Flow,41,mbppplus-603,False,FAIL,e943d66afcf9c5b2d4582e810889898d4e784ea3e6bb25c1b3b0414422dd84f8
MBPP+,LoRA-Flow,41,mbppplus-604,False,PARSE_FAILURE,81e3a26b7e26c9af19b1d46634bf1f7b212d3ed4b695ef5689b8cc404ee7d6a2
MBPP+,LoRA-Flow,41,mbppplus-605,False,FAIL,db3b32f769dc2b6b77e27823ddc2aa23042b15eeeee52e153d72499b3e281589
MBPP+,LoRA-Flow,41,mbppplus-606,False,FAIL,14a0f7423ec52193dc951224e9fba6e829e9ca01a6d958a06b1651536a25228b
MBPP+,LoRA-Flow,41,mbppplus-61,False,PARSE_FAILURE,61b6e5c7740b964e80f2536fa602e0bc6955ec4289df4b96a0e69d0600d70763
MBPP+,LoRA-Flow,41,mbppplus-610,False,PARSE_FAILURE,72d2a25bc5d89207386802f836347f1229559af250d7e31f510f580b24780f4b
MBPP+,LoRA-Flow,41,mbppplus-611,False,ENTRYPOINT_MISSING,bbc80848f0adf802d7f539cbd7c15055d486dba3332f73fa4992a5dda5eb6f66
MBPP+,LoRA-Flow,41,mbppplus-612,False,FAIL,582b21e7bcda77939eb3902367771ec68e3f274d4586ca8c3834939bf2c33720
MBPP+,LoRA-Flow,41,mbppplus-614,False,FAIL,8c8e2335fb33879ad4cb46e7fd876e1d37b4ecc1ce93159f921110d57c6a2781
MBPP+,LoRA-Flow,41,mbppplus-615,False,FAIL,2f4e261b9563b01ce50183470048fc52fc60f7452fd6367df56cc8d7a302b1e4
MBPP+,LoRA-Flow,41,mbppplus-616,True,PASS,bac8aa30da0dfd0d0472c25c6bec86421200547bab49a0626714903ab1ef54f9
MBPP+,LoRA-Flow,41,mbppplus-618,False,ENTRYPOINT_MISSING,8ab0e6b52a36f77d4a195658e47705fde1cbe8439569d0893143984b760a0d6c
MBPP+,LoRA-Flow,41,mbppplus-619,False,ENTRYPOINT_MISSING,dfaf1ca9fc8310cd4998d6c275dffcb656a22007ac1c7a27791384854f22a7f2
MBPP+,LoRA-Flow,41,mbppplus-62,True,PASS,02dd84a1f65b0832ca0c930c2e0eab2943b73beed27fc0dd2264d663a506b0ba
MBPP+,LoRA-Flow,41,mbppplus-620,False,FAIL,3b8aa26fa311229b83135a23b95df892b0701db4bb39a77c9443371a0b5ff730
MBPP+,LoRA-Flow,41,mbppplus-622,False,FAIL,4fbd60b0f34b9b55ac2c0f5a76636adac066f598bb8635d3ebc6a75037f250c3
MBPP+,LoRA-Flow,41,mbppplus-623,True,PASS,c6d6090f4b2e2cde410d1bf7ba5b59cd176fde5d292060c99363583fd77de980
MBPP+,LoRA-Flow,41,mbppplus-628,False,ENTRYPOINT_MISSING,3a1271e77215b48127e018d83ba06968063f0dd7febce24725ebcdf864956203
MBPP+,LoRA-Flow,41,mbppplus-629,True,PASS,55474a71f63b1a9596a850e72840cc6795679770f65d8197d7774e3801daa464
MBPP+,LoRA-Flow,41,mbppplus-63,True,PASS,2c67bd5b1c85e7a8c5ad205f6fa45e55ab5ab1f8991e15ce96017b4698aaa255
MBPP+,LoRA-Flow,41,mbppplus-637,False,PARSE_FAILURE,c65b15d25f1a99cb23a03e4cfce347dca07dc5b9991866f14a9aac04ffcb3dbe
MBPP+,LoRA-Flow,41,mbppplus-638,False,PARSE_FAILURE,e89557db79986764fc7db9c1d0a195437ca2e42aa55b639164383c489f9f7760
MBPP+,LoRA-Flow,41,mbppplus-64,True,PASS,ff3d040d1aca7f2c30124a5f9ba99f6991f629fc04ecd41b515bff3a0785ef37
MBPP+,LoRA-Flow,41,mbppplus-641,False,PARSE_FAILURE,e88cb7e0edff9ee5623404c438365c1818b9de668d3de764156385654b5845ed
MBPP+,LoRA-Flow,41,mbppplus-643,False,FAIL,9c5b6601ebb118ef9b2e4e0e7179c23a7bea0e45e0e649033ccebde6a30901c2
MBPP+,LoRA-Flow,41,mbppplus-66,True,PASS,9f2f4cfc86e6b9c6f61d02e6779edd508aef1287000e6f03ee980cc929fc625c
MBPP+,LoRA-Flow,41,mbppplus-67,False,PARSE_FAILURE,7738ad68d76b952df894bea48d0f5cdcd1b826437d66eed5b2d92bb1ca43f314
MBPP+,LoRA-Flow,41,mbppplus-68,False,PARSE_FAILURE,61ce76eeaf00f9b019019803c5d485b6980a8fd98d8bc4fb9a01637e1a9148ef
MBPP+,LoRA-Flow,41,mbppplus-70,False,FAIL,5ff09de320f089bbf6c8a931428abc41c9ad31b4f04b134ddcd889abbff16d8b
MBPP+,LoRA-Flow,41,mbppplus-71,False,FAIL,7cba01a324e5bddf7be2d3bcfc763f317e4153a0b10fd31a351f46f6141bb65e
MBPP+,LoRA-Flow,41,mbppplus-72,False,PARSE_FAILURE,b4c877829a99d957ec59652aceecf03703ebaf5e43e97b3972157ee1de5bb1d5
MBPP+,LoRA-Flow,41,mbppplus-720,False,FAIL,4c06c50aa41b5ee5c3b82287d6445745fdb35a6005cc5e8654bd648ba651f4a1
MBPP+,LoRA-Flow,41,mbppplus-723,False,PARSE_FAILURE,bbfe6ecfe75ab20fdf1f4957a1e3e997e58845515003d402e41a3ce76b6644ce
MBPP+,LoRA-Flow,41,mbppplus-724,False,PARSE_FAILURE,379e5146e8f8845d5097561f7540e706384ebf7544d2036fecd7c0107b69c1e4
MBPP+,LoRA-Flow,41,mbppplus-726,False,PARSE_FAILURE,95a1252dc99ece9d0be7d51851022628288026c7e49c561077ce7ca3da42c29a
MBPP+,LoRA-Flow,41,mbppplus-730,False,PARSE_FAILURE,0ed9e022cc6df2be476cb48fc9ef08102d0c83e0a9c1f4aad100204df0406817
MBPP+,LoRA-Flow,41,mbppplus-731,False,FAIL,1efed96c4abdf63698de8cac2bcca12f96630c5a13f495f433eccef5b8456ab1
MBPP+,LoRA-Flow,41,mbppplus-732,False,PARSE_FAILURE,1cc7cac78444790c5d257ee9a880bf18e2e28572bf76244303d4aa2cfa1104d6
MBPP+,LoRA-Flow,41,mbppplus-733,True,PASS,19f9d9ebac8060ecf1a7d210b745332e02a698ff0f869b9a7b988ca6ac5e2ec7
MBPP+,LoRA-Flow,41,mbppplus-736,False,FAIL,e6a38b53983de3389e2b2941612cf4c45c6b5b18ebf42b661bce3e78f335c64e
MBPP+,LoRA-Flow,41,mbppplus-737,False,PARSE_FAILURE,f5a5b156c0eecdb70752af4b8dad057c7b78452a76952323750c9f4c508302d1
MBPP+,LoRA-Flow,41,mbppplus-739,False,FAIL,b9c00a950e91e0dd13b1640240e51c8b897fe594e3dab45a5d49051bbae97e05
MBPP+,LoRA-Flow,41,mbppplus-74,False,PARSE_FAILURE,8dbab91a92e6a5c7b509bbe423b991651c328343fa4e6a487ae713e9118079ac
MBPP+,LoRA-Flow,41,mbppplus-740,False,FAIL,bd6f6ee1f35786daa27594956b6e2e6dfd20025917da4d011b6122a2a22eb034
MBPP+,LoRA-Flow,41,mbppplus-742,False,PARSE_FAILURE,de91266a7b10ae7c79b077987e74b047ae842e02ca9ff515ffc15c0a170ce9f2
MBPP+,LoRA-Flow,41,mbppplus-743,False,FAIL,80f17578312dc84b6162ea2bbec932589e6099cc5b43e116a502bd3e3b494526
MBPP+,LoRA-Flow,41,mbppplus-744,False,FAIL,08a66349f17bcbe8256521ccd537d4be2c6d119a2678d3e9556256f642735571
MBPP+,LoRA-Flow,41,mbppplus-745,False,FAIL,97886c840b52fa56cf4736a6d3d83d564afecd72c4d03a3a4a8f3dc462960d31
MBPP+,LoRA-Flow,41,mbppplus-748,False,PARSE_FAILURE,efe93428f6418bd4faf72a011e7b0d759f765d365ecad77a3cb7bef91c62e7ab
MBPP+,LoRA-Flow,41,mbppplus-749,False,FAIL,e72c378372bb345eb93dd186753edfd7cc6e88c963e9526e92d8d5fcde2f0885
MBPP+,LoRA-Flow,41,mbppplus-75,False,PARSE_FAILURE,923b2e78c854d8cd3f5ea309a00a0053184479113d18757bc30034cedca6b87c
MBPP+,LoRA-Flow,41,mbppplus-750,False,FAIL,75e731fde9e7c410a882a0f46947182fc185ed74a57716ee1dd76abf4ad309ff
MBPP+,LoRA-Flow,41,mbppplus-751,False,PARSE_FAILURE,01bc7a30020ec5c5d93acdc124c1a30c82e79d6a77fcd6b119bfc316aeca4949
MBPP+,LoRA-Flow,41,mbppplus-753,False,PARSE_FAILURE,9e3ab61fff51382ffa91815dd58f8cc584fb1fa224501359e4b0f1cc31bdb54c
MBPP+,LoRA-Flow,41,mbppplus-754,False,FAIL,d8b065dfa36eeb99903753fbe08d9125f76cf28ffbafc4f980e58a04a66a62df
MBPP+,LoRA-Flow,41,mbppplus-758,False,PARSE_FAILURE,99124c20cac539e114dad01b64cfe9711adc4512d8011d2f6c4eb429d06fe8a1
MBPP+,LoRA-Flow,41,mbppplus-760,False,ENTRYPOINT_MISSING,d1d934a5bee40550fa9f52924f0408a2e837bcda033a4c7c03ad69491630c472
MBPP+,LoRA-Flow,41,mbppplus-763,False,FAIL,311d98fe92669b61a8a18bd32433f8659e5e6beffc429dad60bb6a647245f7eb
MBPP+,LoRA-Flow,41,mbppplus-764,False,PARSE_FAILURE,78289828b491efca98e7b0f26b7b888e6fbba2c3474d57b1c7719d1ee0db833d
MBPP+,LoRA-Flow,41,mbppplus-765,False,PARSE_FAILURE,b14a555b7cf68b3c8865fb4fde9a2c39d07b96c9c8733eaf2703636c1cb18dd6
MBPP+,LoRA-Flow,41,mbppplus-766,False,ENTRYPOINT_MISSING,425ad3d8cf5cd9d919439adc9d7f521c86b97dfe9229758afd87507767b5e9a3
MBPP+,LoRA-Flow,41,mbppplus-767,False,PARSE_FAILURE,693a30f6ff1aac7dc06d2850ffdaac29f0bcfb931ba9806ad959d8d58b05a1be
MBPP+,LoRA-Flow,41,mbppplus-77,True,PASS,bf8b7a0ca4e016b5febf674a9ef82f640e97b755a6a60462a865287f42975587
MBPP+,LoRA-Flow,41,mbppplus-772,False,FAIL,edb964b5b5ee56a6208defcf61c7462314dbea1abe4d112154cfd2f3119f82ca
MBPP+,LoRA-Flow,41,mbppplus-773,False,PARSE_FAILURE,1287e8273742d7696b14cce5f5be40510cf7061e1bcd2db1e5acaefff493bb20
MBPP+,LoRA-Flow,41,mbppplus-777,False,PARSE_FAILURE,41167d1131d2546e837fe4f130bc55eb3d87c9e0b7fdd3c599457093ea8776d3
MBPP+,LoRA-Flow,41,mbppplus-778,False,PARSE_FAILURE,047a4bdcfa3c8f855508043f1c44d9dba23d78db401d84681478928affa29cdd
MBPP+,LoRA-Flow,41,mbppplus-780,False,PARSE_FAILURE,53f6d85d05c696edfdf889e86894d23d464e5e030e10ce76766721d9f5e85d95
MBPP+,LoRA-Flow,41,mbppplus-782,False,PARSE_FAILURE,1271cfe4efb875f78e4c849f83ef61f2a49ec4ea5576eec6cf6fa4281d0b5371
MBPP+,LoRA-Flow,41,mbppplus-784,False,FAIL,5b1ace16c4e082553efa0789a01ed7d6e63752c0bb75ed1a295817a4e7d68066
MBPP+,LoRA-Flow,41,mbppplus-786,False,PARSE_FAILURE,bb94ec6a0b966fd22294f531b6aac40e6d4b60887db5ae350c8a3b976a4628bd
MBPP+,LoRA-Flow,41,mbppplus-787,False,PARSE_FAILURE,6085e3db50890be59242f2284d13c30f52e7089f7216d39efa583005d3087779
MBPP+,LoRA-Flow,41,mbppplus-79,True,PASS,a59c84088f42757fc1a35b81a7b182c486f2c11216f97b7ffe582fa0e73a733f
MBPP+,LoRA-Flow,41,mbppplus-790,False,ENTRYPOINT_MISSING,0766b8bb158e77e6253058a7ae180f0a1a1aa9d99f02285ef8903ac969a1ea83
MBPP+,LoRA-Flow,41,mbppplus-791,False,PARSE_FAILURE,3ecf0f12e5c7d2a60a434bab8ef921ecf859f72266ef14070eaa2394780ac399
MBPP+,LoRA-Flow,41,mbppplus-792,False,FAIL,cc2e3ff0414505b600083a437b00b6721667fc3b4adc2d3d3387788bafdd27d2
MBPP+,LoRA-Flow,41,mbppplus-793,False,PARSE_FAILURE,4bb805d7f2d6f7ca22a18490bfd24ad5d7138a6087d9c336e6a2e29e76508007
MBPP+,LoRA-Flow,41,mbppplus-794,False,PARSE_FAILURE,979554096aceb7d1cdaca5e8274859a98a9ddafeab1fd2bced7d13a1545bea5b
MBPP+,LoRA-Flow,41,mbppplus-796,True,PASS,6c431eb9cf48c863f29b31750de6bc4c39cf4de278a99f8e25fc928fdeaf9e55
MBPP+,LoRA-Flow,41,mbppplus-797,False,PARSE_FAILURE,bcd2ee367375c6ccd1704e2629395556cae79f60dc7308e3951bd2c8c8e17421
MBPP+,LoRA-Flow,41,mbppplus-80,False,PARSE_FAILURE,e11ac1b506371ad158be7f36bf35fc3a63214b7bc5b3f7f006dd09217de7da0a
MBPP+,LoRA-Flow,41,mbppplus-800,False,ENTRYPOINT_MISSING,b909ee8535854e2d3868fd57e7b11c6d44d60997d5427c20c09c5ff7d9f9fdd6
MBPP+,LoRA-Flow,41,mbppplus-803,False,FAIL,a2ed206304b8d77b1da76d7b071429d879ca88282cc1bd8000f3b0814e84121b
MBPP+,LoRA-Flow,41,mbppplus-804,True,PASS,4f2e0552cd4b7241b1fbf32c4e16b671955b91225e52e6551901acb4e92f1963
MBPP+,LoRA-Flow,41,mbppplus-805,False,ENTRYPOINT_MISSING,e95a16fe96faf5ceb628ca59bd9ff377351668bd989caef46f57692207201cb7
MBPP+,LoRA-Flow,41,mbppplus-806,False,FAIL,bc1a92b08037b9d996e6936834b1df5f0179d63a1aa16fbe17fb1f2d8e2ebcb0
MBPP+,LoRA-Flow,41,mbppplus-808,False,FAIL,9761dd02e467e685cd33bd60686b5e7bb531ad5fb4dc7f3ebedb8379a9180c2d
MBPP+,LoRA-Flow,41,mbppplus-809,False,PARSE_FAILURE,070a30dde58a422bfe31994fb41a30ca27b2bfe09a35e859c6c6fc9ce6824973
MBPP+,LoRA-Flow,41,mbppplus-82,False,FAIL,73c3c1f6812a3c9cf5a38ff8d7a325df741013777ca1ca49deb13086e1b9d458
MBPP+,LoRA-Flow,41,mbppplus-84,False,PARSE_FAILURE,5bfb77ebc8fce497ce2443092a27d6274267f3dba8103607fa47cde67749be52
MBPP+,LoRA-Flow,41,mbppplus-86,False,PARSE_FAILURE,f6c9bde7bb2484c28ba585089d90c049414753b578fc7c084b438857cf57a01c
MBPP+,LoRA-Flow,41,mbppplus-87,False,PARSE_FAILURE,31c0fd812b2e05ac9c0306693a3087506ccdfadd3914110da33e03478f89d183
MBPP+,LoRA-Flow,41,mbppplus-88,True,PASS,8857f6abb973fff9266de13e2a5b9fa67fdf5c1aeab89bd8bade3f537d381d7f
MBPP+,LoRA-Flow,41,mbppplus-9,False,PARSE_FAILURE,26f2b33bcf86978244fce74b64ddff6f821a3a99138182d7d074ceffb1d08200
MBPP+,LoRA-Flow,41,mbppplus-90,True,PASS,4a89cd444b0c4f07854909d2c5062c5c88dddd6c51182c0df667dd02a6aa9e53
MBPP+,LoRA-Flow,41,mbppplus-91,False,FAIL,16f5873a8a5996746a3c32c6a397508689af756750042d582fa467710ae6790a
MBPP+,LoRA-Flow,41,mbppplus-93,True,PASS,53ed53656424e3ece4c7190ef5e07554d4d534704588b9c3049b8540cfdd2735
MBPP+,LoRA-Flow,41,mbppplus-94,True,PASS,982e76b502902e91fae06007830825a8e26c6a9340d048c28232e61724258775
MBPP+,LoRA-Flow,41,mbppplus-95,True,PASS,db317753d3338ad9b837ff6d801094f318538425a2615cfefab4f01fa0f279f3
MBPP+,LoRA-Flow,41,mbppplus-98,False,FAIL,461c85ee36434909245292e60eae193ee6e89eee57405681e844b4520149483a
MBPP+,LoRA-Flow,41,mbppplus-99,False,PARSE_FAILURE,4bfa8e5f178720ea269acab5441f7b5316cc20d848ab7081f90bab04340110d1
MBPP+,LoRA-Flow,42,mbppplus-100,False,PARSE_FAILURE,3c3ce9f3c8630a448d9cc3de47b8fbf072050ae3ba576c3c92b0ab3b53eaca44
MBPP+,LoRA-Flow,42,mbppplus-101,True,PASS,d0ab05e60b26b9a342acf943e3b5513292e4742b34abe79e4268142a90d13fb2
MBPP+,LoRA-Flow,42,mbppplus-103,False,PARSE_FAILURE,ae27394825b0517062d286e1d1982da8ea58f2bea02cc0f01e8e7dd67dadd5be
MBPP+,LoRA-Flow,42,mbppplus-104,False,ENTRYPOINT_MISSING,796074017421bd29dd347cf9d0945a10630249790f588602ac37db75f394a23f
MBPP+,LoRA-Flow,42,mbppplus-105,True,PASS,5c82623c0fe8b9151adabd899ee8e732a8cc9761e30bfc92be458272ad5e1f05
MBPP+,LoRA-Flow,42,mbppplus-106,False,FAIL,3822a2da666258e4609e038dc28ddf383342b966ce3f8fbb392bf04dda3f9b63
MBPP+,LoRA-Flow,42,mbppplus-108,False,FAIL,deb50de7c4c9a4200af4161ecf989e92cb7b3859fc54f6fe4ee88a8301ae7564
MBPP+,LoRA-Flow,42,mbppplus-109,False,FAIL,40a8427c1cac4a5bf85be4743ace05e06f73631e6bfb144134d7393211936b03
MBPP+,LoRA-Flow,42,mbppplus-111,False,FAIL,8ff828a7514a7775ef58777e5dc6c5156e1b7024b2f0f5966c27dc5ef540465b
MBPP+,LoRA-Flow,42,mbppplus-113,False,FAIL,562398c0b0989976c3ac06fb02afe534c67ccf263866e167ec91f1de1ec7e10b
MBPP+,LoRA-Flow,42,mbppplus-116,False,PARSE_FAILURE,4ee9671edd3db75ffb260d7e0c61613287d31968e152f66eea82a289dbeff564
MBPP+,LoRA-Flow,42,mbppplus-118,False,PARSE_FAILURE,3b1f06765c0678f9b2dfe9b7d3ac166bc50433efb47d32460d35abdce786ea69
MBPP+,LoRA-Flow,42,mbppplus-123,False,FAIL,0af8763949dc041a8ec78eda138502cb8cd46300d845c92f8528384ed2184dc7
MBPP+,LoRA-Flow,42,mbppplus-125,False,PARSE_FAILURE,1d85d4b94fdc794d596d12123cc4e60581f4357f186e3c6c584dee24116cb203
MBPP+,LoRA-Flow,42,mbppplus-127,True,PASS,b8ee7af3f442729a14cc29e4f769b68a4e257001c4c8804fa4015c8a7ced3864
MBPP+,LoRA-Flow,42,mbppplus-129,False,FAIL,3035b7954b307d93fd4c5beefebcc21c63cb74f1f3e276ca70de440b9aad6ee9
MBPP+,LoRA-Flow,42,mbppplus-133,True,PASS,043e98c922086f9599c251f40f3ed93171713455f71782901334b0ad62d7fa63
MBPP+,LoRA-Flow,42,mbppplus-135,False,PARSE_FAILURE,f91c82c691b7cf1b6409a17bb424f3d358f8b693c5a6f27492960082f83098e7
MBPP+,LoRA-Flow,42,mbppplus-137,False,PARSE_FAILURE,20c45cb1b3853a752dbbdffeae32a3b802d6a29324c35a732084e5a2f08f1976
MBPP+,LoRA-Flow,42,mbppplus-138,False,PARSE_FAILURE,4c6a57b21e51036e0de3138a991d6a605a90536662ecec5e4cd91ab1422eb07c
MBPP+,LoRA-Flow,42,mbppplus-139,True,PASS,9627e5f2d0701f02c98cb8a9ada2f8e1776e649a922794468c1e6bc0c9236bd2
MBPP+,LoRA-Flow,42,mbppplus-14,False,FAIL,c9b15b5119d2a76f33fb7530f1a21398253bb4470c6fc53c1022fd9fb2daf4b2
MBPP+,LoRA-Flow,42,mbppplus-141,False,PARSE_FAILURE,097fc16184291874ba116b300ca2eb8e841b94fcfec0936234de97b933d0d812
MBPP+,LoRA-Flow,42,mbppplus-142,False,FAIL,71f669aeb6346b6674a1a2335d4558bf7c88ee412aa7fbf11959e6693961f9a2
MBPP+,LoRA-Flow,42,mbppplus-145,True,PASS,3e562112e8c570fb6b7d4ca815c02009c9a6f1effaa41578fd98cbca88667ebe
MBPP+,LoRA-Flow,42,mbppplus-16,False,FAIL,ae64465e14429241248dcb1fcceef1372cc0aa8f28b555b5b81cdfb609fa6234
MBPP+,LoRA-Flow,42,mbppplus-166,True,PASS,42cc1c335d85c92a650a0814b3a6072000ec454f24970414d5505fe009d01f73
MBPP+,LoRA-Flow,42,mbppplus-167,False,PARSE_FAILURE,f4e281c6e56cef49ea13773a5255171dbe338a44a1cbaf8b5753c3cb59ebfc70
MBPP+,LoRA-Flow,42,mbppplus-168,False,FAIL,99982158eb23bbc1ceb77d3dc961c1d05a6d476bb809b8ceca0b12f44a36c71c
MBPP+,LoRA-Flow,42,mbppplus-171,False,FAIL,ca5f61667e9b7f570cbb742c3eef5d20b31e49978d267afacdf50cd2be0b6df1
MBPP+,LoRA-Flow,42,mbppplus-172,False,PARSE_FAILURE,2287c0ba9570461412878925094325347fcda6b2cf2bf16239fe4e80f0b254d1
MBPP+,LoRA-Flow,42,mbppplus-18,False,PARSE_FAILURE,1f3211cf9868dc63864fdc781a61fba3eef1602536c1ccc50191f52f5d0e90c0
MBPP+,LoRA-Flow,42,mbppplus-20,False,PARSE_FAILURE,49bd260394ccf2bcee1f7809bf5feb48fd91d6caa8369a1b0a8fa9ebc4866dda
MBPP+,LoRA-Flow,42,mbppplus-222,False,FAIL,15a075ac2bbbe08e445ce8f8a3a9bdc619b303ccaac85ee0a4c760cc7d19d9ad
MBPP+,LoRA-Flow,42,mbppplus-223,False,ENTRYPOINT_MISSING,f912931e8403ffa4c67fd113395022b64652c965d70fd9f92f6f76e8904f2721
MBPP+,LoRA-Flow,42,mbppplus-226,False,FAIL,d526efad6000dabdc7dc1e359ca93bc79d0e1e43dd4b0ea34d632e5d509f86ec
MBPP+,LoRA-Flow,42,mbppplus-227,True,PASS,9947d135df8343451cc3c439fa2dd4910b5133cac59f5e6ed61268a6a4a7ace0
MBPP+,LoRA-Flow,42,mbppplus-230,False,ENTRYPOINT_MISSING,ae444b8d32d954b0383d5d2f234677d6a341adbac763dae5106c4a3960494a47
MBPP+,LoRA-Flow,42,mbppplus-232,False,PARSE_FAILURE,73ddc891652987b34d04060c7fee37c6aeadf46cc90278eb302a7bb96139002a
MBPP+,LoRA-Flow,42,mbppplus-233,False,FAIL,71002add4a7b5fcc8b329799b95873d2f0dc34ddaf875c3d81149c5984ef5c8d
MBPP+,LoRA-Flow,42,mbppplus-234,True,PASS,16fa75edd3a8b3b716cb6e164e74c6c4d9e97e6a891a0c2d96f994572e6a3f2d
MBPP+,LoRA-Flow,42,mbppplus-235,False,PARSE_FAILURE,2fd61bbf58b1291215d45b2feb7f06d3f8d009ac31b9c10f001f49690b620c66
MBPP+,LoRA-Flow,42,mbppplus-238,False,FAIL,4f28f0f94b85eafad551033aaf67a39edd852567201442c155e8d836c2e71730
MBPP+,LoRA-Flow,42,mbppplus-240,True,PASS,7d8f39f2f346f61f2b28e391d554c1b0881fab820507a22a8d417922bcc1c562
MBPP+,LoRA-Flow,42,mbppplus-242,True,PASS,933b3092844f47b1c7df0f130296e22ea711ff099a27c6f19f1095e6f8750cef
MBPP+,LoRA-Flow,42,mbppplus-244,False,PARSE_FAILURE,c7ddf710ebed8bd90ed0aa1404fe64488e5d9c718401ab4eb44913a33329d734
MBPP+,LoRA-Flow,42,mbppplus-245,False,FAIL,0b735e25ce74ec476bb45082ed5d687d738d21845b4d338a10f35c7c6559b5de
MBPP+,LoRA-Flow,42,mbppplus-247,False,FAIL,6abc453aab0b617188262cb940e0ef31604f0a83ed008521f767894599569cd8
MBPP+,LoRA-Flow,42,mbppplus-251,False,FAIL,b6ccdbe1ee6bd5e9537d0ab4fc53fa6b0978e14fa7a36a48cb3eba44793463b0
MBPP+,LoRA-Flow,42,mbppplus-253,True,PASS,4e9cb9462e5f005a6f2b58e039493c26b52594145c1d465cfc5410f8537d2b08
MBPP+,LoRA-Flow,42,mbppplus-255,False,ENTRYPOINT_MISSING,c0fc184e6f5e51a42688b00e615094fd0a3b5b82f64b9d0899b0160044d0d73b
MBPP+,LoRA-Flow,42,mbppplus-256,False,FAIL,0f2e96224ccaca768b286f9f348064fabcf3dc89fc355e9f11f311f8fc27aff9
MBPP+,LoRA-Flow,42,mbppplus-257,False,PARSE_FAILURE,0b4437bbd8c23893c03a71889c4a9085b0a6c4483797bd8e444282587a4abfd3
MBPP+,LoRA-Flow,42,mbppplus-259,False,FAIL,5586a3c081ef42c5bcf8c4bb8035697140ec972a58fad3d809038099213bbd1b
MBPP+,LoRA-Flow,42,mbppplus-260,False,PARSE_FAILURE,b9eb1bc0d71a3ee2be94b78e77d030dcb81ae842ec1334a31f1559833518266a
MBPP+,LoRA-Flow,42,mbppplus-261,False,PARSE_FAILURE,b4f78a56273116f0d1173634820c8dc7d2d0df09073d82d66ed09f525c488be1
MBPP+,LoRA-Flow,42,mbppplus-262,True,PASS,e37c1ec433c767b74d893dfd785cf9f98c494943eec25f134a3d716f6e9d7752
MBPP+,LoRA-Flow,42,mbppplus-265,False,FAIL,9c898eb29e721efffd4c463e8e4aefde0cbb0a622137943f16053f49cc1d22ed
MBPP+,LoRA-Flow,42,mbppplus-267,False,FAIL,9874b2e803e332498ab88637ee3780642ba761ee4ded3de2554711bdc568bf31
MBPP+,LoRA-Flow,42,mbppplus-268,False,PARSE_FAILURE,c32f290d7d2a8f770039d9623e0622511a7cf742ec0f9c0198cf1a12cf658749
MBPP+,LoRA-Flow,42,mbppplus-270,False,FAIL,836572dbb08c405bfdb9ad701aaa95acb3a6633b3466d684a95ba64ec5b817fa
MBPP+,LoRA-Flow,42,mbppplus-271,False,PARSE_FAILURE,25e091ca2ae842e8e69f074d779ad14136674b6bee1b4e6f8d7fac8d8a3aedc9
MBPP+,LoRA-Flow,42,mbppplus-273,False,PARSE_FAILURE,2d173f80523cb0d374fae0f44b0a8442d0c176ff95d48e856345ced8e2f6bbf7
MBPP+,LoRA-Flow,42,mbppplus-279,False,FAIL,ea41e8c12c47ef7485f1c7816557c8af6e2bda05e36d60c8d79c484d5c408ac6
MBPP+,LoRA-Flow,42,mbppplus-280,True,PASS,17ecbb4a3d3cba75954a1041a65453db908624df56392b40009471e2c2fd9ad6
MBPP+,LoRA-Flow,42,mbppplus-281,True,PASS,7c139c9be1432f6c79d7a7c4005ccc67449e1a998c754c8fa003c18a50aaed62
MBPP+,LoRA-Flow,42,mbppplus-282,True,PASS,cfc0007652f01d4c6b5a765b51d8eab22b13808e110a33ffdba75594ad547344
MBPP+,LoRA-Flow,42,mbppplus-283,False,FAIL,ba3d84065ef99ea8d73f19fc7c2bd3448a511fde062830389eeef4dfb91e6e2f
MBPP+,LoRA-Flow,42,mbppplus-284,False,ENTRYPOINT_MISSING,36b0f597d7e8d7b519f3e0c4c8accc5168423a33158efc6fa0d7f3e7132a2093
MBPP+,LoRA-Flow,42,mbppplus-285,True,PASS,edd0792c66474b1d25527794cf9719d5dbae87300ca97e244b648f97155e6584
MBPP+,LoRA-Flow,42,mbppplus-286,False,PARSE_FAILURE,0da5b02f3bbea8d40ac8a1cb4ed55b72f121e23291743e271c907767becb47ca
MBPP+,LoRA-Flow,42,mbppplus-287,False,FAIL,595daca7e86eb67ef881502c3cfea3ff1c1fb11a18ade8cdbbb3ec94a61ae7be
MBPP+,LoRA-Flow,42,mbppplus-290,False,FAIL,049427fcfd748d5821a06a07eb8bd320a4205a6c64b90de3e2336ccf3c6814fa
MBPP+,LoRA-Flow,42,mbppplus-292,False,FAIL,d25d057e38829d51bccaa83ee214c71f05cc9828e4d7e0a886fadcbf0abd721f
MBPP+,LoRA-Flow,42,mbppplus-293,False,FAIL,df911bd9492c596276d7ff7e6f83a09d93608c666c7b2e7b35a33a9078bc20d1
MBPP+,LoRA-Flow,42,mbppplus-294,False,ENTRYPOINT_MISSING,8b51c1d1c2aa5c7b4a67a2e00ca7817ed4a2b2c7f6378f8b40f6466bb865871b
MBPP+,LoRA-Flow,42,mbppplus-296,False,PARSE_FAILURE,fc2d36950300871dc67beff24a1a8b014873bafbc9e80e3766d7882878f906e8
MBPP+,LoRA-Flow,42,mbppplus-297,False,FAIL,318483fefea43d51af15eb9c05913f486d075c8980f8714c8c33ca29fb510ec5
MBPP+,LoRA-Flow,42,mbppplus-3,False,PARSE_FAILURE,dc6ab6faad7ad866011fb43058e651c7df7956895293314cb440a8d298e644f1
MBPP+,LoRA-Flow,42,mbppplus-301,False,FAIL,c1a2f01432a6877a4c0476a55d7db6fc24164d50c17c4f5f531a7a450e507e7f
MBPP+,LoRA-Flow,42,mbppplus-305,False,FAIL,67936d992948e6fb4d3769da454401cfacbd78a4cf54efe45415e9f1c28dbc8a
MBPP+,LoRA-Flow,42,mbppplus-306,False,PARSE_FAILURE,0a9a0029649decae141b83eb687b4b872085a87698fdcc880139793a599f5e2b
MBPP+,LoRA-Flow,42,mbppplus-310,False,FAIL,cf90b38b6a053811e8b6c768aaae731893cbe4fcfb4f70468b93aa06169a8fb4
MBPP+,LoRA-Flow,42,mbppplus-312,False,FAIL,3923a31c7a9035a512ccb2395aa8e124d702f347bcf4246f6679ad0fc1bd599e
MBPP+,LoRA-Flow,42,mbppplus-388,False,PARSE_FAILURE,3ed309b2fb0a6e29a93e7860215607856c6c5d9d020fd868cbf501a398ba64fa
MBPP+,LoRA-Flow,42,mbppplus-390,False,PARSE_FAILURE,10e5886095d899bbc6641cf762d4bd80e2dde9dc140b70b04ef5b959dca7b05b
MBPP+,LoRA-Flow,42,mbppplus-391,False,FAIL,abcc0186f912ddbaf36518aead9b72a32a06641b7e0c4a184aba41a5b1421281
MBPP+,LoRA-Flow,42,mbppplus-394,True,PASS,85c43b484f08f2d59b6fd5cdaf49868f6e96a932383898a53db4a83b0be71ac1
MBPP+,LoRA-Flow,42,mbppplus-397,False,FAIL,3f53f527ecf0f30501f5ec037408cf9373742096b13c70a53515a69e7f353569
MBPP+,LoRA-Flow,42,mbppplus-398,False,FAIL,fabce53665d5b6c08834bfb8a9c384491e818c6378dd846864e59d21d13295c0
MBPP+,LoRA-Flow,42,mbppplus-404,True,PASS,6291e41eca92cc8dd63474a539a14c58ba6480318d555ac51e636f789c2f97ce
MBPP+,LoRA-Flow,42,mbppplus-410,False,FAIL,09b62085d145d60d6b3e29d993b04088806c9896d63f797e10a61bc495b111db
MBPP+,LoRA-Flow,42,mbppplus-413,False,FAIL,f278d859211912c0dd5102cb017102766ade524dba5b7588b40c82210185a120
MBPP+,LoRA-Flow,42,mbppplus-414,False,PARSE_FAILURE,1feb1c3507b9693187a0dd5d3e491ab501f384166a10440f210b90d2504fa2d2
MBPP+,LoRA-Flow,42,mbppplus-420,False,FAIL,33722c9bef12cdf43d1683d3bc930eeaeafad4b20e6b11a463cffa80f79da9fa
MBPP+,LoRA-Flow,42,mbppplus-421,False,FAIL,4ce0f97d171e369adb51430fb4faa3366599b756889328003108b4b2333f9b80
MBPP+,LoRA-Flow,42,mbppplus-424,True,PASS,f624dbfdbfcb0c331e216a40996e72ccc7813af63256c449844cd4697c970cfe
MBPP+,LoRA-Flow,42,mbppplus-425,False,FAIL,11b7c2ad074e18ec292d1cc7f2541f7c65a9154e183de937e58d8a059195bea5
MBPP+,LoRA-Flow,42,mbppplus-426,True,PASS,43fced055f386c03c1aaec98f72692d2252fe468f30711dfaf96f383f16caf2f
MBPP+,LoRA-Flow,42,mbppplus-427,False,FAIL,e812913d20eea1c7597cc0c5307d38a5533dd70cea52bfd0f937153b37cf72af
MBPP+,LoRA-Flow,42,mbppplus-428,False,ENTRYPOINT_MISSING,6c59a17ad2155f15d590fd857f4b5045106e3b823cb07a0c57b0eb01d3ff798e
MBPP+,LoRA-Flow,42,mbppplus-430,False,FAIL,0d2967497f8c2209a78ec96d37d6b04739d90a72afdb56470187da6ae7b19524
MBPP+,LoRA-Flow,42,mbppplus-432,False,FAIL,511ae44055fa0e1c96bfb2f89a9f0de71c7f1e12637778e620c6c39ad4a18ed2
MBPP+,LoRA-Flow,42,mbppplus-435,False,PARSE_FAILURE,e74100c9d78c9c281007542844959871dd0c5f04ce363ad15cf7685c54025341
MBPP+,LoRA-Flow,42,mbppplus-436,False,FAIL,2c986ca5c58e5d86a0bbd995cb395c798e2b577f35cde617359f0b1482a2e5f6
MBPP+,LoRA-Flow,42,mbppplus-447,True,PASS,28a24521d8e594bddddef7a405051ef9000908329eaa623daa1d6bafd2edf4ea
MBPP+,LoRA-Flow,42,mbppplus-450,False,FAIL,ad4bcd033643f283247c1ffbdf9695505eae17ff6f82c4e25a9760133863a096
MBPP+,LoRA-Flow,42,mbppplus-451,False,FAIL,e96a73fa68a9197bbeaa6390463fcb8a7b7fd31b5b81448dd7d53113158393a3
MBPP+,LoRA-Flow,42,mbppplus-454,False,PARSE_FAILURE,7654b3d9eaab09f8c065a3c80a7ab90971beffa6d616fc15b054e0ca22e51e1f
MBPP+,LoRA-Flow,42,mbppplus-455,False,FAIL,f70b40c3ea523907ba63a77f47639a62d31a3d818678390dce9a0909f367f24b
MBPP+,LoRA-Flow,42,mbppplus-457,True,PASS,18e9886113dcea4110a88b08b4a85c44ef4daca653760f92ef62c2185e8cc9a4
MBPP+,LoRA-Flow,42,mbppplus-459,True,PASS,7708be60c0f9a4b061a8857079eceb8f8aa646638c9577004d99de3d34cd4d55
MBPP+,LoRA-Flow,42,mbppplus-462,False,ENTRYPOINT_MISSING,65fed28daaf0196b007fb6d2e66deae1b3d425ff0cb01ee98297b80616e0f9e5
MBPP+,LoRA-Flow,42,mbppplus-463,False,FAIL,8335ee32b1a3e0dec38f74f67098cfd18fdfbc9403f8cf41da05c0469509f818
MBPP+,LoRA-Flow,42,mbppplus-465,False,FAIL,5a0a02db4fa519eb152d42a23c8ae9fbf64cc815ef499e3edc4ed0a523ae8cd7
MBPP+,LoRA-Flow,42,mbppplus-468,False,FAIL,9751a9719f189fd4712f7fe92db6be8f30d50f7793db669bfe27ca75950073e4
MBPP+,LoRA-Flow,42,mbppplus-472,False,PARSE_FAILURE,b47474bc8432c26262523f67d0fee6a90fd77655074cd689295ea7f72445f328
MBPP+,LoRA-Flow,42,mbppplus-474,False,ENTRYPOINT_MISSING,630d95b669feab6e210e7b6464f1401b1ad9caf7b4c23aa17725cf19391977cd
MBPP+,LoRA-Flow,42,mbppplus-477,True,PASS,eed3c6ea72bc331c4f517bc52ad22158144c31c39d8a5ced35abe43f270dd022
MBPP+,LoRA-Flow,42,mbppplus-478,False,FAIL,e0a55c45c4b4a76d1084da4232c8506dee0e919fc9a34170960d683ec4b1f3cb
MBPP+,LoRA-Flow,42,mbppplus-479,False,PARSE_FAILURE,75d9c1a4c048b1aafa98fb453a65e70d4d08eab12e8639c63f2e979312dbadbd
MBPP+,LoRA-Flow,42,mbppplus-554,True,PASS,4c5dfdf8dca66900f440b45c5a6dc347ab7e8feecfa79fee8734fba87b5cd499
MBPP+,LoRA-Flow,42,mbppplus-555,False,PARSE_FAILURE,04413266645a2a4c54c5ab275f9f4f05920ae0d86f76e0b828e3c3dcb7746296
MBPP+,LoRA-Flow,42,mbppplus-557,False,PARSE_FAILURE,a78c6e194d94feb1b6f9198c27e78f998e988af3594daef7c716fc119f89f17f
MBPP+,LoRA-Flow,42,mbppplus-559,False,FAIL,3de595071e63bfdb8d585b73db31723fd6e2a7dfa390ab03137b8e628cf2cae0
MBPP+,LoRA-Flow,42,mbppplus-56,False,FAIL,96cb4540d6ec0418083423942856d53028cf32e16286aaa7f9954d6509563726
MBPP+,LoRA-Flow,42,mbppplus-562,False,PARSE_FAILURE,67f5226f6d10c33e99a72a8d779f7a0a7e61d52a27fdd80ac3393589111b76ec
MBPP+,LoRA-Flow,42,mbppplus-564,False,PARSE_FAILURE,d786b3fe0df62c5f6abf7ceeff511d08e10473801967b28386ca47b7f61ba500
MBPP+,LoRA-Flow,42,mbppplus-568,False,FAIL,28368f81b8d5171d47dab465ec5c4ecc2366d9b7b99d72d61634798b2a42031e
MBPP+,LoRA-Flow,42,mbppplus-569,False,ENTRYPOINT_MISSING,796074017421bd29dd347cf9d0945a10630249790f588602ac37db75f394a23f
MBPP+,LoRA-Flow,42,mbppplus-57,False,FAIL,22a6d7efc89b393e277261f40baeba1280f4b3ea8f299661f4087bfdae4f8911
MBPP+,LoRA-Flow,42,mbppplus-573,False,FAIL,f37d05ceb9986ad80dd73016af749f70c4387b86731b3be07a8665d1a57246a5
MBPP+,LoRA-Flow,42,mbppplus-576,False,FAIL,a3a8af41b769ba94e34034906268d09c5fef7f09a93ff202f57648ab638ddd02
MBPP+,LoRA-Flow,42,mbppplus-577,False,PARSE_FAILURE,c27a44eaaea827849e4880c2ff09d438affff507f151603566238a06007fa929
MBPP+,LoRA-Flow,42,mbppplus-583,False,PARSE_FAILURE,00bb2218030983a3389c4b352b8411ea463babc1a7e8fcfff9c792a325b121d4
MBPP+,LoRA-Flow,42,mbppplus-586,False,FAIL,ec2044df4efe0de0ed81e4ea3d9c31bbcc68687bdc17d9865148e9eacc695ac1
MBPP+,LoRA-Flow,42,mbppplus-587,True,PASS,8fbdd63c19d6f48d848aec3aa731fa29b67a2ff44167d881fd1cefd64d80f4fd
MBPP+,LoRA-Flow,42,mbppplus-589,False,PARSE_FAILURE,b0efe279e7ea58f3230e5679346c03d2901eb42440a3730c2c81728808b9fa9f
MBPP+,LoRA-Flow,42,mbppplus-59,False,FAIL,566f315f44f2401269575ca5366a9a9a8ef50a8f8356bde1db76d07d64dd14b4
MBPP+,LoRA-Flow,42,mbppplus-590,False,FAIL,9ff30b364c238d127654a45219349be7828a32014d9c6473300950f040bb1a08
MBPP+,LoRA-Flow,42,mbppplus-591,False,FAIL,37ed77550c9fa6266cff7d0c1afdf1cb92b23dbf38ecc583d601e29af7b483f1
MBPP+,LoRA-Flow,42,mbppplus-592,False,FAIL,455638b447595df1d8af9c138f7c7db593a56be960fd0a09e43bb6a9320109df
MBPP+,LoRA-Flow,42,mbppplus-593,False,PARSE_FAILURE,b581e9205d15fd2c5e593570ead53e44ebdef3c38c6f899e9d2bd673a6c687e9
MBPP+,LoRA-Flow,42,mbppplus-596,False,FAIL,a214bea6bffc263bc8dbd8356e94c9f68c4a5df05d64e4ba3c7027381612355a
MBPP+,LoRA-Flow,42,mbppplus-598,False,FAIL,754b8c7a7e8a5dde5d8f8fb8a336257ff385376078ed1f35ce351b8fca0f08b0
MBPP+,LoRA-Flow,42,mbppplus-599,False,FAIL,6a6a13d8fb135f7206ba84bf25717c3d0c8111df86d7e5dc161d36b1ca4c95e0
MBPP+,LoRA-Flow,42,mbppplus-6,False,PARSE_FAILURE,c37169dd0ff0d245143881634fd3211dc46a5f74aaefa8dc7bd7117e682725a7
MBPP+,LoRA-Flow,42,mbppplus-600,True,PASS,31599de8f72d1163f023ce40c19b33f9b6e9188af7fb93ed37cccba952df786f
MBPP+,LoRA-Flow,42,mbppplus-602,False,FAIL,86f34bbbe1f382cafdc0b29e8628471fc285567b7cd2839c3232c78d2f836072
MBPP+,LoRA-Flow,42,mbppplus-603,False,PARSE_FAILURE,d4b498bdef986ec6039bbf9b20baed8c17ce0fadd2f440dec140bb19db00a472
MBPP+,LoRA-Flow,42,mbppplus-604,False,FAIL,520114d8599cdea3b9f0c98220f964cc4a987b3c7c5f4a1b38eb2b20ea2e38be
MBPP+,LoRA-Flow,42,mbppplus-605,False,FAIL,203516a85db49dbf0847f2713648ec7b34f9a478b72c16c35c44fff4f1c97fec
MBPP+,LoRA-Flow,42,mbppplus-606,False,FAIL,49973cc4502d8a06b6928ca385f7011485e5439fee4ad38bfed19d7dc5671fa8
MBPP+,LoRA-Flow,42,mbppplus-61,False,PARSE_FAILURE,74dfa1295313ac0fe106d7febd43ab7691a903be20bfc7bcaccda3f22d68da5e
MBPP+,LoRA-Flow,42,mbppplus-610,False,PARSE_FAILURE,ed5ec38da43c0259f93b6f1dcbcb5fd29ae88c3f045985632ae7c0cfe1831f0b
MBPP+,LoRA-Flow,42,mbppplus-611,False,PARSE_FAILURE,0c2a58362bbfc7c05a72fb69ac4de6de1e53fb39a41a7d5cc40a2050c36431ae
MBPP+,LoRA-Flow,42,mbppplus-612,False,FAIL,56120434d57270bb823cce8f462e0d6f0a9d4c66be831328f9a7012caf48f1f0
MBPP+,LoRA-Flow,42,mbppplus-614,False,ENTRYPOINT_MISSING,73b94707019fc0167735b92fe0fb98686e99e2b8afcf96e6a153d82202be0153
MBPP+,LoRA-Flow,42,mbppplus-615,False,FAIL,dc93e23572faf1970b91182c612cd80702b05b788abe5220603f43ab7cb7ea7c
MBPP+,LoRA-Flow,42,mbppplus-616,False,PARSE_FAILURE,53a29fd64b8230e7c251ca76f5c9720126e4692d31dc5a49d3741a1f1f88368c
MBPP+,LoRA-Flow,42,mbppplus-618,True,PASS,e03e537028e6a1a66c4fe5eb529cf5c099961c1c670567b07143809ad5735753
MBPP+,LoRA-Flow,42,mbppplus-619,False,FAIL,4b672fa1332096b26ef70fb4b1914a2a634a451d5477d3986b7c6354661af8b5
MBPP+,LoRA-Flow,42,mbppplus-62,True,PASS,35a359613cbeebdf62ae636d7e1af4c6a488c7059395630d93b077637b642411
MBPP+,LoRA-Flow,42,mbppplus-620,False,PARSE_FAILURE,aeed94f9c513de1920d016dc8a697b37eda70c68b48ecf74a47607a8b28980c3
MBPP+,LoRA-Flow,42,mbppplus-622,False,FAIL,a7ffa52e14e191139a0d5db3c8123b8263bc71e5bae1684367176dc9e7727713
MBPP+,LoRA-Flow,42,mbppplus-623,False,ENTRYPOINT_MISSING,15bcb6ecba8e465f899a5905b536e53e71e115a31da0c599552ce6c5217a3277
MBPP+,LoRA-Flow,42,mbppplus-628,True,PASS,37610b15f1942dab95abe5b647acd12cd8eb7a9f7f07e2c6930f6037f8a3a6a7
MBPP+,LoRA-Flow,42,mbppplus-629,True,PASS,3a084c948d41cd6951854e88ff1180a6de78f3088e23421f970184a1e429afa6
MBPP+,LoRA-Flow,42,mbppplus-63,False,FAIL,973a00c5d28f1dda0cd3e64a0668073f90224e1476cfe6e320638b3901d23831
MBPP+,LoRA-Flow,42,mbppplus-637,False,FAIL,80c7df223d48225bc042f0188eb34120e28b96f44b0884e6791c397936066283
MBPP+,LoRA-Flow,42,mbppplus-638,False,PARSE_FAILURE,54a8ae631d601121401c449fc247fa02c4111f4ad2fa034fcae333e92be225ba
MBPP+,LoRA-Flow,42,mbppplus-64,False,ENTRYPOINT_MISSING,482188c1c0bf9b32888dda694db038eda5787a1f65e1e19f74b4a1e5d9a16ca3
MBPP+,LoRA-Flow,42,mbppplus-641,False,PARSE_FAILURE,822895135c8737ca3bcaa4f4c66eeb9f4139023b65e95115efd1c10ffc88ddc2
MBPP+,LoRA-Flow,42,mbppplus-643,False,FAIL,4c35a6237d20fa6c4e07970a1f8e0bf82ff0acfbe45805040151ef497b3b3730
MBPP+,LoRA-Flow,42,mbppplus-66,True,PASS,ab56a9fb66895677d35f9b5c197f60395fcf1d6365977e4ade71f89e0f1fc5cc
MBPP+,LoRA-Flow,42,mbppplus-67,False,PARSE_FAILURE,a943aad6026fd0a2621ebb674bd731bacd84d1b0c704af83e8af5cdf94035d75
MBPP+,LoRA-Flow,42,mbppplus-68,False,PARSE_FAILURE,0b0c9ed3a5166dffef25ed3ec9ed028c1483581260df3122ca82186fbb8f0d79
MBPP+,LoRA-Flow,42,mbppplus-70,False,FAIL,ebcfd52ef63c102974df32b1e016f5d0c7d2cc85059819c90974019bd5eee96b
MBPP+,LoRA-Flow,42,mbppplus-71,False,FAIL,b53f419b96e79bed834211c42bdde89306e436f34bddbc5098ad5a59ab591c69
MBPP+,LoRA-Flow,42,mbppplus-72,False,FAIL,25ed01c3c2503a587e87881080449fe8cf9f5ea0ed3be5f7f1de5774919574a8
MBPP+,LoRA-Flow,42,mbppplus-720,True,PASS,bfa747c8062bbe18f31c6ef964e731d6cd2d65379cbe68ded710a4aa14d77911
MBPP+,LoRA-Flow,42,mbppplus-723,False,PARSE_FAILURE,dc2580135b5e392a5ec9ee1ef1d58edb7866f2344b915591515a63904f170906
MBPP+,LoRA-Flow,42,mbppplus-724,False,PARSE_FAILURE,379e5146e8f8845d5097561f7540e706384ebf7544d2036fecd7c0107b69c1e4
MBPP+,LoRA-Flow,42,mbppplus-726,False,PARSE_FAILURE,95a1252dc99ece9d0be7d51851022628288026c7e49c561077ce7ca3da42c29a
MBPP+,LoRA-Flow,42,mbppplus-730,False,PARSE_FAILURE,538cc4d9e3e3a0e304be4e2de2136430685f8d93730b92b4a9c78e19a6bd173d
MBPP+,LoRA-Flow,42,mbppplus-731,False,ENTRYPOINT_MISSING,b59ca053cd2f3ed6110edd19a391d746801f78b09794ea92639f88a1f67ec13b
MBPP+,LoRA-Flow,42,mbppplus-732,True,PASS,f70f955bdaa0a44fad4447852e3629aad7683859c9c6ebda8d0a393b7d928144
MBPP+,LoRA-Flow,42,mbppplus-733,True,PASS,5b702264d1b169d607071931fd9f50e6ad76518844ed0e2c2e2a9ae476431c86
MBPP+,LoRA-Flow,42,mbppplus-736,True,PASS,95850f84838aa1c48b77ec1c0f718ad5df54f891a9eb14e7ed7f4dbc30214219
MBPP+,LoRA-Flow,42,mbppplus-737,False,FAIL,5ce2b901f68fcf2a7efb5b24612a8395cb930a7f712cbac1f6a23ccfee084d4b
MBPP+,LoRA-Flow,42,mbppplus-739,False,FAIL,f8d2b8ef432686230ea0ab74f331c8a5ddff7bb955f997bb03e6408e08306717
MBPP+,LoRA-Flow,42,mbppplus-74,False,PARSE_FAILURE,e6fbb2f669866e00e6322fbb3130b74185733fc7a441df3a46072bf7e63e3e09
MBPP+,LoRA-Flow,42,mbppplus-740,False,FAIL,e8c3d1fe9ab023209e481fe2c7a476155e7b54d08cbd57214c09315f74d1ab55
MBPP+,LoRA-Flow,42,mbppplus-742,False,FAIL,b4396bde0a786ef4490b72c6ab7d947dd852173ed7d2f72f7e5bc22fd6edb6a0
MBPP+,LoRA-Flow,42,mbppplus-743,False,FAIL,1706ff32e9d9840701f5d21a267d28583e29b513ff35388cae169962478881af
MBPP+,LoRA-Flow,42,mbppplus-744,True,PASS,bd5127381d975370d56ea98a3761577c22a1a92f96df49a6a7b6363282c667b7
MBPP+,LoRA-Flow,42,mbppplus-745,False,FAIL,32f5133cbfb3a80f3a92f38d764eb0b0d85255a13021082897f041c73d39152b
MBPP+,LoRA-Flow,42,mbppplus-748,False,PARSE_FAILURE,d24686af26d9652bc48c6fa33b808cb6270048fda087d5425506afa44a499e48
MBPP+,LoRA-Flow,42,mbppplus-749,False,FAIL,92e0019c3e7715e18e2e6bdbe3ecf3352bc141a602e90d74c1b17a9d653b8825
MBPP+,LoRA-Flow,42,mbppplus-75,False,PARSE_FAILURE,f1ce269e782edfd4c0441dbaea93a9dca13db535e3ab65f6c619d54729f17d8e
MBPP+,LoRA-Flow,42,mbppplus-750,False,FAIL,d8bfd3bba30832d4dc54fbbc1a1bbe5f045f495995a6fe135a3cfbf1fc4093bc
MBPP+,LoRA-Flow,42,mbppplus-751,False,FAIL,4d5538de97e0399dc3936d8cb76e163cd075fdc3e6a7ad0fedd9c464fd99ecdd
MBPP+,LoRA-Flow,42,mbppplus-753,False,PARSE_FAILURE,7a3328f3c47909d6a7947335f01278f7567d28c4b6894acdedc46895acbaab2c
MBPP+,LoRA-Flow,42,mbppplus-754,False,FAIL,a3763a7602c0b7082ddb39fe4a37c9634f39e61da174019c0b5d2ec4eb1168ea
MBPP+,LoRA-Flow,42,mbppplus-758,False,PARSE_FAILURE,9b534a3914ba05ae3d29ef99e5cd6b43d113357b77f147ec9ee6e22690c7463e
MBPP+,LoRA-Flow,42,mbppplus-760,True,PASS,366a80c201801d25d1274ff1f03242493f6208a2837dd96f9e584291649b012a
MBPP+,LoRA-Flow,42,mbppplus-763,False,FAIL,9c3da9109e2f2bf69fb89c4a467449515cc5775268daaf2fea230c35f7cb1ffd
MBPP+,LoRA-Flow,42,mbppplus-764,False,FAIL,12a7eeefd206e2b83555195483fe23a67bd29b01f8d717cc3cc88ad37cdc915e
MBPP+,LoRA-Flow,42,mbppplus-765,False,ENTRYPOINT_MISSING,21630b90867d5a8a4e9095fb81866822ba028a0451b8f86572bb5b1abd9ae868
MBPP+,LoRA-Flow,42,mbppplus-766,True,PASS,f7f4a84b1dc950edba7caff4c10136bd054b76340d6b940b7fe596a1c89326b0
MBPP+,LoRA-Flow,42,mbppplus-767,False,PARSE_FAILURE,68aa2f373162ab8cb4311742da0d28a3d771cbb87888fcb3469aa215f3b70e44
MBPP+,LoRA-Flow,42,mbppplus-77,True,PASS,6403ca61d5b8a2d3031cb72b1c3fecfa8804f529fe372c6a74f58cc8cb4ccb86
MBPP+,LoRA-Flow,42,mbppplus-772,False,FAIL,e6b2b170ade72045dd8f2954def640b92ba33388a598614d3b01aa0eebe18b3a
MBPP+,LoRA-Flow,42,mbppplus-773,False,PARSE_FAILURE,6112e0b8a9a1ec2af11c398d223f34c882381b88272286908f26f99de5ff277b
MBPP+,LoRA-Flow,42,mbppplus-777,False,PARSE_FAILURE,5be2061b409196b77fddd79c198c6a4d1181563d703e4e2e012b62468893dcd3
MBPP+,LoRA-Flow,42,mbppplus-778,False,PARSE_FAILURE,047a4bdcfa3c8f855508043f1c44d9dba23d78db401d84681478928affa29cdd
MBPP+,LoRA-Flow,42,mbppplus-780,False,PARSE_FAILURE,db0296da5f4520e54ed90b0af8bd1bf688c9eb165d4d45976d92494bf0a8c67b
MBPP+,LoRA-Flow,42,mbppplus-782,False,FAIL,ca77aaeed3a0375bd56b9c5ed5dfef27300daca5e84936c5a6f2191ee1e9db05
MBPP+,LoRA-Flow,42,mbppplus-784,False,FAIL,5af842bf1298412e1734f4234891597b105d1fcbb2d7406a2e2abc1e72e58688
MBPP+,LoRA-Flow,42,mbppplus-786,False,PARSE_FAILURE,8fe6c55450df0bb7e011af00e16b5f98e11e75702394cfd0a164cc47567d107a
MBPP+,LoRA-Flow,42,mbppplus-787,False,PARSE_FAILURE,d92a375299aa0cb7c5f5a08a955e7deb76b20172c10c16a39ab3019bd21dc7e9
MBPP+,LoRA-Flow,42,mbppplus-79,True,PASS,e8be9ce33432814b488ada74f1a3302efc596a5d6a3438bc701017493e9b3c0c
MBPP+,LoRA-Flow,42,mbppplus-790,False,FAIL,73e9c042a4317f1a6f4a7b400f52d57c2bca59eddb3c6260d07042d61c56fa17
MBPP+,LoRA-Flow,42,mbppplus-791,False,PARSE_FAILURE,04b933f8a6d8f07a6530f2db208e8f94a8b5d7d9a3a5b94312f32fc91666176b
MBPP+,LoRA-Flow,42,mbppplus-792,False,FAIL,6a2bd0f8e8fa9645aeb44c6cdd3d8e78a8ba3c41ba1ec880851f05c05411e317
MBPP+,LoRA-Flow,42,mbppplus-793,False,FAIL,c0e1da3d9bd8cef1304d86a8bd898b624406128758460884b83a73c32c73a031
MBPP+,LoRA-Flow,42,mbppplus-794,False,PARSE_FAILURE,0461fef9fd7db79695a4eb0e017663072fcc1fcd336a9f157e573b9192f44e4d
MBPP+,LoRA-Flow,42,mbppplus-796,True,PASS,0b54d4df469af311098257a28c50d410ea782c273cc302dd54c210272c9a90f4
MBPP+,LoRA-Flow,42,mbppplus-797,False,FAIL,6ace53fe91cae952ee7bc95b378f5aee67bb7ee2243255d5e146cd06b0ab82b1
MBPP+,LoRA-Flow,42,mbppplus-80,False,PARSE_FAILURE,9792643841cafb09168f9a3f7684d6fab88f23e70d76f919acb623dcefe00a8c
MBPP+,LoRA-Flow,42,mbppplus-800,False,FAIL,37ea6255ca01c5ce587891c15737c64fcfae243e55cb1aea039037326d7795f5
MBPP+,LoRA-Flow,42,mbppplus-803,False,FAIL,1d254134afbf463ca9eec4b59b681678b1bd21d6c28a91978cc582a4278cb340
MBPP+,LoRA-Flow,42,mbppplus-804,True,PASS,967fc4e854b8ee40f98e610ade0ca62cf992fab390bfc43b19783316ffd7993c
MBPP+,LoRA-Flow,42,mbppplus-805,False,FAIL,a04a71dcab86a74cf80ee3fa2921521940ce0b5d87ebc01e1a3140460f491133
MBPP+,LoRA-Flow,42,mbppplus-806,False,ENTRYPOINT_MISSING,6a259dd03d6f2d621167513625bce9c8fcd96a9581b70819bce6475c5cb2e4be
MBPP+,LoRA-Flow,42,mbppplus-808,False,FAIL,fc27d3ccbadc66a60c530b7868a4a2660df9f8eada9cad9aaaa5543fd808f6be
MBPP+,LoRA-Flow,42,mbppplus-809,False,FAIL,123903f828b1e0c4784ba385afaeec14a56ca289d4036377539c689914ad758a
MBPP+,LoRA-Flow,42,mbppplus-82,False,FAIL,373a526793d16022a28427e2b657541099b04eef0224d1d630e0b9eca361491b
MBPP+,LoRA-Flow,42,mbppplus-84,False,PARSE_FAILURE,1c749a4906d8fa4b575a2e4fbddc16bbdf3e6fa245515df1d5f1f8516d1ada24
MBPP+,LoRA-Flow,42,mbppplus-86,False,ENTRYPOINT_MISSING,edf53c26bf5cf66f3c99c2af8d93edbf283a31e4caab67757df3df89cb6fe7e9
MBPP+,LoRA-Flow,42,mbppplus-87,True,PASS,26008f6f37da3f473b2c837b547709ab086cc52e7baf4af96bdb10ae6e55f703
MBPP+,LoRA-Flow,42,mbppplus-88,True,PASS,879b609acf3e03feffedf3c5172cf4e38551408d80a6aef0958c96f0001b1c51
MBPP+,LoRA-Flow,42,mbppplus-9,False,PARSE_FAILURE,5d11fc737d2939076ea50f442c8f183080ee5f8ca8ca9ed88433d0928d95d3ea
MBPP+,LoRA-Flow,42,mbppplus-90,True,PASS,f2c4e806cdb702538b80972e369d5d5236d0760a2d77f2b290b7a6e708d09139
MBPP+,LoRA-Flow,42,mbppplus-91,False,FAIL,21ea70c8d7d1a354908b5438ff24d3ce1f35d20888b35f9522e3c6aed6492968
MBPP+,LoRA-Flow,42,mbppplus-93,False,PARSE_FAILURE,c30d20a9bd1dc2ac32d753be9841101fb34dda4bb159652b2f57d58a46f9277e
MBPP+,LoRA-Flow,42,mbppplus-94,False,FAIL,12739489a07528ce05f2c4e64d69380601ac90a967cc85bc5866d8f06be1145a
MBPP+,LoRA-Flow,42,mbppplus-95,False,PARSE_FAILURE,69b7ec927f1ffcb57143134d3e180811d066b0ac2898f79876cdcafa15a14904
MBPP+,LoRA-Flow,42,mbppplus-98,False,FAIL,88fc4f53eaf422c446490e5fd86099de5bd4dae5edbb00a2b05fe02f054a3b63
MBPP+,LoRA-Flow,42,mbppplus-99,False,FAIL,293f784358c10180488ea9469a44c80168eb668542f7c866f0eab7b6b1e1bf6a
MBPP+,LoRA-Flow,43,mbppplus-100,False,PARSE_FAILURE,3348829469452ea96d2eb1c63dceb7bb8d315e5df77c6cd7af6497983def783b
MBPP+,LoRA-Flow,43,mbppplus-101,True,PASS,2a955da13a1c4f57c61b338200bf26a3e93ff7764e7cf547bd054dbecb401238
MBPP+,LoRA-Flow,43,mbppplus-103,False,PARSE_FAILURE,3137d88f68da5ff9bd071d751e2fa212cac3462cabfaebb58454e87ca3abdc7c
MBPP+,LoRA-Flow,43,mbppplus-104,False,ENTRYPOINT_MISSING,970b905ad548a78a65cd5cfcbfa2704dc9500df764c01f09a2d5a9d675c476a9
MBPP+,LoRA-Flow,43,mbppplus-105,True,PASS,dee41c94e02735fa80f612d320e9adead8660c64415257cca9b517925be41e3b
MBPP+,LoRA-Flow,43,mbppplus-106,False,ENTRYPOINT_MISSING,72e5f75d1ad25f298e9bfcb2bd8bb71666ce4bcf655c000b5b46ed0cb34f66ac
MBPP+,LoRA-Flow,43,mbppplus-108,False,FAIL,4a8b5ee77426285c7a24b975d4efbe7a4bbe6389e99c4e209a00b13257bb9258
MBPP+,LoRA-Flow,43,mbppplus-109,False,PARSE_FAILURE,cf27d8ba2e357139398abe846d5c4b283fa1b718b4f5b4476d1ee3833c95580e
MBPP+,LoRA-Flow,43,mbppplus-111,False,FAIL,48b72f7bdccbba12a8a3a88c265d13eab6071819f5dc8aa87f9c2ae9f6e4dac6
MBPP+,LoRA-Flow,43,mbppplus-113,False,FAIL,3eb977a6b439b7fae7309c7bb59b0f74858cc8a1d8ba51bf24dc41183849352a
MBPP+,LoRA-Flow,43,mbppplus-116,False,PARSE_FAILURE,7de8465f631b02f489da79c69e336485af4ee7985584cc9be11ae2efc8269fd2
MBPP+,LoRA-Flow,43,mbppplus-118,False,FAIL,cf40dabbe56cb0f559c0e444c72d250da273f88fb41ff046e7a4edf5091e2ee5
MBPP+,LoRA-Flow,43,mbppplus-123,False,FAIL,6da47a2e71816d38f31ab2159421678894cddb85b2d6a8a1fbd9c9053cb61a46
MBPP+,LoRA-Flow,43,mbppplus-125,False,FAIL,bfc118e59a85d0105bd5dff9fb897b5fe47a59ce8d1587351f86e43de4186b0f
MBPP+,LoRA-Flow,43,mbppplus-127,True,PASS,1b67d75c7bb3fd3a3f81615f4b994d57071cfc3b9966b062b7e42bd1c5b967dd
MBPP+,LoRA-Flow,43,mbppplus-129,False,FAIL,3652feee48532d9438a404a38caa4e44be1b4fda094bd345e2813e928923a3d4
MBPP+,LoRA-Flow,43,mbppplus-133,True,PASS,602144ed8adf8756190a703a65df546178ffa3b74dca9875b80b99e3efc5f771
MBPP+,LoRA-Flow,43,mbppplus-135,False,PARSE_FAILURE,c28152fa8331667e7ec96b8ca0e20d2b1afbe2c90492a82264e4e8fbdcf5d9c7
MBPP+,LoRA-Flow,43,mbppplus-137,False,PARSE_FAILURE,e5173c6b96c639577a9a80ecfd8d0512d75c880745395a2af4551e25d33e1ee2
MBPP+,LoRA-Flow,43,mbppplus-138,False,FAIL,890dd995326cd41dc4e3927a6a8b056ec52fd32e60cf7407ea59e56fdd23db7e
MBPP+,LoRA-Flow,43,mbppplus-139,False,ENTRYPOINT_MISSING,ef634a3e51f3605ed3bac7749001f41efa326cc09b9758affc851fd4a91c4bc0
MBPP+,LoRA-Flow,43,mbppplus-14,False,FAIL,c886a9c0cec952a6b0e802691a6e687e18a183ae20b432fcb833dfdd26762486
MBPP+,LoRA-Flow,43,mbppplus-141,False,PARSE_FAILURE,4d2cf24a96358ccbd081e5d3a45e038f60fd9e05650a5d42bf817ee1d7d3429e
MBPP+,LoRA-Flow,43,mbppplus-142,False,FAIL,a97c1583979bc749f81e419722518d074e933473f5021fa4af1cfc6f89531c74
MBPP+,LoRA-Flow,43,mbppplus-145,False,PARSE_FAILURE,c4b357e7783e53a528f085365053e25a5792e9e4d6c3749d63c71876f2154ad3
MBPP+,LoRA-Flow,43,mbppplus-16,False,FAIL,26d99c82e17585c57df897aa623d212f7403934c4aec2c0d3d14014cff9f6af0
MBPP+,LoRA-Flow,43,mbppplus-166,False,PARSE_FAILURE,5dd215320a20b87ca9526ab5ae7eaffabbdbb0befec7870a29bc0c7a11db8518
MBPP+,LoRA-Flow,43,mbppplus-167,False,PARSE_FAILURE,dc3e2a77fa1653e2c554b6727d09fc69b718107fb3badb912fb4cc5783a85bf9
MBPP+,LoRA-Flow,43,mbppplus-168,False,FAIL,964607a317d8e44ce9b3ac1caf040ecffdb026337a90a6c5d7a2bc5f29e2d95f
MBPP+,LoRA-Flow,43,mbppplus-171,False,FAIL,6951f2590b4fd2a6aa364b7884edf3fbf9c9946978f23acae8cf4a2d24ac849d
MBPP+,LoRA-Flow,43,mbppplus-172,False,PARSE_FAILURE,e671e250c0ef08f794d6eca31197ae1151a55548dc09364072971926d8b6c27a
MBPP+,LoRA-Flow,43,mbppplus-18,False,PARSE_FAILURE,1d1ef785d132ea0a28efd0061652dcf1720d6f367b6c0f340b55618b7744a61c
MBPP+,LoRA-Flow,43,mbppplus-20,False,PARSE_FAILURE,2b00dddbffb50921670b84c850994f0fce64687b698fb5a98ec47d30ed3cf654
MBPP+,LoRA-Flow,43,mbppplus-222,True,PASS,c1f9bfb4a9d2cc2dd3002be70dafc9399a7b2b5bbfbc9bea7e8e4e9a8264740d
MBPP+,LoRA-Flow,43,mbppplus-223,False,FAIL,e0fef6382b5eab3d0c90faf09fd1f57f2afb3841faaf9eb44ffe83f2177875f8
MBPP+,LoRA-Flow,43,mbppplus-226,True,PASS,03cae02d7bc4e84c161adb4cfffd2d973ddf1e168ea24f67af8719e663712c31
MBPP+,LoRA-Flow,43,mbppplus-227,True,PASS,15b220938c171dce411409767734db0c5c3c5e202661fd5388f4f537d0274737
MBPP+,LoRA-Flow,43,mbppplus-230,True,PASS,85866b183da66e4864833613e8e61f0974305f36176cbcadaa7cc26549eecd75
MBPP+,LoRA-Flow,43,mbppplus-232,False,FAIL,e87177f9f4dc22bffe2b1aa9b46a4a8cad66f2053a9bf819e1c6d9d427d8dcf5
MBPP+,LoRA-Flow,43,mbppplus-233,False,FAIL,c0cfff2ce5c349fabfbf614bb3d61bf7ea588b39bab778387b0a0cc99a91f68f
MBPP+,LoRA-Flow,43,mbppplus-234,True,PASS,99e603a33f0a37dc8439dcc6d8795c53ecd7606a2f3790874d8074edc456d0ae
MBPP+,LoRA-Flow,43,mbppplus-235,False,PARSE_FAILURE,ca7f1eea9bb3c51f923e30c07c7e1c92082403e6fcf8f0db8e57f2cdde1e463e
MBPP+,LoRA-Flow,43,mbppplus-238,False,PARSE_FAILURE,f1c7f39014bb189ae2870de14893153965076ad8e7d7ef3a4133e43883d64965
MBPP+,LoRA-Flow,43,mbppplus-240,False,PARSE_FAILURE,a232600a6df124cf5b5de7b7344a5ea710f5be6285bac09fcd666f2934105120
MBPP+,LoRA-Flow,43,mbppplus-242,True,PASS,057a91a741c9691152acf4a934ad2bde4c3d6fce9b9c16c4c706c56a6bcec215
MBPP+,LoRA-Flow,43,mbppplus-244,False,PARSE_FAILURE,c7ddf710ebed8bd90ed0aa1404fe64488e5d9c718401ab4eb44913a33329d734
MBPP+,LoRA-Flow,43,mbppplus-245,False,PARSE_FAILURE,2282e57ca9d80cfa0d19e525275f34c63bb1cf94cb02012fa8539bc1d3a0f361
MBPP+,LoRA-Flow,43,mbppplus-247,False,FAIL,e285ff23130b43edf6e921f63a746e6178d9fc99d226bf94a40620b76aeb4135
MBPP+,LoRA-Flow,43,mbppplus-251,False,FAIL,41cedf9e528ba2efd00056b02751c5aecf3e53298669210252ee26aaf7fe3d9f
MBPP+,LoRA-Flow,43,mbppplus-253,True,PASS,433043ad7eb0a3276fb87ffa1d589a9f464786b19382eaa8f9b1f3d7a262cc5b
MBPP+,LoRA-Flow,43,mbppplus-255,False,ENTRYPOINT_MISSING,caaa17181e453eddb0b90c170109bd016789adc8a6b4febcdd2192c88ef43a67
MBPP+,LoRA-Flow,43,mbppplus-256,False,PARSE_FAILURE,cb8eb06e35f871fa56b0c3a0ec728b169fc7ebb2203fd8685a8e2834a8075241
MBPP+,LoRA-Flow,43,mbppplus-257,False,PARSE_FAILURE,0b4437bbd8c23893c03a71889c4a9085b0a6c4483797bd8e444282587a4abfd3
MBPP+,LoRA-Flow,43,mbppplus-259,False,FAIL,843f052cb8e082dc0b776ee532fba7bc2eda96f8b305b09af9d80d1fc2be6862
MBPP+,LoRA-Flow,43,mbppplus-260,False,PARSE_FAILURE,b62f38d4f6ee998ec5085d3a7e716c8b7f6d103e11dcf2c1628533da2e541c6c
MBPP+,LoRA-Flow,43,mbppplus-261,False,PARSE_FAILURE,07aeddff7bda42ceea2dc27458456590170dece473bc381d93119eed44980851
MBPP+,LoRA-Flow,43,mbppplus-262,False,PARSE_FAILURE,8c3fd9cae2dcd8f6af4ae40bc4577250ab609c4fdd0fc5a29c53aac12bd8f12b
MBPP+,LoRA-Flow,43,mbppplus-265,False,FAIL,608086cc43a302cbdfea22277bfa0e9910fc77ac17ad0f29198f64d5502846d7
MBPP+,LoRA-Flow,43,mbppplus-267,False,FAIL,a985aa6d983fcf779e8957aa8fcdc179b30efc71c3069a6f5f4afbd288bd35a4
MBPP+,LoRA-Flow,43,mbppplus-268,False,PARSE_FAILURE,97c2683bf753c47cb6b44544b0e94fe30732360a2cf7d8f02aaf182edfa4d9fd
MBPP+,LoRA-Flow,43,mbppplus-270,False,PARSE_FAILURE,b341d81bde9e273c8c0400feb763294f17d867be0101260c796832388aeb8f25
MBPP+,LoRA-Flow,43,mbppplus-271,False,FAIL,497f3163086e236b446d69b900400e4c55e79cbb893320eef5f8c55228a53935
MBPP+,LoRA-Flow,43,mbppplus-273,False,PARSE_FAILURE,421b2b14ffef757f4ea23875c5204467bf149a41553d9ac7d4bd30e0620f1241
MBPP+,LoRA-Flow,43,mbppplus-279,False,PARSE_FAILURE,78e037ec462d5bbca1e35c8e31fb91ec954e027e685e4b48017384215d25685f
MBPP+,LoRA-Flow,43,mbppplus-280,False,FAIL,04a52e13546064175a55afb175405cfe1431e6cc3561e60b957112e7ea8d6a42
MBPP+,LoRA-Flow,43,mbppplus-281,True,PASS,ba98d0e7c318dbdeab4b0b40f6bcad774976d3b2595caa419eb580a6ecef4587
MBPP+,LoRA-Flow,43,mbppplus-282,True,PASS,23de52be2abe1fbf9f7ef4ba5ad2226307af486ab788f94abe2ae336a79d5904
MBPP+,LoRA-Flow,43,mbppplus-283,False,FAIL,4e3f38cc1dd1dcf495aded37f020ba2960c984d200d05fadf4213c08059e7eaf
MBPP+,LoRA-Flow,43,mbppplus-284,False,ENTRYPOINT_MISSING,bf9dc92397a56103d36bdd862e9ac734d8728beee356311784efb38fc7709b7b
MBPP+,LoRA-Flow,43,mbppplus-285,True,PASS,7c7305881553a45b097f8312d75b11518ae950e2abcd725919ba2920a754b105
MBPP+,LoRA-Flow,43,mbppplus-286,False,ENTRYPOINT_MISSING,fde5075707b3491d824c5204e7e6b60ba3148b0dd09472fdde85404b3d943e86
MBPP+,LoRA-Flow,43,mbppplus-287,False,PARSE_FAILURE,fd02021df8a280b0cf45d9a49ef71bebb1710756ec5566f5ef58a9a10c796666
MBPP+,LoRA-Flow,43,mbppplus-290,False,FAIL,35ab623b462d123a48f2e24192508678b12b9a72cff284eb6b4b44adbcada2d3
MBPP+,LoRA-Flow,43,mbppplus-292,False,FAIL,6a380c183a7207f96cc403a5327ad695781ccfb23d30aef2463d9a1d56082249
MBPP+,LoRA-Flow,43,mbppplus-293,False,FAIL,3b54972e564ed5cad85357c821321bda612ad287f496d1cd3fcbb7eab2988572
MBPP+,LoRA-Flow,43,mbppplus-294,False,FAIL,dddc67f5fe89ee7efb6c28a866a57c98a7b0b52c3855618e14e6900f7d141e62
MBPP+,LoRA-Flow,43,mbppplus-296,False,PARSE_FAILURE,aa1bba026cb41c01dcafcc60c5cfe3514243616a14a1c607084f18faf9b33eba
MBPP+,LoRA-Flow,43,mbppplus-297,False,FAIL,0001a4344c38bd624870bb5d978a70df717951253e4ef81f87712e81df82440d
MBPP+,LoRA-Flow,43,mbppplus-3,False,FAIL,410d055c171bb19e3b844e701e9b4a74859a9cccc3ce10ea1b0664fbf304021b
MBPP+,LoRA-Flow,43,mbppplus-301,False,ENTRYPOINT_MISSING,7a2f9b18c6d3bf91ee0b03998ccb05ac36ecad2dd2989df5371a1862458a05d7
MBPP+,LoRA-Flow,43,mbppplus-305,False,FAIL,b816780eea16a7e9af5fdaf0b65ca8bdbc096ef4111b5802153553b8ac753071
MBPP+,LoRA-Flow,43,mbppplus-306,False,FAIL,8edefc5d144d7b7b59c45dc54b6432248f2f166dcc5e2974b9419cb6857dede6
MBPP+,LoRA-Flow,43,mbppplus-310,False,FAIL,c81691fc8ce563c1591ef0d9ef30bbf615a1a1977e0eb7c76ce7f3f3b0165403
MBPP+,LoRA-Flow,43,mbppplus-312,False,FAIL,bc17ab861deaf4eb33893856cb8c3392ea8144974bfd6f205e8099be0f655d95
MBPP+,LoRA-Flow,43,mbppplus-388,False,FAIL,09df5a8a4762ee39c34024d071bb7fdeae03e4d0bc0cf6eede4229c7a406fc1e
MBPP+,LoRA-Flow,43,mbppplus-390,False,PARSE_FAILURE,6e2c90f17e826622d2b29ccc0afba331b366eb6c7522e8cb383ef46a4b6e6687
MBPP+,LoRA-Flow,43,mbppplus-391,False,FAIL,e3bb7e556859483c716771685d0e1257f1eca7c85a758694055063cc81d74c69
MBPP+,LoRA-Flow,43,mbppplus-394,False,PARSE_FAILURE,b3e47a02e516351107423c9dc794d0987bc92bf915b0ca9263998ec4184079a0
MBPP+,LoRA-Flow,43,mbppplus-397,False,FAIL,b38e166c211577b0a3fcacd2ca89493654f19e95982fac3cbaeb799241a905e7
MBPP+,LoRA-Flow,43,mbppplus-398,False,PARSE_FAILURE,aa8c65cf868f4994b3af7d4ed6991b22e59b06c3bcdea36d268d607a289a5214
MBPP+,LoRA-Flow,43,mbppplus-404,False,ENTRYPOINT_MISSING,29cb6b3e28a31163dd00c79d11c392fd61d269dcddb569fe28376d0758bca0b5
MBPP+,LoRA-Flow,43,mbppplus-410,False,FAIL,cf031d6c0068c2f67e62739fac9d0ccfd2472feac48cecf9068ec0e28529bc3a
MBPP+,LoRA-Flow,43,mbppplus-413,False,ENTRYPOINT_MISSING,3cb15074711b4ff574c8ac8c9812ce405ad1b064e4310efbc6d69dd3592f9fff
MBPP+,LoRA-Flow,43,mbppplus-414,True,PASS,bb0be990db913f91d6415f8282b36b8f8f329a7b2d8d360098996e511c6b9bd2
MBPP+,LoRA-Flow,43,mbppplus-420,False,FAIL,4634a086dd14705eac3a82e368e9eb664bce8855a438e5a6a78cd029ae7466e2
MBPP+,LoRA-Flow,43,mbppplus-421,False,FAIL,8ab5356e2065351c7c6923edd77ea1894256647416aaf712bba04ddf46df6711
MBPP+,LoRA-Flow,43,mbppplus-424,False,FAIL,666b003840f0f3414310f1cb16fdd79a1137d256dfeb0c288d76b40706b262c3
MBPP+,LoRA-Flow,43,mbppplus-425,False,FAIL,a86fb227d6964e426f6f8d090c074229241dc03cd04eb51d06e654fef334d595
MBPP+,LoRA-Flow,43,mbppplus-426,True,PASS,d6dde3cfd1fa45fea6a0de77e0cf75136d3ef7da6c581628d7a97b6ea6462b20
MBPP+,LoRA-Flow,43,mbppplus-427,False,FAIL,e9382a48f1668ef3d26ee9ece47e4ed00f6c77af075914a99ee5ded41a2d19ea
MBPP+,LoRA-Flow,43,mbppplus-428,False,ENTRYPOINT_MISSING,db3a10d8ea19589f3734bff200db067e37af3703ff9fa46b42fe32826165f99e
MBPP+,LoRA-Flow,43,mbppplus-430,False,FAIL,dcabfacb95d7ed7c83b70cf1132d2f4bbff69721e469d6e50c6f08a16fa07201
MBPP+,LoRA-Flow,43,mbppplus-432,False,ENTRYPOINT_MISSING,e27c1eded7046cf19ae84cf96206766a4b05e6e45b99e304ef62a1af7021c3b2
MBPP+,LoRA-Flow,43,mbppplus-435,False,PARSE_FAILURE,e92283970f1d0647dbbf56692e41ee1702bf113e3dfb698f281b2fccb39d3bac
MBPP+,LoRA-Flow,43,mbppplus-436,True,PASS,6637d4ab2b91134d0fb41322f52f9be87d03d077381dc3765e59874181f46a0d
MBPP+,LoRA-Flow,43,mbppplus-447,True,PASS,afef4491eaa43edc9b92955e83ed059c13e7ed2e4b8885cf9478e8eabd981d01
MBPP+,LoRA-Flow,43,mbppplus-450,False,FAIL,53dd630e2f362147c27e11ee83092191f4758911f3e7fa8dca78e5572d26e9f3
MBPP+,LoRA-Flow,43,mbppplus-451,False,ENTRYPOINT_MISSING,81a1b7d330920022ae67a2e78bc2146aa30437ab2d5d0d675fa60e6757241e4b
MBPP+,LoRA-Flow,43,mbppplus-454,False,PARSE_FAILURE,f61c513d06dfb0ce5f8883447e69be17ab3d4c9111539d8406ecbffeee0b7ad9
MBPP+,LoRA-Flow,43,mbppplus-455,False,FAIL,505e3bb5b2de2428c2ce4b760e6e2bd9680a522f9a6df0a4bf540a05e268e742
MBPP+,LoRA-Flow,43,mbppplus-457,False,ENTRYPOINT_MISSING,9e1b64598aee2d51169a14864d797d8611ef34f1f6dbc8d935bb57086aee3a74
MBPP+,LoRA-Flow,43,mbppplus-459,True,PASS,762ccd3f072395d2faa6b63fa4992402ab18e7f09caa0241218b3e481f3ae409
MBPP+,LoRA-Flow,43,mbppplus-462,False,FAIL,95fd2e5b2982e6032e5f0758be01ef4f33e31fe32f31c64a3b136cdb05764315
MBPP+,LoRA-Flow,43,mbppplus-463,False,PARSE_FAILURE,da15728504a7f5c56d692292f985edc8acb6c33e694fa9de7f95b1d957a41771
MBPP+,LoRA-Flow,43,mbppplus-465,True,PASS,459082f93f2cfce4f7269460d53f75ec5d0d4891259f1edaec013632cf2a3a69
MBPP+,LoRA-Flow,43,mbppplus-468,False,PARSE_FAILURE,084f6af1f205ebb51961cfc4439a7bb3cfd641f90ff56f231f3bc94211cd5b79
MBPP+,LoRA-Flow,43,mbppplus-472,False,PARSE_FAILURE,9027e23d3901ac706841eb09f2d28d0a161e4df19103992db5a926221645017c
MBPP+,LoRA-Flow,43,mbppplus-474,False,ENTRYPOINT_MISSING,cc91f0b53be85c1aec8f8441ffc1b605ef18eadf24d8e9c57da16d474f54c83c
MBPP+,LoRA-Flow,43,mbppplus-477,False,ENTRYPOINT_MISSING,1fa60e144b0fc17224e9504d5d1235a0de6838914e0caab159f4a381c07dcfb3
MBPP+,LoRA-Flow,43,mbppplus-478,True,PASS,aa43324f0155b28a537d90ab76148550cf713123ed4510b99a388b51bac85386
MBPP+,LoRA-Flow,43,mbppplus-479,False,PARSE_FAILURE,176837692d48d7dae051e5111f129e07cd48a113d548a1b8bf5908c60ed8aa2e
MBPP+,LoRA-Flow,43,mbppplus-554,True,PASS,88e3ba2ce48e68dcfdcbc897df2b3eadbfd78b51598710a2811adf065d4227d1
MBPP+,LoRA-Flow,43,mbppplus-555,False,PARSE_FAILURE,085a3b24eaa2de842a5adc6756fdd65c2412ccf2e277a4cd73d1a09a32905f5d
MBPP+,LoRA-Flow,43,mbppplus-557,False,PARSE_FAILURE,c51e243d6a3f03a85cb0170d5bf498c8cbd69800fb74e2d6859f2224ca3a4370
MBPP+,LoRA-Flow,43,mbppplus-559,False,PARSE_FAILURE,9bb96bb57578c2531dc9514a346d0c799edf3f7b8879c47b9136aa01db7fa797
MBPP+,LoRA-Flow,43,mbppplus-56,False,PARSE_FAILURE,efff3d07b5c5e4692bc191e2dba89284bb292a43011100ffce20fdd26e3420ff
MBPP+,LoRA-Flow,43,mbppplus-562,False,PARSE_FAILURE,9fbc82d1ce45921f141dcf5e5d4fe8802579e1601c7156a99f4bc94048b082b7
MBPP+,LoRA-Flow,43,mbppplus-564,False,PARSE_FAILURE,2ddf0e2d2d47eec7265207f4661906219df767b4f3194550bae89e740d7d2993
MBPP+,LoRA-Flow,43,mbppplus-568,False,FAIL,80429b8c8a60dd68c0e320bcf1becacbb8c134d034c1000a43a03e60d6d0773e
MBPP+,LoRA-Flow,43,mbppplus-569,False,ENTRYPOINT_MISSING,970b905ad548a78a65cd5cfcbfa2704dc9500df764c01f09a2d5a9d675c476a9
MBPP+,LoRA-Flow,43,mbppplus-57,False,PARSE_FAILURE,59870174869ae6d1f0261cd38c97bc3f7db481ef318a3c63106bfc2bb9e055f1
MBPP+,LoRA-Flow,43,mbppplus-573,True,PASS,035705f7c6d98d3ef942782557c78f741b888d539b827d306ee856364c10e9a3
MBPP+,LoRA-Flow,43,mbppplus-576,False,FAIL,5666d5d1fa013ffe0a758357e58b268c9eb59c4a860e1c315e630f9946d746ee
MBPP+,LoRA-Flow,43,mbppplus-577,False,PARSE_FAILURE,fbc0748205b6f3930376450fa188f72b7ab87d6727d42556477e7dd247a86347
MBPP+,LoRA-Flow,43,mbppplus-583,False,PARSE_FAILURE,8fd7dcf2eec70f4de0cb4c83c9581c2c636d3882e21c3afecdf4fa53fb8100b8
MBPP+,LoRA-Flow,43,mbppplus-586,False,FAIL,99b0141ecd0b8082fa819ae7bd954530fe8e4fcc21b488f5334137af57d81aa2
MBPP+,LoRA-Flow,43,mbppplus-587,False,ENTRYPOINT_MISSING,dd9c965adfc83685b1b26392937ed450f844268006fdeed90df5f2ab60eb0b7a
MBPP+,LoRA-Flow,43,mbppplus-589,False,FAIL,8c4cea56c0ce12d9415eeaf3ad56ae06c3b780f273d3c54e91c0d8b9e065c899
MBPP+,LoRA-Flow,43,mbppplus-59,False,PARSE_FAILURE,5584257ff06cc522c0682135a1d7104950207e06eb20c2687550db283f916c58
MBPP+,LoRA-Flow,43,mbppplus-590,False,FAIL,75ad615d95f9c21fc38c9ab2a5f5d3b7bfa40e860428dbb1cb765a6fc18d45fa
MBPP+,LoRA-Flow,43,mbppplus-591,False,ENTRYPOINT_MISSING,14b65be24d7d499bea94316ce15a9f3d84f08ea33b1996e2117218021ac7f293
MBPP+,LoRA-Flow,43,mbppplus-592,False,PARSE_FAILURE,cc3429f9ba2e767c729f0269c180b6271ff29cd904404644964637a0e2cfea18
MBPP+,LoRA-Flow,43,mbppplus-593,False,FAIL,e2b0e03ef77ab97284025ef4a1566ba465862da6a2629d6c9ef4a93c2fa0db7d
MBPP+,LoRA-Flow,43,mbppplus-596,False,PARSE_FAILURE,3f6f21ed6650e924af5944257e2e147845e5abf81cb7153f49dca2bd8f3a1059
MBPP+,LoRA-Flow,43,mbppplus-598,False,PARSE_FAILURE,9a9f544cfc6d18f0da59268ea50810499050c4658fc944be80fa911140b66bf1
MBPP+,LoRA-Flow,43,mbppplus-599,False,PARSE_FAILURE,da40b82cda992856c89009eeecce1b271d0646a7188de299168c6e1bfe273488
MBPP+,LoRA-Flow,43,mbppplus-6,False,FAIL,338519fb7d0634f6cf33813aaad3ee4ca762cd999a4ffd64a1f1da43003c88d8
MBPP+,LoRA-Flow,43,mbppplus-600,True,PASS,0534e43ace9db79519f5bf8a15a89a5cdb392e7586a32e433860395c9f8440e6
MBPP+,LoRA-Flow,43,mbppplus-602,False,ENTRYPOINT_MISSING,1649b2771bf552dea5db3ae53ca4a4d7a8bda1af205cf58efeb0d8cf5b1877c4
MBPP+,LoRA-Flow,43,mbppplus-603,False,FAIL,c9519b96fc48afc7ed35fd88fe92f7f4cb4759b879432dcdb9a015bac98845a5
MBPP+,LoRA-Flow,43,mbppplus-604,False,PARSE_FAILURE,f787ac1275964fca0b8cd80c90a54f8be89cec63154afd19fdf18c8bf73e1b44
MBPP+,LoRA-Flow,43,mbppplus-605,False,FAIL,702dd96146452ae2de1f5ffc2474a2e837b8a38564ffa43d05ae29fd378d19f7
MBPP+,LoRA-Flow,43,mbppplus-606,False,FAIL,dff26bc9601095c4d8676a1f020a38b122cc1c4ee1fac38abef733c58048b1e5
MBPP+,LoRA-Flow,43,mbppplus-61,False,PARSE_FAILURE,b8f6da22cda9c022a9d6b6c82a3cfc208c041d80d94e818b9d98bff6dbe75db3
MBPP+,LoRA-Flow,43,mbppplus-610,False,PARSE_FAILURE,ed5ec38da43c0259f93b6f1dcbcb5fd29ae88c3f045985632ae7c0cfe1831f0b
MBPP+,LoRA-Flow,43,mbppplus-611,False,PARSE_FAILURE,7e0f5c23a270b139bf5cbbb48cdf79cf160d3e83c8da6c981a170e7a1c0b66c2
MBPP+,LoRA-Flow,43,mbppplus-612,False,FAIL,478d9205b343d4f06706eb3493a59618a2ac531fbfcde27e0f0d011bfc706650
MBPP+,LoRA-Flow,43,mbppplus-614,False,FAIL,edde46fc2d0a0e802e9ffeca279b7d2dfc16af9d158f071ca327eaaacb1ac120
MBPP+,LoRA-Flow,43,mbppplus-615,False,FAIL,56ae8b679d603293fe26ef394bb832119acdd4de03492381128b23188c7cd2b2
MBPP+,LoRA-Flow,43,mbppplus-616,True,PASS,3f9bbf6efd495b3094e4cd0de09fe1bcc02df16c0ca01bc3869864f42d89e384
MBPP+,LoRA-Flow,43,mbppplus-618,False,ENTRYPOINT_MISSING,32ff75dfae71d1828ec5d0fc4c5c9d2f1d895e9ea17164a815b0715011e018dc
MBPP+,LoRA-Flow,43,mbppplus-619,False,PARSE_FAILURE,8538aa90e22f37d4ce43f5c1a6a1adce35268c31f3abeb1f6e700a71a9c6cea4
MBPP+,LoRA-Flow,43,mbppplus-62,False,ENTRYPOINT_MISSING,6340b19499ec5d72d036852abc62608ad2a3af091a7d54e24eb348f361917db8
MBPP+,LoRA-Flow,43,mbppplus-620,False,FAIL,8a046c38f252ff2798f2153e6f05570b9793a3e187d6348b442b351d13d18d7d
MBPP+,LoRA-Flow,43,mbppplus-622,False,FAIL,e240d32be2f52be51412655b4d864aad3065ba481d2489d663f0f9bb1e93e332
MBPP+,LoRA-Flow,43,mbppplus-623,False,ENTRYPOINT_MISSING,0d501001b7bdbe812f1535fdcf53989f576545a405c89405be903fd94a951e2c
MBPP+,LoRA-Flow,43,mbppplus-628,False,ENTRYPOINT_MISSING,116b4b871d83f186fe319c88b4e6c06f30eb1e7e569ddcd6035fc3b0d84a25c0
MBPP+,LoRA-Flow,43,mbppplus-629,True,PASS,bdf2aa4f912f2412f504d79cc032793ccb08681e100eeea5e1cc36ef75ee4c4d
MBPP+,LoRA-Flow,43,mbppplus-63,False,PARSE_FAILURE,6bc9f7a254899d79b7c8d0b3226295adbd44cbf13fb5b188a7d9a766326ba7af
MBPP+,LoRA-Flow,43,mbppplus-637,False,PARSE_FAILURE,c8e94008ce89050f74ebea20d75bf18adfc48bc656066cc0dfb35b2c3b8cf3f2
MBPP+,LoRA-Flow,43,mbppplus-638,False,PARSE_FAILURE,c16387bb3043a542b4350b8c1410da071bf1020e833992161fc81411980c69ee
MBPP+,LoRA-Flow,43,mbppplus-64,True,PASS,65838b94b1279b9676620ff1cbcdeaed7b12a33c31d87bca9f04d81eff717f85
MBPP+,LoRA-Flow,43,mbppplus-641,False,PARSE_FAILURE,17719b40bdc6912d63336200b19bda531afc09199f0610400f24a3f2547cf4e7
MBPP+,LoRA-Flow,43,mbppplus-643,False,FAIL,cd5bb8e31190a5a019500f97a3a5448adf8b04c93b847c215f3ebaa378e173c6
MBPP+,LoRA-Flow,43,mbppplus-66,True,PASS,07a352135758150ca7e83f13ee4d4218399d22960309a93de69bc90e75ffe19f
MBPP+,LoRA-Flow,43,mbppplus-67,False,PARSE_FAILURE,c74e3730f40cefcae9ea5b940d63d8502b1c78f55635fdfd5acb99f2e4afe718
MBPP+,LoRA-Flow,43,mbppplus-68,False,PARSE_FAILURE,1140fa681dabc73b16220c9ae4107c7895b18b66ee9d1576dfa2622b055af300
MBPP+,LoRA-Flow,43,mbppplus-70,False,ENTRYPOINT_MISSING,8d3d06c86ab80692d8eddbeef14af4a8a59fc09a4bd173609bbf46914a325598
MBPP+,LoRA-Flow,43,mbppplus-71,True,PASS,bfe4ad955cea295ab72d9eb55c5b1ad8ead5c3df14953e69e5c403efbe1f8199
MBPP+,LoRA-Flow,43,mbppplus-72,False,FAIL,b1491bb55cc6f2171e51cf67c4441059cc6453ba6f82559261684e1ff031e04a
MBPP+,LoRA-Flow,43,mbppplus-720,True,PASS,7acb5ca5df755b40d880ecd53773d62f27bfe639225f2220e4df1cb69a616d42
MBPP+,LoRA-Flow,43,mbppplus-723,False,PARSE_FAILURE,36090d9d298778040348ab3ef74b050e4d1b2081477aebcc4418edc537e0f298
MBPP+,LoRA-Flow,43,mbppplus-724,False,PARSE_FAILURE,379e5146e8f8845d5097561f7540e706384ebf7544d2036fecd7c0107b69c1e4
MBPP+,LoRA-Flow,43,mbppplus-726,False,ENTRYPOINT_MISSING,8adddfed5a0602f6bb15b2c4b3eac169d5da18b6c20e1a1c808f5c0497a9f424
MBPP+,LoRA-Flow,43,mbppplus-730,False,ENTRYPOINT_MISSING,c3bc5ef05f9d5ba199a5056b1976dfc48979e1ca8ca68aff0a118f5e5ec776ee
MBPP+,LoRA-Flow,43,mbppplus-731,False,FAIL,d94a1f4f2188cd0031dcc33a0b2c6d1026a794ff40ade5f2c8396fef904c02b6
MBPP+,LoRA-Flow,43,mbppplus-732,False,ENTRYPOINT_MISSING,405b38aa6e787e04347d228399de7408eb47548aae663ee9e5675d9c2f8ae171
MBPP+,LoRA-Flow,43,mbppplus-733,True,PASS,48a4aa7bcfa0677670343d8fb924ea871bf936046bb1b417672c10379a84bea2
MBPP+,LoRA-Flow,43,mbppplus-736,False,FAIL,ef2678faca8832dbc2ad38b0d6b936a7d5954dd62307d96a51f3b375b58cdbc0
MBPP+,LoRA-Flow,43,mbppplus-737,False,PARSE_FAILURE,64c07d9fb6ad16f2e3a14c72b3e30a93110a91610ee93fe70c8d7f436dfa37aa
MBPP+,LoRA-Flow,43,mbppplus-739,False,FAIL,b7647bacb512d4f390b6a669d9c35d2841b2c44e61d3bfad42e75ba01a09432d
MBPP+,LoRA-Flow,43,mbppplus-74,False,PARSE_FAILURE,f535df198dea787f9ab71b7239382fc8773245da81684d85ecc48c2f8ede9faa
MBPP+,LoRA-Flow,43,mbppplus-740,False,PARSE_FAILURE,57ca0399be8b490a2d1631e27d79da316b957dcd6d85f99b606c6c325fc775fa
MBPP+,LoRA-Flow,43,mbppplus-742,False,ENTRYPOINT_MISSING,ec71a3a0574ebd4176b214f25892ededd7b3010955a97cac740f3614caf87041
MBPP+,LoRA-Flow,43,mbppplus-743,False,PARSE_FAILURE,40fa170278121e1f1cea6443074759d0e37006e800d0385089f0774d9d44b245
MBPP+,LoRA-Flow,43,mbppplus-744,True,PASS,ede8baf87bc843da29af796139dfa57fa2df18615b83528dc18f09aa20d35b80
MBPP+,LoRA-Flow,43,mbppplus-745,False,FAIL,53884b5e9afc93950d250873f8c26c0fa8d07b2c39f352afa6b2db2684bd8d5b
MBPP+,LoRA-Flow,43,mbppplus-748,False,PARSE_FAILURE,5723a572538509d129558991620f021f41de9d320f4656775ca44bf061aad121
MBPP+,LoRA-Flow,43,mbppplus-749,False,PARSE_FAILURE,de26cf686b938445218a95841f20241cd5a483db77242f3cf0211d62705f3ada
MBPP+,LoRA-Flow,43,mbppplus-75,False,PARSE_FAILURE,8b177f82a29ad6331968b0f297d618eeee1a0c05ea1ce09b43bac885afc7a3b9
MBPP+,LoRA-Flow,43,mbppplus-750,False,FAIL,4c21236dab22dc968fbf2a198357b3a92693909f0522dc339543654d5e6e289f
MBPP+,LoRA-Flow,43,mbppplus-751,False,FAIL,1b624870dd4578e7fe850bcdcc85dd4021252aa2af9f5095cf9496a746ac3266
MBPP+,LoRA-Flow,43,mbppplus-753,False,PARSE_FAILURE,c4544e024b74de8f56f50b63e76cffbd4be5f1d54cdfefdcd060a44632c7b1da
MBPP+,LoRA-Flow,43,mbppplus-754,False,ENTRYPOINT_MISSING,1bd09f9748944e53813ba6b264eb992f79d39e4dc8d48f960d8f536af34f0214
MBPP+,LoRA-Flow,43,mbppplus-758,False,PARSE_FAILURE,a881a1f54cb0d56cf750e52b81d22fa897a04ea2f2709a5e33dd967d78961983
MBPP+,LoRA-Flow,43,mbppplus-760,False,ENTRYPOINT_MISSING,58aad22b64832250a18104ca290a386dbf95489ba1740819c098092f4dacbb75
MBPP+,LoRA-Flow,43,mbppplus-763,False,PARSE_FAILURE,f6b9d00be6cd7ae278443bf3f60160fc794c39f4ce6f74e8ba2e330a32b88ed4
MBPP+,LoRA-Flow,43,mbppplus-764,False,FAIL,fb052a2a6d99da84e95f81373c3488c1c7faf743e51582074cd3c44eb9d35121
MBPP+,LoRA-Flow,43,mbppplus-765,False,PARSE_FAILURE,31a62e524fac480a1ee86916c362a9ea037703c4cfc7f7fddd6c7dc746a93fca
MBPP+,LoRA-Flow,43,mbppplus-766,False,PARSE_FAILURE,48e1cfa03cdc6078026ac1ba52e1439fecd7a01c69e5b306c26a48f9ef45479d
MBPP+,LoRA-Flow,43,mbppplus-767,True,PASS,c2ac3a799412a03bfbcac77e6b8d68904960329de745ab082f2802c1b8713220
MBPP+,LoRA-Flow,43,mbppplus-77,True,PASS,077b9c4204728b7d8ab6423ac1f363144e654820c7e72f0f4e298623a8204067
MBPP+,LoRA-Flow,43,mbppplus-772,True,PASS,24d543995352d6cb94fb3d5d9435f05773640c002e0d26502127f8fe5c8264ae
MBPP+,LoRA-Flow,43,mbppplus-773,False,PARSE_FAILURE,00ee270b454ec276ffd290b158fdd00f615334c00e195e1caf6f022f7c116f4d
MBPP+,LoRA-Flow,43,mbppplus-777,False,PARSE_FAILURE,7f0c4536a42f3159268fabbff78edaafa48e578458d1a75e5b8ec1f181f41dbd
MBPP+,LoRA-Flow,43,mbppplus-778,False,PARSE_FAILURE,047a4bdcfa3c8f855508043f1c44d9dba23d78db401d84681478928affa29cdd
MBPP+,LoRA-Flow,43,mbppplus-780,False,FAIL,7729012ae8b54c5409b1e79d3549bc5bb570ffcdacba26b4b88dc8523df71dab
MBPP+,LoRA-Flow,43,mbppplus-782,False,PARSE_FAILURE,7fa2076e66542feee91a356559e25ab170e3ae52dbb025644e1726c915c27bfe
MBPP+,LoRA-Flow,43,mbppplus-784,False,FAIL,13aae77362d78bb623884f587c0eb40dc57cb4aee69ab9d9b1b1178befb0e87d
MBPP+,LoRA-Flow,43,mbppplus-786,False,PARSE_FAILURE,d94e4e0362abaef48c2ed3f71b8370b50dd486b27d481d26b2be5f6b4b13a31d
MBPP+,LoRA-Flow,43,mbppplus-787,False,PARSE_FAILURE,d92a375299aa0cb7c5f5a08a955e7deb76b20172c10c16a39ab3019bd21dc7e9
MBPP+,LoRA-Flow,43,mbppplus-79,False,PARSE_FAILURE,fe739140fb20371e3db1a8f5e1e602091ed63bd750c7dc778ce1c9bafad456be
MBPP+,LoRA-Flow,43,mbppplus-790,False,FAIL,7b883892b6c0c3a43cfbe687ed2c4cbaaa97da4315cb8ba0224ecd93ead049cc
MBPP+,LoRA-Flow,43,mbppplus-791,False,FAIL,cbe2dc341c25b42782c94d4f936273a2def21db66d8a95f89d95696c2d8d4683
MBPP+,LoRA-Flow,43,mbppplus-792,False,FAIL,fadaa4886f352c5573f1fb826a5a22a0a29f03aabe3c1536307fdf8e45f020d2
MBPP+,LoRA-Flow,43,mbppplus-793,False,PARSE_FAILURE,768d4caceb7723e72d4899f12f9bdb4638f1c5c76291dbb9706d8e1d7ae03063
MBPP+,LoRA-Flow,43,mbppplus-794,True,PASS,6731da6fe145c4a6ebf3e9293d2c70e9112c678818d87d501cde62c4a3640c24
MBPP+,LoRA-Flow,43,mbppplus-796,True,PASS,6c431eb9cf48c863f29b31750de6bc4c39cf4de278a99f8e25fc928fdeaf9e55
MBPP+,LoRA-Flow,43,mbppplus-797,False,PARSE_FAILURE,00bbd2edc6a1253c4e31dcc889c9eb8d52e0afc35b26050359f69b0d0ec8d276
MBPP+,LoRA-Flow,43,mbppplus-80,False,PARSE_FAILURE,ca47df9de151d72636ea533b01752db2c3c53825031968954d139124cbca138f
MBPP+,LoRA-Flow,43,mbppplus-800,False,ENTRYPOINT_MISSING,6042e2062da74c46a3691392214ed5c8b9c80d15aec43fde2c1f43d53ac95c87
MBPP+,LoRA-Flow,43,mbppplus-803,False,FAIL,cbd7413d76544f6b1d448876206cb43bae61301f864c45c7c2fb50c165c1f5fa
MBPP+,LoRA-Flow,43,mbppplus-804,True,PASS,2cf93cf4e585f51544b393337085d220193ac073f088a7843ee3074a1ff9c4c9
MBPP+,LoRA-Flow,43,mbppplus-805,False,FAIL,d7d1763d76460c705b0eca0a8bf182f469a807f0cb761f903dd1a05671312529
MBPP+,LoRA-Flow,43,mbppplus-806,False,FAIL,6b259043745750c9a706454da3dd77e7d7982e223c08ab5db4ef9ec09cceba48
MBPP+,LoRA-Flow,43,mbppplus-808,False,FAIL,ebd9fd4a782c65d690eb5aa9982f01f299883e1f344ba597257b9394b7c321aa
MBPP+,LoRA-Flow,43,mbppplus-809,False,ENTRYPOINT_MISSING,06d0c3e763f8b3e409a588c2146315c1ceb237ccc805eb3c0bbee862ba2dc65b
MBPP+,LoRA-Flow,43,mbppplus-82,False,FAIL,1c79320464c9b20347d773610baceb09386caccdfad24e43de52e9760475feaf
MBPP+,LoRA-Flow,43,mbppplus-84,False,PARSE_FAILURE,b7f1bd5b4e4ed4f9f57ae26a0d3fc1aacc70756d87e2951fd0884457206794df
MBPP+,LoRA-Flow,43,mbppplus-86,False,PARSE_FAILURE,ddc93ca10bf5f777c917b7f27496c75a43629d0ac00c8a2297828ba097e5969b
MBPP+,LoRA-Flow,43,mbppplus-87,True,PASS,41e7e9f5cb33c59b5e9886475187a8f5220d92ba0cbca5453b6ea7c583cc4f12
MBPP+,LoRA-Flow,43,mbppplus-88,True,PASS,87ac02946d6c829a1bf75b47abd0a76c8491803d67f7ddb6878e44d20c25c07d
MBPP+,LoRA-Flow,43,mbppplus-9,False,PARSE_FAILURE,acb8575be26b851335e5398543a171fb4c7f9a5f767e696fbebeef147f5268e0
MBPP+,LoRA-Flow,43,mbppplus-90,True,PASS,c289c26ed16c1d53ede60c55069ae451e7604d2f0b81862ea6553785f78e3866
MBPP+,LoRA-Flow,43,mbppplus-91,False,FAIL,8fc9dde1211a5b4d6aab6b9a00d30a88be2f6883cf89caf394a015bffe230a9d
MBPP+,LoRA-Flow,43,mbppplus-93,False,PARSE_FAILURE,3ac9e389c525c1011c1ad6889ba35cb08b7668eb9f3a82e9e167fff3811c0e23
MBPP+,LoRA-Flow,43,mbppplus-94,False,FAIL,391c5aec1e4335a8e80697f7d319c9f8e7f16a9c3ebc995db45b37e72fbaa14f
MBPP+,LoRA-Flow,43,mbppplus-95,False,ENTRYPOINT_MISSING,45a65ffe12adc20fcf6067d2c742bea64b75747d7cfa9a070982ec4e083b0752
MBPP+,LoRA-Flow,43,mbppplus-98,False,FAIL,738396cd3009645bd17744ffc403bea367942ceab7778be95365b98e251e6f3e
MBPP+,LoRA-Flow,43,mbppplus-99,False,FAIL,4ae9b19ff0da871c4115335dedf2150f9042ef9d1f1a94eacc1505b219f579ae
MBPP+,Per-Expert-SVD,41,mbppplus-100,False,PARSE_FAILURE,0305c250170458de330d770a7f97015eff3f76fd528efdbbc0919e883f269774
MBPP+,Per-Expert-SVD,41,mbppplus-101,True,PASS,3c8c8e8e8e81de3f68f4aaab9555aa6dc6403c4368655a07a612f31faa6d8cb9
MBPP+,Per-Expert-SVD,41,mbppplus-103,False,PARSE_FAILURE,66886ac2812c7a386d63c996ae740cdf20259c46057a2c052cfdf09ea002ef11
MBPP+,Per-Expert-SVD,41,mbppplus-104,False,ENTRYPOINT_MISSING,3df7e1d8e74e1ff860b1a470388e1c8c47c9bb8f78eb508a75cd9c7415663f9d
MBPP+,Per-Expert-SVD,41,mbppplus-105,False,PARSE_FAILURE,2b5579835e3bccfaea7521d7aa7f0d99e6406ead6e9fd2b2e06ee89c6f616824
MBPP+,Per-Expert-SVD,41,mbppplus-106,False,FAIL,b4f9a89d98cd6c79c4e46ecc4fc760695fd43c4182c16e2dc5a7732527e6cb3a
MBPP+,Per-Expert-SVD,41,mbppplus-108,False,FAIL,08e989b807ae7a4757555475e693c7dda7fa4756a399e9bfd943acfb890762d8
MBPP+,Per-Expert-SVD,41,mbppplus-109,False,FAIL,a95d922215628fce6e18c8ff8d514f9e8accef5024e64c94af5cd292836e07cf
MBPP+,Per-Expert-SVD,41,mbppplus-111,False,FAIL,bfaaa7b0c819990c8ab27fd51d27573ba1d2f40bc00e815d49022d82a2cc3de0
MBPP+,Per-Expert-SVD,41,mbppplus-113,False,PARSE_FAILURE,99751776068acdaf88cffb480fce89078d64b38a7e4892c1f33e614e410aeb61
MBPP+,Per-Expert-SVD,41,mbppplus-116,False,PARSE_FAILURE,2071a550118f759848d15b18861ffbb6e5cb87394580f7509aba964fa659ecc8
MBPP+,Per-Expert-SVD,41,mbppplus-118,False,PARSE_FAILURE,98ff65424200765fb583caff606f5964dba38766ece2b489a63bcfcbe4a2ce8e
MBPP+,Per-Expert-SVD,41,mbppplus-123,False,PARSE_FAILURE,d4f74bf9809c18b7f7a11ace6b7a3ca4c20d37307f1df41266654b370aa205e3
MBPP+,Per-Expert-SVD,41,mbppplus-125,False,PARSE_FAILURE,ea436b7f7988c4ba8079e99fb968654a3cc27e47a36768c11ccf501060a12c6a
MBPP+,Per-Expert-SVD,41,mbppplus-127,True,PASS,0aa55a2dc6245eadd43334c541bd31ee739ef61461c8d2e1b3fad8a183353b72
MBPP+,Per-Expert-SVD,41,mbppplus-129,False,FAIL,9579ea1ebbeb5cdba4e4634a4700bf02ef95e25f20a6a19b7f001667266058b9
MBPP+,Per-Expert-SVD,41,mbppplus-133,True,PASS,dee7e6cd1f0eaa87be1f05501be858b267f02ea2f8abe7b8086df84b02abc7d6
MBPP+,Per-Expert-SVD,41,mbppplus-135,False,PARSE_FAILURE,2f411deaabd1a2c2b52b84c03daa0ae1693f5759bec5eaa00a118da6a0e4ac7e
MBPP+,Per-Expert-SVD,41,mbppplus-137,False,PARSE_FAILURE,a89efab8e379906e189ab8576a7106bc84014c79c2aa920ddc9334624d26c9e3
MBPP+,Per-Expert-SVD,41,mbppplus-138,False,PARSE_FAILURE,d33a68b28f90e7143d5137ea5d29eab5e4b228c4f367bb4d706119526f562412
MBPP+,Per-Expert-SVD,41,mbppplus-139,False,FAIL,9b29b818cc72d5ab4bf0d62062e6111b99f605aa8ffc7c043c8f9e8ac3a4ff86
MBPP+,Per-Expert-SVD,41,mbppplus-14,False,FAIL,7184dedffde0dc1d3c47ce5f319c50c990c1099dfa6ccba14db050c7665cdfb1
MBPP+,Per-Expert-SVD,41,mbppplus-141,False,PARSE_FAILURE,07320ac02c95e22bcecc9389e50ce9e19b74f0b6c0eb304f21c3dac02b145b50
MBPP+,Per-Expert-SVD,41,mbppplus-142,False,PARSE_FAILURE,d05f0ddd2e5665e07b2dfc8d96115d4bd2558c0fe62ad16c6501f6f3d3aac8d9
MBPP+,Per-Expert-SVD,41,mbppplus-145,False,PARSE_FAILURE,e2e81d649f9c628984b932c06585db47296ea4915e8f69dd17e2ffb26305c1c8
MBPP+,Per-Expert-SVD,41,mbppplus-16,False,FAIL,117416f6e1dc02faa894c56eb210a96342f034cef8d465747c50ef852d7c53cf
MBPP+,Per-Expert-SVD,41,mbppplus-166,False,FAIL,1717ff5dc92b2e2ce20580f84996e9814e1607798a1fe5596ffea95c81d08d63
MBPP+,Per-Expert-SVD,41,mbppplus-167,False,PARSE_FAILURE,f4e281c6e56cef49ea13773a5255171dbe338a44a1cbaf8b5753c3cb59ebfc70
MBPP+,Per-Expert-SVD,41,mbppplus-168,False,FAIL,fe952f29d45e0269cea274827a505390a878aa22d6ff9567675ad2aa73579add
MBPP+,Per-Expert-SVD,41,mbppplus-171,False,ENTRYPOINT_MISSING,8866520f47cddf83f68b8d9b1d39c9509e1968d46de8ffee647b09fa2069cde9
MBPP+,Per-Expert-SVD,41,mbppplus-172,False,FAIL,435a667115c4cd7d444e1fbc36d3d8b5d070fd9afcbab2b3e6729dcac56a3009
MBPP+,Per-Expert-SVD,41,mbppplus-18,False,PARSE_FAILURE,cc6d0b52dfb1660cc324b92a563ad20b69150e326457e5fcdd01b57865025f85
MBPP+,Per-Expert-SVD,41,mbppplus-20,False,PARSE_FAILURE,318f501aeb1a4c11cb33cf35c42d09d441d36aa43495a1996029c1452f900bea
MBPP+,Per-Expert-SVD,41,mbppplus-222,True,PASS,fdaf7db5902fe1b7f0b054f778fce194d957ec267d264c2ffba314a66d0ab239
MBPP+,Per-Expert-SVD,41,mbppplus-223,False,PARSE_FAILURE,b0f2a1517d6877fee82f8c3562111ead4734be95959531cd7cca62d7e37783be
MBPP+,Per-Expert-SVD,41,mbppplus-226,False,FAIL,f834bf7a95413632e200a07b9922568bd5073a582f14dff957fd35c0fa0cc026
MBPP+,Per-Expert-SVD,41,mbppplus-227,False,ENTRYPOINT_MISSING,c197d8fe4853953c3d661780ba7d4aa9249155b242560443a960e0cd1cded47f
MBPP+,Per-Expert-SVD,41,mbppplus-230,True,PASS,a6da204c581b69bed85a3ebb59c83c67f5cbdd64001ef7b52a0bc1944b2ce75b
MBPP+,Per-Expert-SVD,41,mbppplus-232,False,PARSE_FAILURE,ee10f9fc30a6ceae17e608db42081df4772bd4a14d9647ec270fbdb37bdd4e6f
MBPP+,Per-Expert-SVD,41,mbppplus-233,False,FAIL,5d89078f66ea004269cc7454893e5c93a6f661da31b53f4b266b61799495b48c
MBPP+,Per-Expert-SVD,41,mbppplus-234,True,PASS,d8c94b902d041ce8b77a0c353b0e48e3b06741b5b83365b94bb94dc9a12970d2
MBPP+,Per-Expert-SVD,41,mbppplus-235,False,PARSE_FAILURE,bbe570773b6b6e6a60f63e0daa49e7f5c9fa0c07db5be91d2c38951ccb77e295
MBPP+,Per-Expert-SVD,41,mbppplus-238,False,PARSE_FAILURE,2ec50b10e87b11ff61775b4e25e6830736c6edc64b689912b7feddb943f3c5fc
MBPP+,Per-Expert-SVD,41,mbppplus-240,False,PARSE_FAILURE,eb99803707170738c5f74e5587dcee1f3c5e08a68411f5cb2d155c2170e217ba
MBPP+,Per-Expert-SVD,41,mbppplus-242,True,PASS,7507a851c6911233031ad0b1c9e68842a944f26a36c492fc603ee756874bb689
MBPP+,Per-Expert-SVD,41,mbppplus-244,False,PARSE_FAILURE,fbfd0cb8804956e5463287b4a16efb1e66a89d3951ea022d41f4c0cd93fa1604
MBPP+,Per-Expert-SVD,41,mbppplus-245,False,PARSE_FAILURE,b28c03a04447d0443b8f8d492add6e096b4fe7c2a5b7f371b1c492af5b8714a2
MBPP+,Per-Expert-SVD,41,mbppplus-247,False,PARSE_FAILURE,4d2e8e8dfe17829c79278a9e77def66ead5270ccfee374d8e4d919e76d1d45bf
MBPP+,Per-Expert-SVD,41,mbppplus-251,False,FAIL,75c0ff9439f5b6ee0996997b7d84ad8beaef62da62dbb8a966fb0d1db6d20aa6
MBPP+,Per-Expert-SVD,41,mbppplus-253,False,FAIL,01ee66921dbd727376e2d38e10ec7694d3fe61b438c5ebbdc3feeaa587fa91d0
MBPP+,Per-Expert-SVD,41,mbppplus-255,False,FAIL,70acbdd69b06dcf6746665561b2d1aef86ae13cd59cbae31bfd18fac930914d5
MBPP+,Per-Expert-SVD,41,mbppplus-256,False,FAIL,0206e3cf874f4ae8b727433924a1e247db634ac392fc95204477e153c3d39208
MBPP+,Per-Expert-SVD,41,mbppplus-257,False,PARSE_FAILURE,0b4437bbd8c23893c03a71889c4a9085b0a6c4483797bd8e444282587a4abfd3
MBPP+,Per-Expert-SVD,41,mbppplus-259,False,PARSE_FAILURE,c013764870b2803160e34be19744abe564cbe73f05c38dc749c239a6ef152d22
MBPP+,Per-Expert-SVD,41,mbppplus-260,False,PARSE_FAILURE,be59be2589ee2d052ce3d3d2193bf0c594ee1a2cbc20309c9b9fa3e9a5490882
MBPP+,Per-Expert-SVD,41,mbppplus-261,False,PARSE_FAILURE,1c1e42c482a1d81e9fb7da025d79e76b1b146cf2e285949961f62c3aaba4abb2
MBPP+,Per-Expert-SVD,41,mbppplus-262,False,PARSE_FAILURE,2eaf84c37308c0649566983dc8a139d31cef86e0ce707537e6769a1ee55a4e1a
MBPP+,Per-Expert-SVD,41,mbppplus-265,False,PARSE_FAILURE,df1048ce73ce3b407b9c0c50326e4951fb73b958b7778141fbb3e9e42f996f5a
MBPP+,Per-Expert-SVD,41,mbppplus-267,False,FAIL,f5d7a15effbf5b090265fcefe71dcb175b66b27ea906c945b93d546a4ec97bb7
MBPP+,Per-Expert-SVD,41,mbppplus-268,False,PARSE_FAILURE,c2b8f7fedf7587c635c127bcbe3c54ae9c4ffec85e8d01c674c588ee393a1609
MBPP+,Per-Expert-SVD,41,mbppplus-270,False,PARSE_FAILURE,7ae758e985943d4a42059228abfe4c4ed842178b3fe0ec461f321dc258a4deda
MBPP+,Per-Expert-SVD,41,mbppplus-271,False,PARSE_FAILURE,0ea884ad60c596cbe0cdbdf8d082a466f608cfe7d3f0fbd4eea725e4a0ca9b86
MBPP+,Per-Expert-SVD,41,mbppplus-273,False,PARSE_FAILURE,930ad68f5c5817bb3b118c57bb0c23f22e1429dfb3bdc181fcacca66ef346d05
MBPP+,Per-Expert-SVD,41,mbppplus-279,False,FAIL,ecea62ff3c5953d6051bfcbe5c755b525af91d509daf20ba3b8739223b1414fb
MBPP+,Per-Expert-SVD,41,mbppplus-280,True,PASS,f126933f1f42b005bd4aab4b0a10338692bc23e4b96cdfb615c2b84b7ba99909
MBPP+,Per-Expert-SVD,41,mbppplus-281,True,PASS,31d21d6e8233c0c206a82d7dbd6d5ee16b2e0a82d736bb94b1f24e5407c5bba6
MBPP+,Per-Expert-SVD,41,mbppplus-282,False,PARSE_FAILURE,a821139cab30c0f2baaa4597b9c27c72a316c02d1a4178f24e15570d59c6579a
MBPP+,Per-Expert-SVD,41,mbppplus-283,False,PARSE_FAILURE,47de5ab85a702886f900606043a3b9b5cfc2b6851163e7265ed22d86f0bc6a98
MBPP+,Per-Expert-SVD,41,mbppplus-284,False,FAIL,915dbbb73cb470abf2e78ccabb3c92fbdc2ea80b4cc931c9e1b5607559090ab6
MBPP+,Per-Expert-SVD,41,mbppplus-285,True,PASS,7be13bb6cae216f15c857d788a404de28d5e9353c7f82017f5400a95db2499a1
MBPP+,Per-Expert-SVD,41,mbppplus-286,False,PARSE_FAILURE,e04b9d06c8480e49acbfef1d6920ad060b07fd92bef91330cecb43e1dd1df17b
MBPP+,Per-Expert-SVD,41,mbppplus-287,False,FAIL,3c8ea62687c0892b0c1fb5dd8886aaafc66be68b5d169e4715d5f656a2ff8ff9
MBPP+,Per-Expert-SVD,41,mbppplus-290,False,FAIL,828b28fdf1f07bbcf798ca55a86e921b9ebb7e7962d14cf07abd64cdbb2bf615
MBPP+,Per-Expert-SVD,41,mbppplus-292,False,FAIL,28e0d806149a7fb1649baa1f2c537350f209dba90008613f4b547c0e58aa146d
MBPP+,Per-Expert-SVD,41,mbppplus-293,False,FAIL,1693c17cd08f7e7ff4cb92ce5b278c2ebb12c005e6270b235f0b574df4e06eec
MBPP+,Per-Expert-SVD,41,mbppplus-294,False,FAIL,5b99c5924c0075c02872b3b3d571d5d8892fc003d98d09ba5c3960578835a6c1
MBPP+,Per-Expert-SVD,41,mbppplus-296,False,FAIL,c7e16e4ab7debb2f49fad5984f440bacb54e04230648b9f689db2b83c965ae6a
MBPP+,Per-Expert-SVD,41,mbppplus-297,False,FAIL,02f6a38f88ebccf953d6edf00c7b322d5492f86eeeda9e98918ba40318e2fe74
MBPP+,Per-Expert-SVD,41,mbppplus-3,False,PARSE_FAILURE,7a5da5317937d3ae23828c9339f8b6f593b75afa47686c9025fab40902e1b460
MBPP+,Per-Expert-SVD,41,mbppplus-301,False,FAIL,d4f4f212bc97f5c179fc2c889c0eff766c413fa5aa2db397fef3a0a8fe4f4b84
MBPP+,Per-Expert-SVD,41,mbppplus-305,False,FAIL,6b0b28115b641a306929c0d6aa81f5410737b8f5f44b48c74d1d6dd7f2057f53
MBPP+,Per-Expert-SVD,41,mbppplus-306,False,PARSE_FAILURE,c60ca752f8926493a543928316113ca1a6be734bd6d2c01f0d2ac5b09b1bdece
MBPP+,Per-Expert-SVD,41,mbppplus-310,False,FAIL,fc82e7f6c99e6534f00c45eae68a11a1cea83b2ed0b96124d8345a76e94cfa25
MBPP+,Per-Expert-SVD,41,mbppplus-312,False,FAIL,70d463b835ce65770ccff0d8075705f5191071cdbc98c51b32f2dc85ce12ab4b
MBPP+,Per-Expert-SVD,41,mbppplus-388,False,PARSE_FAILURE,a9b5d7698802feda87912d47e94b3e364dff2da3e512bb98585b42f32c5d0326
MBPP+,Per-Expert-SVD,41,mbppplus-390,False,FAIL,462a165b5303975fb2c964fe9ed447db18e1df1044ad97f04b7848298f79bc42
MBPP+,Per-Expert-SVD,41,mbppplus-391,False,FAIL,9ba43b127f75fd534a325bd1252f4dac563eb4ca2615fd05ee1627092ba32739
MBPP+,Per-Expert-SVD,41,mbppplus-394,False,PARSE_FAILURE,93676a8f5cc04763f1052fb30179bdba4d8df1a40988b01b8631836c8f77eaec
MBPP+,Per-Expert-SVD,41,mbppplus-397,False,FAIL,3a7441e564cc9972d0fc03389bb4e1f306c698f9c59fcce625b2c89e75b1213c
MBPP+,Per-Expert-SVD,41,mbppplus-398,False,PARSE_FAILURE,87f0eaa6bf4486de3211e2987edf3335f4fbf1e2f8b9717dc7ee9e664d92e70c
MBPP+,Per-Expert-SVD,41,mbppplus-404,True,PASS,711b7853fd2c2a34d24c758a6c1ada3f0da99bbd7261c219b28848f0cdb3e775
MBPP+,Per-Expert-SVD,41,mbppplus-410,False,ENTRYPOINT_MISSING,bffd35d706c0951f3204c4ad81f9b258dfdb311c1467496a18cfcc306ea33fbb
MBPP+,Per-Expert-SVD,41,mbppplus-413,False,FAIL,b31649e20fdf3f29d7df8125e988d782fc59f9d29f1a6dcbe57e40120f29dec4
MBPP+,Per-Expert-SVD,41,mbppplus-414,False,PARSE_FAILURE,d3def408841a76e600440e8299c84b1df1fe45e0305eb759313194e84cfd83a1
MBPP+,Per-Expert-SVD,41,mbppplus-420,False,FAIL,1e3db89d458ed6e7f077a21ad004947ac975cd86299f037fc95b2f5fd3fc9b06
MBPP+,Per-Expert-SVD,41,mbppplus-421,False,FAIL,276e03069a5423259b39fd23e35668c9583078eaf47da2a3620287eaa29244f1
MBPP+,Per-Expert-SVD,41,mbppplus-424,False,PARSE_FAILURE,205f6214953036466bdb7ee11cea0ba22c4c36979ec9597f7637651bdd741f1d
MBPP+,Per-Expert-SVD,41,mbppplus-425,False,FAIL,a86fb227d6964e426f6f8d090c074229241dc03cd04eb51d06e654fef334d595
MBPP+,Per-Expert-SVD,41,mbppplus-426,False,ENTRYPOINT_MISSING,dabd51f3baf354cdc3e783b4d002d643065f36643151c91b5ae3ab35ed266fbc
MBPP+,Per-Expert-SVD,41,mbppplus-427,False,FAIL,25ddb5d38d5cb8273a3853b01c68018c8b10744fb87aa6de47e0ad0cc3511a26
MBPP+,Per-Expert-SVD,41,mbppplus-428,False,PARSE_FAILURE,14acc27acd06cf955cc36ac9dfe588b88bb69b8b8e24e7822c935a2cb66c185f
MBPP+,Per-Expert-SVD,41,mbppplus-430,False,ENTRYPOINT_MISSING,e5fab6d6aed961c3e3be22e73de3f1874a3bf848323eb29408482e4ec6b2907f
MBPP+,Per-Expert-SVD,41,mbppplus-432,False,FAIL,936de54731cf0cbf0aa53fbdf337882fe392760ad6be9541829b387358daba3e
MBPP+,Per-Expert-SVD,41,mbppplus-435,False,PARSE_FAILURE,e74100c9d78c9c281007542844959871dd0c5f04ce363ad15cf7685c54025341
MBPP+,Per-Expert-SVD,41,mbppplus-436,True,PASS,97bd495c18edaa11e780ea327f83e1005003b64a12670967b50fd84bfac19478
MBPP+,Per-Expert-SVD,41,mbppplus-447,True,PASS,f0221138972333ab4043b8321ffab5197af3f48a4c4ad37558e17b5b95ca645b
MBPP+,Per-Expert-SVD,41,mbppplus-450,False,FAIL,99e717fdb5e54a12c0df9ca9736c530c25539fab6b2f1c5760e61ef8c3ba4e95
MBPP+,Per-Expert-SVD,41,mbppplus-451,False,FAIL,f12acef7665dbbe4d3062fe8e8c79669a10e300249160c48b068ad0a5fb0ab4a
MBPP+,Per-Expert-SVD,41,mbppplus-454,False,ENTRYPOINT_MISSING,35048adf81b010b893e623e035eb4fe501cdb29fd8eb932db0b62c00695e29a5
MBPP+,Per-Expert-SVD,41,mbppplus-455,False,FAIL,e4be2b5ddf8f53b1dbb8dba64287b2d242ecf3d0b5b05cafc2747f21014b680c
MBPP+,Per-Expert-SVD,41,mbppplus-457,False,PARSE_FAILURE,6ac441bb9ec82b67732fb8cde5422d141bf3254f2c10fd462a3197572f4c4dd5
MBPP+,Per-Expert-SVD,41,mbppplus-459,False,ENTRYPOINT_MISSING,5c34f123e5454ddbc75dfed810e5bb2588b57d3dc27befc8f3bd8d01cf5aa3a3
MBPP+,Per-Expert-SVD,41,mbppplus-462,False,ENTRYPOINT_MISSING,d9224d88935887676f2ebb98e7d09595a2a8e805764c2a778d13148f7e005ed5
MBPP+,Per-Expert-SVD,41,mbppplus-463,False,PARSE_FAILURE,dba2b93c8ba186348fd67456c436f6244c95ee88515457274241a7fa692cca73
MBPP+,Per-Expert-SVD,41,mbppplus-465,False,FAIL,122146374738cfdbe1a8fe776c22ecdbd7199058402bf56f1ab2400228d4e50e
MBPP+,Per-Expert-SVD,41,mbppplus-468,False,PARSE_FAILURE,1568ebdcb4afe63b88b6c264f56dc156acee9d92bec9f17e05e548a0ab47af67
MBPP+,Per-Expert-SVD,41,mbppplus-472,False,PARSE_FAILURE,63f9373b9eb167ac944a2d65527263ccb327ca87bd6856ef18d612d506c6db62
MBPP+,Per-Expert-SVD,41,mbppplus-474,False,FAIL,ecb6388e105571893cdcad841b4b2563da969da7d6bfd42ef3de939fc2e28eff
MBPP+,Per-Expert-SVD,41,mbppplus-477,False,ENTRYPOINT_MISSING,7b9726e481cfbcdba4f1f1b450894ae99f15c04634d94c7bb8bc3c0361a047d1
MBPP+,Per-Expert-SVD,41,mbppplus-478,False,ENTRYPOINT_MISSING,d8ff59de76bc8c2205554192896b3c75c75e8419d3c737f4ec0258eb14b0a82c
MBPP+,Per-Expert-SVD,41,mbppplus-479,False,PARSE_FAILURE,ccecf0577c8aaa93f9742b31b6e7407dca7f55f5f5dc944b640340d6cf30c55f
MBPP+,Per-Expert-SVD,41,mbppplus-554,True,PASS,ce688055d4387d60545ba4eaa7c1b8892bce042bc0d009a4b88123706ef4dbb5
MBPP+,Per-Expert-SVD,41,mbppplus-555,True,PASS,29bf18b02ca3c2e3a72d2397b2712ccab9211680f01844d3c85f37eb30bc4f5e
MBPP+,Per-Expert-SVD,41,mbppplus-557,False,PARSE_FAILURE,d24333696c07bf7571752c62972f2d7a4fe96e672e65a504e1bcef704fe1a26c
MBPP+,Per-Expert-SVD,41,mbppplus-559,False,FAIL,2e9098ad452e9260ec458965f14bea57b3c6fbb951a04a1465c895a89e2ec353
MBPP+,Per-Expert-SVD,41,mbppplus-56,False,FAIL,cb48e9ed1a0463a5fbdcb49f1a69e122056aeba2279eff3dc0ff225ab7b2c88c
MBPP+,Per-Expert-SVD,41,mbppplus-562,True,PASS,aa90f111e39e3dbc5875908b6c853ce3d3ecdb0f7b3559dd1b9466dfcf0b023a
MBPP+,Per-Expert-SVD,41,mbppplus-564,False,PARSE_FAILURE,e346d662375c4ffae9a70675bf1b61746cd38bc0865efbdd6e41436992dc5ab5
MBPP+,Per-Expert-SVD,41,mbppplus-568,False,PARSE_FAILURE,6f07391b38abe0302a7df8251533c6494a403eff12ab8ef084c134264e15c7ca
MBPP+,Per-Expert-SVD,41,mbppplus-569,False,ENTRYPOINT_MISSING,3df7e1d8e74e1ff860b1a470388e1c8c47c9bb8f78eb508a75cd9c7415663f9d
MBPP+,Per-Expert-SVD,41,mbppplus-57,False,PARSE_FAILURE,fa4ea2a3e3b999f83af68f2541bc0312459c1339c8fb46bfeabae6a56515e054
MBPP+,Per-Expert-SVD,41,mbppplus-573,False,PARSE_FAILURE,4e4400f24d100e92eb93ab56c428c0ac32da27eb79d73121e466836667bebaf6
MBPP+,Per-Expert-SVD,41,mbppplus-576,False,FAIL,cc2494eb6c99b50e930adee6f8c2f605b925a37694c606e00f2c41aad52f822a
MBPP+,Per-Expert-SVD,41,mbppplus-577,False,PARSE_FAILURE,445e3a710aea036672cfba939623c734c10f3d2f61b6e4e76009d62e7e2888f7
MBPP+,Per-Expert-SVD,41,mbppplus-583,False,PARSE_FAILURE,b8745bee140451f641626350cce9ae6b6cd73fdd08059e1b0f3ade1e3823dbe0
MBPP+,Per-Expert-SVD,41,mbppplus-586,False,FAIL,842882582f18793c2622536140c88c8fa5638e496a066b2c34c0a43cc5b0cbc3
MBPP+,Per-Expert-SVD,41,mbppplus-587,True,PASS,7aab890eeb43933f3fb906d3849401dec54142fe98444b85deea6c0f624b7bca
MBPP+,Per-Expert-SVD,41,mbppplus-589,False,FAIL,5b3a00ac8802cba0b6cd8c1ecc444583aebaf9a81f85dc6a8ec7628dae3ca14e
MBPP+,Per-Expert-SVD,41,mbppplus-59,False,PARSE_FAILURE,a7ab11469bc0812e218f31388a9cce354c24968f5360b7f3c5b0a130baded2ab
MBPP+,Per-Expert-SVD,41,mbppplus-590,False,PARSE_FAILURE,79a22c3523d318cc4860dfe81ade4837a783ad665e6f52f3e296543d48cf32f2
MBPP+,Per-Expert-SVD,41,mbppplus-591,False,FAIL,0550e215d33d338675b7c6569bc3f6f3d9db85ccf0523ed62c496910a445212d
MBPP+,Per-Expert-SVD,41,mbppplus-592,False,PARSE_FAILURE,7c9e8abc689831c5892c27e3f6ed5b221ab4501919219fe5aba064331c54644d
MBPP+,Per-Expert-SVD,41,mbppplus-593,False,FAIL,8c73a0218a91e4c092aa2e1801ce8c0aed9121a97bdab468ed57bff836b7907d
MBPP+,Per-Expert-SVD,41,mbppplus-596,False,PARSE_FAILURE,a58b91b5321a29c9f9e93ccfb1800cf76102eced5602d1c24a50e97c1010c40b
MBPP+,Per-Expert-SVD,41,mbppplus-598,False,FAIL,c2f0024758836e2584a33dcc2eac5b883d9e7fc83dca0282030685becad9d3a1
MBPP+,Per-Expert-SVD,41,mbppplus-599,False,FAIL,04a891e3b294993bb5049a0285227e28c4ebc02b29a6e236ba0242fe0840fdfb
MBPP+,Per-Expert-SVD,41,mbppplus-6,False,ENTRYPOINT_MISSING,84a20234dd1c7e3c3c579cd53e42cd1018c87efb5f393872bf0249ad5066ccb5
MBPP+,Per-Expert-SVD,41,mbppplus-600,True,PASS,db7bcbe60bb6335fb2fdc0c75e770e638ffdb933e8553c175e931ec21aa6254e
MBPP+,Per-Expert-SVD,41,mbppplus-602,False,PARSE_FAILURE,c686c8cbde12e5262a6e564327531dfba87cd1d55d7bf14508f569e5ab576a29
MBPP+,Per-Expert-SVD,41,mbppplus-603,False,FAIL,ce56ab625d209e1387b184dad3308e4b40b14e40b632f9dd9be4c9c6daac7c22
MBPP+,Per-Expert-SVD,41,mbppplus-604,False,PARSE_FAILURE,81e3a26b7e26c9af19b1d46634bf1f7b212d3ed4b695ef5689b8cc404ee7d6a2
MBPP+,Per-Expert-SVD,41,mbppplus-605,False,FAIL,475cd2f8aa569664968c99bb4a30ca04a45b3f757b9e55c69d5038b2f8a520dd
MBPP+,Per-Expert-SVD,41,mbppplus-606,False,FAIL,b4c846da638045a906bc1a391591986a1e249d2b94ed661b092c55f0acd9bfb1
MBPP+,Per-Expert-SVD,41,mbppplus-61,False,PARSE_FAILURE,e0f471d0aa12a31eb1573f445ffd1f3e0efbf5570fb9b6cf97d56ab7c298ad18
MBPP+,Per-Expert-SVD,41,mbppplus-610,False,PARSE_FAILURE,72d2a25bc5d89207386802f836347f1229559af250d7e31f510f580b24780f4b
MBPP+,Per-Expert-SVD,41,mbppplus-611,False,ENTRYPOINT_MISSING,b7fd10023b70b5ea750674dd6ed311262237a6970ba809abd53154e5391125eb
MBPP+,Per-Expert-SVD,41,mbppplus-612,False,FAIL,ce62599a8bf6f4d88bd6dd41de4226fe0311de671379893422e440c9b1e73737
MBPP+,Per-Expert-SVD,41,mbppplus-614,False,PARSE_FAILURE,21faef00e76abee7c2249b600f9e358fb4f27e0e01a23227ab28db6856541551
MBPP+,Per-Expert-SVD,41,mbppplus-615,False,FAIL,7b50bbdedce55f0db85552bafac150f37a2c2220c3371176413dfadadfe6b662
MBPP+,Per-Expert-SVD,41,mbppplus-616,True,PASS,4b2ad72d17b724e7ed18f3bc17c5a9af2b766da9fb5219d44f1458fb099f8cbf
MBPP+,Per-Expert-SVD,41,mbppplus-618,True,PASS,3be829ed6268121ddeabf78525bd46866d30a0376dd8ebf6afaba0f13fd165d1
MBPP+,Per-Expert-SVD,41,mbppplus-619,False,FAIL,08a4b336324b78ab3ee37a918a88b058d0323b65362abeb7c87f2c0f5960741d
MBPP+,Per-Expert-SVD,41,mbppplus-62,True,PASS,02dd84a1f65b0832ca0c930c2e0eab2943b73beed27fc0dd2264d663a506b0ba
MBPP+,Per-Expert-SVD,41,mbppplus-620,False,PARSE_FAILURE,aba5328a7f1c085da4e6a5eeed528db9985d3c4e5c2ad5b360cf7282143c5e27
MBPP+,Per-Expert-SVD,41,mbppplus-622,False,FAIL,d6d0f7737fbebe3aeaa9b0f5f8ba1892c3f763126d8f0c56a2480e8960a243a2
MBPP+,Per-Expert-SVD,41,mbppplus-623,False,PARSE_FAILURE,19a88d3852e751287e567320e8c2a58761707a9f6f164762e43e5554b7a873d5
MBPP+,Per-Expert-SVD,41,mbppplus-628,False,ENTRYPOINT_MISSING,eb61d4655ed02f426f7affd642389f35ec30c132982a2b5499a35b0e78277cc3
MBPP+,Per-Expert-SVD,41,mbppplus-629,True,PASS,f74d4469deebdc3b08ffa13b1fd3534aa3d3917e3e46b7c1f599a297c6b12b4a
MBPP+,Per-Expert-SVD,41,mbppplus-63,False,PARSE_FAILURE,a180310646e8b4bc0fe028606dedea6d9409ed07753b3d2771c14716541791aa
MBPP+,Per-Expert-SVD,41,mbppplus-637,False,PARSE_FAILURE,c65b15d25f1a99cb23a03e4cfce347dca07dc5b9991866f14a9aac04ffcb3dbe
MBPP+,Per-Expert-SVD,41,mbppplus-638,False,FAIL,3474fc2f658a9a1886113071f91bbec0f96c7bd2df716f409d5b313af4f5cc00
MBPP+,Per-Expert-SVD,41,mbppplus-64,True,PASS,444d03c30e4903930d4cf6569f0dfc54545c789b4020707be57ffd545c6bd22e
MBPP+,Per-Expert-SVD,41,mbppplus-641,False,PARSE_FAILURE,f39cb613a6a2567e4fb5736352640601b1a48cbe3647ac3aded58905cf06a004
MBPP+,Per-Expert-SVD,41,mbppplus-643,False,FAIL,a2950451a3f66e3bc9c212c8955002dd300975b129c23b22c154f4a7676cb92b
MBPP+,Per-Expert-SVD,41,mbppplus-66,True,PASS,046fe6dc3aba41b458bb8f0a61809a011bf59624d0342e3722185dff6fb6fc17
MBPP+,Per-Expert-SVD,41,mbppplus-67,False,PARSE_FAILURE,580b05f9f27b9d1815312ba1b3f9935d6863e49603057e4237fd41477922218d
MBPP+,Per-Expert-SVD,41,mbppplus-68,False,PARSE_FAILURE,40204df3a341d7ebe4a895393a9bc1c0d977e2f8f31a6c58e742a232e570a412
MBPP+,Per-Expert-SVD,41,mbppplus-70,False,FAIL,c31a30780db6f2b3637278bbab28467e1bfac17869f1860e2c88bb0116fd62d8
MBPP+,Per-Expert-SVD,41,mbppplus-71,True,PASS,875c810ca619ef9cee349a032296c8e04186c1603de7e23b4be2b3939f41ee9e
MBPP+,Per-Expert-SVD,41,mbppplus-72,False,PARSE_FAILURE,0b5c2f442c84480027de39c0d99e19dce16246a9a64ec357b3f0991877ed7768
MBPP+,Per-Expert-SVD,41,mbppplus-720,False,FAIL,4c06c50aa41b5ee5c3b82287d6445745fdb35a6005cc5e8654bd648ba651f4a1
MBPP+,Per-Expert-SVD,41,mbppplus-723,False,PARSE_FAILURE,6e121e3d27a4d3a3f332633dce8944c6cc69b4b2455500f838f30618f5932321
MBPP+,Per-Expert-SVD,41,mbppplus-724,False,PARSE_FAILURE,379e5146e8f8845d5097561f7540e706384ebf7544d2036fecd7c0107b69c1e4
MBPP+,Per-Expert-SVD,41,mbppplus-726,False,PARSE_FAILURE,95a1252dc99ece9d0be7d51851022628288026c7e49c561077ce7ca3da42c29a
MBPP+,Per-Expert-SVD,41,mbppplus-730,False,PARSE_FAILURE,93d9e86c9176561deb39cbcac3dfe36f3311b2269c4d857cb0ee136881211058
MBPP+,Per-Expert-SVD,41,mbppplus-731,False,FAIL,1efed96c4abdf63698de8cac2bcca12f96630c5a13f495f433eccef5b8456ab1
MBPP+,Per-Expert-SVD,41,mbppplus-732,False,ENTRYPOINT_MISSING,26fc38083408bc295054f164137df07dd7ce435961a27a4fbb3cace37923cda6
MBPP+,Per-Expert-SVD,41,mbppplus-733,True,PASS,7313ef31ac02c1b4c54568f7229077e276763fb79fdeb4cfe1803e58bc2dc536
MBPP+,Per-Expert-SVD,41,mbppplus-736,False,PARSE_FAILURE,97768c2c7e5152f64844c01f583d8990e1bf4b647d0c11609dcf4ded7b50b6be
MBPP+,Per-Expert-SVD,41,mbppplus-737,False,PARSE_FAILURE,f5a5b156c0eecdb70752af4b8dad057c7b78452a76952323750c9f4c508302d1
MBPP+,Per-Expert-SVD,41,mbppplus-739,False,PARSE_FAILURE,64f308cdd70bf50e66f6b63355ad6b439462b653fa44ca64b7d7fc8d247db67a
MBPP+,Per-Expert-SVD,41,mbppplus-74,False,PARSE_FAILURE,3a5cf93064b940bd24c8d5015f07d90d582f872b533dde2f6798b26aea28a331
MBPP+,Per-Expert-SVD,41,mbppplus-740,False,PARSE_FAILURE,2e5d0644713730b03c92dc4d15db85e523bea626dd66d58a810e9c02a674e9e3
MBPP+,Per-Expert-SVD,41,mbppplus-742,False,FAIL,f0b572fcb240cbbeb516daf02b2b32705c0cb8fe61f4a12002077206d9d96198
MBPP+,Per-Expert-SVD,41,mbppplus-743,False,FAIL,ef201b5e13aa4791b95266fc8d720a048268a32bd4f850e933ff16533eaf9421
MBPP+,Per-Expert-SVD,41,mbppplus-744,False,FAIL,541386e9106e858d54aadcd25bc05b97a7caf7003accefe316654ff1ef3b585a
MBPP+,Per-Expert-SVD,41,mbppplus-745,False,FAIL,a7e4200081328854e52967c891d87199ced93bb60f00206bc1a58fec26e7b5a7
MBPP+,Per-Expert-SVD,41,mbppplus-748,False,PARSE_FAILURE,37506ee3a87deacf7f8e7834ffe2ad82300a26c7389b6d4b106b6f0e45d60843
MBPP+,Per-Expert-SVD,41,mbppplus-749,False,FAIL,d4118dabd499188211d1f6bd1de795a36f9414582c6a8ad99dd09774094f2b92
MBPP+,Per-Expert-SVD,41,mbppplus-75,True,PASS,91364ca23478b9a819204e4c90d3abe2bf26ed07284d90d2aa05e86ca430b331
MBPP+,Per-Expert-SVD,41,mbppplus-750,False,FAIL,9ca072058720eb88a44dabe11db7809232c9f90092f25c3a568c3b7baa9b8df4
MBPP+,Per-Expert-SVD,41,mbppplus-751,False,PARSE_FAILURE,8c16515ef86315ac6f713cb20e92c898c8f89b1f73ad73333059f417b4ba9078
MBPP+,Per-Expert-SVD,41,mbppplus-753,False,PARSE_FAILURE,a12104829ca86998f758fceb5bf8a5423440acbe878ab54ed273451dd004e4dd
MBPP+,Per-Expert-SVD,41,mbppplus-754,False,FAIL,d8b065dfa36eeb99903753fbe08d9125f76cf28ffbafc4f980e58a04a66a62df
MBPP+,Per-Expert-SVD,41,mbppplus-758,False,PARSE_FAILURE,05d2417722c5cbe479c75621eacb1467052bb15221491a602f6acc444b7b8024
MBPP+,Per-Expert-SVD,41,mbppplus-760,False,ENTRYPOINT_MISSING,7762622cb3e4ea503a36c2aae074ce23c34fd9df8230631ece5c2f676fd8f4fc
MBPP+,Per-Expert-SVD,41,mbppplus-763,False,FAIL,311d98fe92669b61a8a18bd32433f8659e5e6beffc429dad60bb6a647245f7eb
MBPP+,Per-Expert-SVD,41,mbppplus-764,False,ENTRYPOINT_MISSING,c182e8ad4445b01eb170e991a83e8219c08a9329b762882ca23912ad2e00d311
MBPP+,Per-Expert-SVD,41,mbppplus-765,False,PARSE_FAILURE,6441f9e68b1a3f8b84fe767583b8833eca6b5f990bf53ead49c1c3aa68b1736d
MBPP+,Per-Expert-SVD,41,mbppplus-766,True,PASS,c9b86130c757e3798fa228b0f228f1e80ab3bf4447cc3681b04b2aa9d336487e
MBPP+,Per-Expert-SVD,41,mbppplus-767,False,PARSE_FAILURE,4e4990b8dee92e8536df8cec5bd63827f3407fea4147b89f39a45b27413b8158
MBPP+,Per-Expert-SVD,41,mbppplus-77,True,PASS,bf8b7a0ca4e016b5febf674a9ef82f640e97b755a6a60462a865287f42975587
MBPP+,Per-Expert-SVD,41,mbppplus-772,False,FAIL,edb964b5b5ee56a6208defcf61c7462314dbea1abe4d112154cfd2f3119f82ca
MBPP+,Per-Expert-SVD,41,mbppplus-773,False,PARSE_FAILURE,adb7d5632f3554fa7209d0f3a68c77801b2173c718ccdbe5e6793590db80c09e
MBPP+,Per-Expert-SVD,41,mbppplus-777,False,PARSE_FAILURE,d171246c5afc9ca5f617e337f4f011894fab0780f3a966fe5e16c4ca7f10c085
MBPP+,Per-Expert-SVD,41,mbppplus-778,False,PARSE_FAILURE,047a4bdcfa3c8f855508043f1c44d9dba23d78db401d84681478928affa29cdd
MBPP+,Per-Expert-SVD,41,mbppplus-780,False,PARSE_FAILURE,b7950fa4ccdda0ec5fe48130b49cfdb1338c3d19feaad771a7b42b6c97a963e4
MBPP+,Per-Expert-SVD,41,mbppplus-782,False,PARSE_FAILURE,1271cfe4efb875f78e4c849f83ef61f2a49ec4ea5576eec6cf6fa4281d0b5371
MBPP+,Per-Expert-SVD,41,mbppplus-784,False,FAIL,979233f012fe92598385ff33c168072a1177dddedb95cdc41f4151e5e50f111f
MBPP+,Per-Expert-SVD,41,mbppplus-786,False,PARSE_FAILURE,1341a20d036b03c23ac7ae1cdea10f96fb718965bf5cac75531cd3eacc734875
MBPP+,Per-Expert-SVD,41,mbppplus-787,False,PARSE_FAILURE,b460df1acd6fdb3b939dca3d813697554e8741325a50b4d6a203546dba1d2c6a
MBPP+,Per-Expert-SVD,41,mbppplus-79,False,PARSE_FAILURE,5db3af9d92ee75de57940d6966020179df5eae51a07bcf4fbba5f9f0ce973a4c
MBPP+,Per-Expert-SVD,41,mbppplus-790,False,ENTRYPOINT_MISSING,0766b8bb158e77e6253058a7ae180f0a1a1aa9d99f02285ef8903ac969a1ea83
MBPP+,Per-Expert-SVD,41,mbppplus-791,False,PARSE_FAILURE,52a2adcb0ece751b9c662a47f12a35c3757e5a311b148e6b98c7e0f62b761636
MBPP+,Per-Expert-SVD,41,mbppplus-792,False,FAIL,4819eb85a802d4ee367b97799e8bcd78f2ba488e9ab0d29f37048737ce738d34
MBPP+,Per-Expert-SVD,41,mbppplus-793,False,PARSE_FAILURE,ff0e21d9b5b9337c3ad945b83c28528eb6eeeef5be983379807fcd4f04751412
MBPP+,Per-Expert-SVD,41,mbppplus-794,False,PARSE_FAILURE,979554096aceb7d1cdaca5e8274859a98a9ddafeab1fd2bced7d13a1545bea5b
MBPP+,Per-Expert-SVD,41,mbppplus-796,True,PASS,6c431eb9cf48c863f29b31750de6bc4c39cf4de278a99f8e25fc928fdeaf9e55
MBPP+,Per-Expert-SVD,41,mbppplus-797,False,PARSE_FAILURE,255c7f3639991c11a74da9675d10aba5d6ff438d0ed8998314fe8a21df546bbb
MBPP+,Per-Expert-SVD,41,mbppplus-80,False,PARSE_FAILURE,a8b7436270eb0725b4656db2e5e1f895dd436aab523c3f1ef9a3d1ff78671784
MBPP+,Per-Expert-SVD,41,mbppplus-800,False,ENTRYPOINT_MISSING,2a49cf6b5e547ecc7da2f4fe9817670e337bb99913aab474a05ccaeff88f7274
MBPP+,Per-Expert-SVD,41,mbppplus-803,False,FAIL,919f3f9335fb52dc33f060a0ee9dec575fc4830a011c21c2d46a6b60b61bc372
MBPP+,Per-Expert-SVD,41,mbppplus-804,True,PASS,79b5c66ecb34fb5d6b485c9500dfbb991ffad21ab9d8e3f6dae31b042a7d6aec
MBPP+,Per-Expert-SVD,41,mbppplus-805,False,ENTRYPOINT_MISSING,e95a16fe96faf5ceb628ca59bd9ff377351668bd989caef46f57692207201cb7
MBPP+,Per-Expert-SVD,41,mbppplus-806,False,FAIL,cc573e3db6ebae4128b1ed92ec3dde14ab2688f0dfbef5496700841871e3e1d4
MBPP+,Per-Expert-SVD,41,mbppplus-808,False,PARSE_FAILURE,226ab8d4d66b69b66880db94a7b1fa574562362c17d429126f01409fc3298d8b
MBPP+,Per-Expert-SVD,41,mbppplus-809,False,PARSE_FAILURE,f8a61900dfab6f76239fd330c007f4a5c0b42aeac00fc4523bdd6ac8be4ed4b6
MBPP+,Per-Expert-SVD,41,mbppplus-82,False,FAIL,144dbf0bdbb7f48a08d457462887c36ed2ed1cabe7101af8b8bd76ab2723eef0
MBPP+,Per-Expert-SVD,41,mbppplus-84,False,PARSE_FAILURE,b86ebabe44f439d083f3dd36f68c6dc0ac43a299e5ec4a1a9ff2d8630862d5b2
MBPP+,Per-Expert-SVD,41,mbppplus-86,False,PARSE_FAILURE,649425a7eed42d9a278221e7d1fc1dcced6d1ee1fd3c34db7bf65ef7c70c7ca2
MBPP+,Per-Expert-SVD,41,mbppplus-87,False,PARSE_FAILURE,31c0fd812b2e05ac9c0306693a3087506ccdfadd3914110da33e03478f89d183
MBPP+,Per-Expert-SVD,41,mbppplus-88,True,PASS,6552f34313884d86e741ed86eea4d080611cd257f194ac68edcfaa745256a093
MBPP+,Per-Expert-SVD,41,mbppplus-9,False,PARSE_FAILURE,26f2b33bcf86978244fce74b64ddff6f821a3a99138182d7d074ceffb1d08200
MBPP+,Per-Expert-SVD,41,mbppplus-90,True,PASS,5f386548b5484c78909300896b3e57361d04796186b35dfab86c11d1b3c9dcea
MBPP+,Per-Expert-SVD,41,mbppplus-91,False,FAIL,bbc2e2bd7534bdd0ee4b75e5ab83e3d2231b24972fd7fa1611389b1afefa96c0
MBPP+,Per-Expert-SVD,41,mbppplus-93,True,PASS,2c70cee30b00468b05ef9ae3e8b9facebcbdfd65a7dc52c3999a329a7b755ae8
MBPP+,Per-Expert-SVD,41,mbppplus-94,False,FAIL,b8c4a587a8dd46d23f1180036eb77b3b1bab47d8ffa17013979e9b75b69499a8
MBPP+,Per-Expert-SVD,41,mbppplus-95,False,PARSE_FAILURE,12508cb05faccc7526c386bdf38c367c41ffc08dee84f460bea82386862c4ef1
MBPP+,Per-Expert-SVD,41,mbppplus-98,False,FAIL,c0a26395964c70ffaa2371ff8bb37eacabc64031783c867f9fc8e5a2911ca8af
MBPP+,Per-Expert-SVD,41,mbppplus-99,False,PARSE_FAILURE,c33f8ce2e4892238225418807ccca233040d38f9ac9ede04bf45b3febd85179d
MBPP+,Per-Expert-SVD,42,mbppplus-100,False,PARSE_FAILURE,7b8cf0f194e9e45d9cdc4e88d5cd6ea47bc342a6bd28afc9767ae634321adfe3
MBPP+,Per-Expert-SVD,42,mbppplus-101,True,PASS,6ed33394bf2adcc7996ce9baa8a0a51478356b0704bc7184e7e1a17b2f1153ce
MBPP+,Per-Expert-SVD,42,mbppplus-103,False,PARSE_FAILURE,f069e7baa014ad3c996e3dccce6b44392fc6150de6496b0aa68041c7f67f6133
MBPP+,Per-Expert-SVD,42,mbppplus-104,False,ENTRYPOINT_MISSING,4ebc2e0da3d6f437c5838da2ef31cb070f6ccc3db2eb1c3d0ed9408c7577da13
MBPP+,Per-Expert-SVD,42,mbppplus-105,True,PASS,1acc5631ccb31402ada2c682cc509a2276bf49b75b58976cf017933355692e2b
MBPP+,Per-Expert-SVD,42,mbppplus-106,False,FAIL,51925616ff32771034dd2a1099dcbb162313c378f16af9b5961aa9317db9f88e
MBPP+,Per-Expert-SVD,42,mbppplus-108,False,FAIL,93312dff6fa57faa3f4a6c5b61d4965a87a3e05c81b50ec565426cced25a254c
MBPP+,Per-Expert-SVD,42,mbppplus-109,False,FAIL,d7d8b5cf2e5f7d2da72458c4608a3b0d6a808020145c2c60073423d7f8123575
MBPP+,Per-Expert-SVD,42,mbppplus-111,False,FAIL,90ff58d51a5361473db5ecb585aed9d4991699a023516e4329d90a126d44d9c4
MBPP+,Per-Expert-SVD,42,mbppplus-113,False,FAIL,562398c0b0989976c3ac06fb02afe534c67ccf263866e167ec91f1de1ec7e10b
MBPP+,Per-Expert-SVD,42,mbppplus-116,False,PARSE_FAILURE,4ee9671edd3db75ffb260d7e0c61613287d31968e152f66eea82a289dbeff564
MBPP+,Per-Expert-SVD,42,mbppplus-118,False,FAIL,36b357a3ba76f2bb8ca00d75ea0ee1d0e185160b4f71c0d7024abf4c29380961
MBPP+,Per-Expert-SVD,42,mbppplus-123,False,FAIL,ffbf56405672bb75569dc64fc0df199cb136529cd94a4f997a107574b4e41fdf
MBPP+,Per-Expert-SVD,42,mbppplus-125,False,PARSE_FAILURE,1d85d4b94fdc794d596d12123cc4e60581f4357f186e3c6c584dee24116cb203
MBPP+,Per-Expert-SVD,42,mbppplus-127,True,PASS,b8ee7af3f442729a14cc29e4f769b68a4e257001c4c8804fa4015c8a7ced3864
MBPP+,Per-Expert-SVD,42,mbppplus-129,False,PARSE_FAILURE,5a84d1f773288da3002d17260b92388027524197e96b3619d6f56629312ce200
MBPP+,Per-Expert-SVD,42,mbppplus-133,True,PASS,af1aac878ee27b7305dbde533cb6cec606cdfe8d805b53d495aa92daf30c80e6
MBPP+,Per-Expert-SVD,42,mbppplus-135,False,PARSE_FAILURE,6363faf816acbc26a4c5eae99472713824f1b5357b4e790752899058bcc5f9d3
MBPP+,Per-Expert-SVD,42,mbppplus-137,False,PARSE_FAILURE,c64de3945edf1a279d1c5abc670a98439dc3a6693bc8850fb5dc5a067c450d8c
MBPP+,Per-Expert-SVD,42,mbppplus-138,False,FAIL,d20eda4ea8ec2217673a8506a0d635ee9299f9e21db4438281ac860cf668c857
MBPP+,Per-Expert-SVD,42,mbppplus-139,False,FAIL,a12229b38a1e133e25983252c57372d6dbe7647d5e9c092a117d31d45c5476bc
MBPP+,Per-Expert-SVD,42,mbppplus-14,False,FAIL,745ebc7257d5d7cc840e1a2f633d242e36f1107253f63079bdcfcf6e3d28ae40
MBPP+,Per-Expert-SVD,42,mbppplus-141,False,PARSE_FAILURE,7822ad3dbf3bca78559213ee308d79f5f9b921979e9a9b2599c5b932a15e31a5
MBPP+,Per-Expert-SVD,42,mbppplus-142,False,FAIL,1d4174f84c1425bd10267a1a229734ec683dd6d60096cdc9843181fde33e80ea
MBPP+,Per-Expert-SVD,42,mbppplus-145,True,PASS,3e562112e8c570fb6b7d4ca815c02009c9a6f1effaa41578fd98cbca88667ebe
MBPP+,Per-Expert-SVD,42,mbppplus-16,False,FAIL,5491d1f6b9f178bd4dbed0692893e399f9ef7a71d875f282c163d95f80a94b01
MBPP+,Per-Expert-SVD,42,mbppplus-166,True,PASS,42cc1c335d85c92a650a0814b3a6072000ec454f24970414d5505fe009d01f73
MBPP+,Per-Expert-SVD,42,mbppplus-167,False,PARSE_FAILURE,f4e281c6e56cef49ea13773a5255171dbe338a44a1cbaf8b5753c3cb59ebfc70
MBPP+,Per-Expert-SVD,42,mbppplus-168,False,FAIL,a7fdf8ec6f10aa0e96f253b4595e7e53ee5338174e7885355247ee0cea36cf17
MBPP+,Per-Expert-SVD,42,mbppplus-171,False,FAIL,c846903076b4b284295abdb441ed8d165a89a0c28307a90ac1a0b695ee0d7682
MBPP+,Per-Expert-SVD,42,mbppplus-172,False,PARSE_FAILURE,2287c0ba9570461412878925094325347fcda6b2cf2bf16239fe4e80f0b254d1
MBPP+,Per-Expert-SVD,42,mbppplus-18,False,PARSE_FAILURE,ec0dfbfd494e6830b3e15e44b7c1cf53997254fc89c3073ba9889dbc1eadf62d
MBPP+,Per-Expert-SVD,42,mbppplus-20,False,PARSE_FAILURE,475fa9cd992a85cba11702db46268cddd85e425fae07b3aa50b7846260e9d11e
MBPP+,Per-Expert-SVD,42,mbppplus-222,False,ENTRYPOINT_MISSING,610b49c4ac8ae03f2ea972961378ec30ef40d723b58f4f2c662e93017dba0fb7
MBPP+,Per-Expert-SVD,42,mbppplus-223,False,ENTRYPOINT_MISSING,55fc990f77ffabda8965c29cd41ed4cbfd9fdf31849a4e9a162b350e165e91bb
MBPP+,Per-Expert-SVD,42,mbppplus-226,False,FAIL,85bfbec679d43ee64c06c648b69d37b7af7fe50bc2f6df179f0fbc99f11b5be7
MBPP+,Per-Expert-SVD,42,mbppplus-227,True,PASS,e7245fdbf9dfea15345c0b77c7b794f33d4a5e8b790d0ffb5e1ba3036f818f04
MBPP+,Per-Expert-SVD,42,mbppplus-230,True,PASS,b649ea318e27b197f13df6c1b47bed3ce30e589a09e959eaa09c8e846431af55
MBPP+,Per-Expert-SVD,42,mbppplus-232,False,FAIL,1cfc8ca4b99be3225341f91c30f235981859cd8d17f47ef1e5ed11b912950d85
MBPP+,Per-Expert-SVD,42,mbppplus-233,False,FAIL,3b5ae0ac8be6b761ca63a181d636ee8f0a9488f798fa2eb5411efc157d143e68
MBPP+,Per-Expert-SVD,42,mbppplus-234,True,PASS,217bfb0f53239314ec75e48ef7e278932749541279dc1deebc37340c81804cd4
MBPP+,Per-Expert-SVD,42,mbppplus-235,False,PARSE_FAILURE,2fd61bbf58b1291215d45b2feb7f06d3f8d009ac31b9c10f001f49690b620c66
MBPP+,Per-Expert-SVD,42,mbppplus-238,False,FAIL,85c704e3cc65377e986aafd51398d0a8819f8a04ac6640bab79688caa1113f94
MBPP+,Per-Expert-SVD,42,mbppplus-240,True,PASS,7d8f39f2f346f61f2b28e391d554c1b0881fab820507a22a8d417922bcc1c562
MBPP+,Per-Expert-SVD,42,mbppplus-242,True,PASS,a69daa754394fbf2742a35df3805f7ebd1c78848d2857f01461724c067329c08
MBPP+,Per-Expert-SVD,42,mbppplus-244,False,PARSE_FAILURE,c7ddf710ebed8bd90ed0aa1404fe64488e5d9c718401ab4eb44913a33329d734
MBPP+,Per-Expert-SVD,42,mbppplus-245,False,FAIL,86167d2f6ca7daeebf35c3913cd4338db952c7e863f718bbe751ea7f91e73281
MBPP+,Per-Expert-SVD,42,mbppplus-247,False,FAIL,d2ec57ebf04b857239925e2f8b74e810518c29e1085d86f1ab8150af45b2b96c
MBPP+,Per-Expert-SVD,42,mbppplus-251,False,FAIL,f0cb5e9be2418e98c7345bfb1c27b4d0246e57a277a65fed919f5f0f18fe2ec3
MBPP+,Per-Expert-SVD,42,mbppplus-253,True,PASS,3b6f88b269cf8812792b779c26245da63a8adb8f4f59100f26c704b6b2a858db
MBPP+,Per-Expert-SVD,42,mbppplus-255,False,ENTRYPOINT_MISSING,c0fc184e6f5e51a42688b00e615094fd0a3b5b82f64b9d0899b0160044d0d73b
MBPP+,Per-Expert-SVD,42,mbppplus-256,False,FAIL,7d9f717ebd308f32b281745e23a21f5546ede1a0af9873b8c92655d91691cb6f
MBPP+,Per-Expert-SVD,42,mbppplus-257,False,PARSE_FAILURE,0b4437bbd8c23893c03a71889c4a9085b0a6c4483797bd8e444282587a4abfd3
MBPP+,Per-Expert-SVD,42,mbppplus-259,False,FAIL,0777f4f0f5a7557def3239837b29836ccdf89077f6877a5e326b65f9ce10cb32
MBPP+,Per-Expert-SVD,42,mbppplus-260,False,PARSE_FAILURE,57902a4d1721fbc590ad103961dc87c3d93565ed7e025aba9578c57495fb08fb
MBPP+,Per-Expert-SVD,42,mbppplus-261,False,PARSE_FAILURE,4080d29c432aa1e7cc8bab1b78fee93a9183fa5da62a7ca9d018954cd6e67e63
MBPP+,Per-Expert-SVD,42,mbppplus-262,True,PASS,728936071af45d7fdd82b467a1031a520aff6ebedfbefb2c29502b356d2b32dc
MBPP+,Per-Expert-SVD,42,mbppplus-265,False,FAIL,e97b735b68a9f9371236b811cb2751129ecaba22bc0de102edcc0d44c695a1b9
MBPP+,Per-Expert-SVD,42,mbppplus-267,False,FAIL,9874b2e803e332498ab88637ee3780642ba761ee4ded3de2554711bdc568bf31
MBPP+,Per-Expert-SVD,42,mbppplus-268,False,FAIL,623c55cbf24c7829c6b7395fe04df2b828fcf58773859dbd71c3fe6a39c1a1ec
MBPP+,Per-Expert-SVD,42,mbppplus-270,False,FAIL,f26045ae988cfb0e9eda7e17bcbdb88b721076c6f1e0c5cfe057d230919c12e9
MBPP+,Per-Expert-SVD,42,mbppplus-271,False,PARSE_FAILURE,25e091ca2ae842e8e69f074d779ad14136674b6bee1b4e6f8d7fac8d8a3aedc9
MBPP+,Per-Expert-SVD,42,mbppplus-273,False,PARSE_FAILURE,421b2b14ffef757f4ea23875c5204467bf149a41553d9ac7d4bd30e0620f1241
MBPP+,Per-Expert-SVD,42,mbppplus-279,False,FAIL,3cf7e915b4aad69afd9786e3d9a88119d6680facd42d09f19bfe94f993411bb7
MBPP+,Per-Expert-SVD,42,mbppplus-280,True,PASS,17ecbb4a3d3cba75954a1041a65453db908624df56392b40009471e2c2fd9ad6
MBPP+,Per-Expert-SVD,42,mbppplus-281,True,PASS,0788b20135db407f014a946ec788a221e55ffe0f354fa044a4c2bc847af12bd2
MBPP+,Per-Expert-SVD,42,mbppplus-282,True,PASS,9867fdb2fbd17dedc12c1314450b6660155741488c413485aa98f3168e226d2e
MBPP+,Per-Expert-SVD,42,mbppplus-283,False,FAIL,87b75244a6b3546d446ffa70bd90558982c87d7076db3e2377b761ffd9245f2d
MBPP+,Per-Expert-SVD,42,mbppplus-284,False,ENTRYPOINT_MISSING,e089396a5ccce746c11343e16e03f6ff9a2f57f87061b959edc03aed89465807
MBPP+,Per-Expert-SVD,42,mbppplus-285,True,PASS,607f3d3f5e1077b4618509cb9cb9a4e50b6b4234dc60686fbde4282e187ff04e
MBPP+,Per-Expert-SVD,42,mbppplus-286,False,FAIL,8b3952f1e724cc385a36df4408841956ee3fde04a919a33b139a4fca8d2343b6
MBPP+,Per-Expert-SVD,42,mbppplus-287,False,FAIL,37dab4fed2d101eb84439125d29e1b2f97abbf197c05c72b98d8ce7a214ed9e2
MBPP+,Per-Expert-SVD,42,mbppplus-290,False,FAIL,9fda9fc67bebfbecc5b203820d80213777d6b14f066604592d6e66bc313e30e2
MBPP+,Per-Expert-SVD,42,mbppplus-292,False,FAIL,e749f55eea240ac4a7dd5060e434e715887fd3fe1c344973bd2db1475ddbc3db
MBPP+,Per-Expert-SVD,42,mbppplus-293,False,FAIL,642da873084df52fa724f559bece1a1e7857fc37371b1907fed7cb47b49400b8
MBPP+,Per-Expert-SVD,42,mbppplus-294,False,ENTRYPOINT_MISSING,c620bcafcba582fe5d5103cf4c93d1b3a255dda0f21775e99c57eac14e46e960
MBPP+,Per-Expert-SVD,42,mbppplus-296,False,PARSE_FAILURE,fa9dda4064d5bfe8fcc93bc0d85cc5ca005d79484d8beb063ba7081d2fd4fa54
MBPP+,Per-Expert-SVD,42,mbppplus-297,False,FAIL,0f15e2ec095ca98dc72eaa65a3064e324e821fee3390d7da9392c4253d23768f
MBPP+,Per-Expert-SVD,42,mbppplus-3,False,PARSE_FAILURE,065442b4f9047aaabfce62e5ccd1009c48dcd2782624dd6ef0f04326fc28334d
MBPP+,Per-Expert-SVD,42,mbppplus-301,False,ENTRYPOINT_MISSING,331d5d82d3a43a1077d2fc345911906812eb724b031ef03c93e7a87ba5c74ba8
MBPP+,Per-Expert-SVD,42,mbppplus-305,False,FAIL,e9a2dffad86832486b82d5ef43afa9726b76dc8cc09e88200d26fc2875ccb905
MBPP+,Per-Expert-SVD,42,mbppplus-306,False,PARSE_FAILURE,3f8e6e18b52bf5ac3d6f677e7db2352bed06b55a5df60250d2f7b84019a09dbe
MBPP+,Per-Expert-SVD,42,mbppplus-310,False,FAIL,739976cf4c9d7c7e4f671e52f2e09dc050ab2ca68a6aa8151ab83cbdc4447f46
MBPP+,Per-Expert-SVD,42,mbppplus-312,False,FAIL,2b51ac869dd62e24644de796ff8de79c1c1a8ad624718d499a23d894eca0379b
MBPP+,Per-Expert-SVD,42,mbppplus-388,False,PARSE_FAILURE,f8c51a2ded1ab86be38040c8adbf2dcdd7c16608c6239c5c2769d71a7062c8d6
MBPP+,Per-Expert-SVD,42,mbppplus-390,False,PARSE_FAILURE,48a1058a478c7a3d0e8d19d5417941e68a404335ce7adaf74e24e032ecb8b73b
MBPP+,Per-Expert-SVD,42,mbppplus-391,False,FAIL,0125b564621b53e84c2b621797f5dac69f476eadce8376e94f272d92e1c0389d
MBPP+,Per-Expert-SVD,42,mbppplus-394,True,PASS,87aa362ae51176e0e15705b56c7f95a8781003bb661145ec37bc438c492c36b8
MBPP+,Per-Expert-SVD,42,mbppplus-397,False,FAIL,ae5e0afda67ef5819fbcfc52a0b45802def03144d2074b360f58cb49e3a4189f
MBPP+,Per-Expert-SVD,42,mbppplus-398,False,PARSE_FAILURE,d59d503110adbd9d180127ad5cf68cbe638ebb41347f109e035319dc4349cdd6
MBPP+,Per-Expert-SVD,42,mbppplus-404,True,PASS,6291e41eca92cc8dd63474a539a14c58ba6480318d555ac51e636f789c2f97ce
MBPP+,Per-Expert-SVD,42,mbppplus-410,False,FAIL,558a5ea8cdb4784acdc86d75a099946d7c5eae5759cf4a21465fbec89ecd22e0
MBPP+,Per-Expert-SVD,42,mbppplus-413,False,FAIL,f278d859211912c0dd5102cb017102766ade524dba5b7588b40c82210185a120
MBPP+,Per-Expert-SVD,42,mbppplus-414,False,PARSE_FAILURE,f04fac577082b12514952582c75a6815f241b0ecbc46b39a0c9e10edd78a4e61
MBPP+,Per-Expert-SVD,42,mbppplus-420,False,FAIL,a03d6b461f77a89c6ee6504642903755d81f6a74da3d7bbadb93258b246d987f
MBPP+,Per-Expert-SVD,42,mbppplus-421,False,FAIL,34a930f2af33aa1fb3cc429f95b5efc4df5926b319210c9b46106e38041d5819
MBPP+,Per-Expert-SVD,42,mbppplus-424,True,PASS,f624dbfdbfcb0c331e216a40996e72ccc7813af63256c449844cd4697c970cfe
MBPP+,Per-Expert-SVD,42,mbppplus-425,True,PASS,07c4a212f86a5f6ac412ab1d46a93e68ac21176cb7991add7ee0bbeed306c259
MBPP+,Per-Expert-SVD,42,mbppplus-426,True,PASS,43fced055f386c03c1aaec98f72692d2252fe468f30711dfaf96f383f16caf2f
MBPP+,Per-Expert-SVD,42,mbppplus-427,False,FAIL,e812913d20eea1c7597cc0c5307d38a5533dd70cea52bfd0f937153b37cf72af
MBPP+,Per-Expert-SVD,42,mbppplus-428,False,ENTRYPOINT_MISSING,9b27e2c213e71b43aaa4e98d2c8a0d0cde7acd54800b6510a79ed3e0191319ef
MBPP+,Per-Expert-SVD,42,mbppplus-430,False,FAIL,21e5a3cae35d0e4634f68c5b4c6c94968e90a784975edc47c6103fb07412973b
MBPP+,Per-Expert-SVD,42,mbppplus-432,False,ENTRYPOINT_MISSING,f97bd1c019a03ae9d8557b0ed360bebaa457f6bbe5e51ce6fabc27aff40e49d3
MBPP+,Per-Expert-SVD,42,mbppplus-435,False,PARSE_FAILURE,e74100c9d78c9c281007542844959871dd0c5f04ce363ad15cf7685c54025341
MBPP+,Per-Expert-SVD,42,mbppplus-436,False,FAIL,17df7fc8def869857ef707984dd466fd45e0fe79c46146d680485411e78b8368
MBPP+,Per-Expert-SVD,42,mbppplus-447,True,PASS,52234e7be57f27b6663f3630361825e252a3e600403277ad3a5088840c412342
MBPP+,Per-Expert-SVD,42,mbppplus-450,False,FAIL,00ad37ebbf99c5a13e8fabd67a9c6111b44806889cf810cb17c64fe4bc5971de
MBPP+,Per-Expert-SVD,42,mbppplus-451,False,FAIL,e96a73fa68a9197bbeaa6390463fcb8a7b7fd31b5b81448dd7d53113158393a3
MBPP+,Per-Expert-SVD,42,mbppplus-454,False,PARSE_FAILURE,f61c513d06dfb0ce5f8883447e69be17ab3d4c9111539d8406ecbffeee0b7ad9
MBPP+,Per-Expert-SVD,42,mbppplus-455,False,FAIL,f70b40c3ea523907ba63a77f47639a62d31a3d818678390dce9a0909f367f24b
MBPP+,Per-Expert-SVD,42,mbppplus-457,True,PASS,0281638e6a482f47132b71cb6bdabc1014531649aebf62ab64a9a3ce331cb042
MBPP+,Per-Expert-SVD,42,mbppplus-459,True,PASS,7708be60c0f9a4b061a8857079eceb8f8aa646638c9577004d99de3d34cd4d55
MBPP+,Per-Expert-SVD,42,mbppplus-462,False,ENTRYPOINT_MISSING,df7b2e837bc0a2f15232d362884fd81b43f6dc3c89e8b0691ac870bf9b57ebfc
MBPP+,Per-Expert-SVD,42,mbppplus-463,False,FAIL,1e7e892d60c2881102f96094cda48c0d0cf7e74d6f0919252354371e2dc6786c
MBPP+,Per-Expert-SVD,42,mbppplus-465,False,FAIL,ea2d16342502893afcbe167648311d999a0363d3814a246a6494bcfc2088afb2
MBPP+,Per-Expert-SVD,42,mbppplus-468,False,FAIL,9751a9719f189fd4712f7fe92db6be8f30d50f7793db669bfe27ca75950073e4
MBPP+,Per-Expert-SVD,42,mbppplus-472,False,PARSE_FAILURE,d0bd7da4ffa535f92d34d8a2fd1ed2d4cfb49f41ad8bc38af51b5dc1cf998ca7
MBPP+,Per-Expert-SVD,42,mbppplus-474,False,ENTRYPOINT_MISSING,7179c3bc9fd2dff6333b53f34cba1133b0050455dbba0b2b5b98faa316d42db0
MBPP+,Per-Expert-SVD,42,mbppplus-477,True,PASS,08e0932fed58ab3d6e9874fab3fb1e9dd7d8aecfd231b0bc7ec64b3e69216dd5
MBPP+,Per-Expert-SVD,42,mbppplus-478,False,FAIL,ee973855f5857ba04d290bb72493efde63bc46f7dfb796a2d19b6b802d4ef0f6
MBPP+,Per-Expert-SVD,42,mbppplus-479,False,PARSE_FAILURE,75d9c1a4c048b1aafa98fb453a65e70d4d08eab12e8639c63f2e979312dbadbd
MBPP+,Per-Expert-SVD,42,mbppplus-554,True,PASS,4c5dfdf8dca66900f440b45c5a6dc347ab7e8feecfa79fee8734fba87b5cd499
MBPP+,Per-Expert-SVD,42,mbppplus-555,True,PASS,60094ebe3adb280e09255f4c90f2a0b3fbe9f59f56208e5df688cb51d58b74ea
MBPP+,Per-Expert-SVD,42,mbppplus-557,False,PARSE_FAILURE,b07ecd11bb4d2d4bb689a9bbd66113f86276ba8cbe4da789b4d198be3796c80c
MBPP+,Per-Expert-SVD,42,mbppplus-559,False,FAIL,02530a2ed8924e7cf25f70d69f510043512b97dbc1e1e8a62105e95c93af557d
MBPP+,Per-Expert-SVD,42,mbppplus-56,False,PARSE_FAILURE,9cfdc7aed0690fb2caaee21e9c9c7882e8ad988a90c6332c86b5a98b45d67906
MBPP+,Per-Expert-SVD,42,mbppplus-562,True,PASS,196e0127070cf15def5758ca8700fcb271bb49bce956586d9b8de597e7ee0cb1
MBPP+,Per-Expert-SVD,42,mbppplus-564,False,PARSE_FAILURE,7fabd024fff4ae81f7c99380dcb2f059fb2146757bd9a5688c9b74c9492a65ab
MBPP+,Per-Expert-SVD,42,mbppplus-568,False,FAIL,5b9fe79dc03257c2262f03c1063d6ded61d423748cfb9fdfed6d87ccf2c2c95f
MBPP+,Per-Expert-SVD,42,mbppplus-569,False,ENTRYPOINT_MISSING,4ebc2e0da3d6f437c5838da2ef31cb070f6ccc3db2eb1c3d0ed9408c7577da13
MBPP+,Per-Expert-SVD,42,mbppplus-57,False,FAIL,675d30e5dd58cf519a49f30f2a893ff93d7513c47c3b323d4dc617ff16aafcce
MBPP+,Per-Expert-SVD,42,mbppplus-573,False,FAIL,7e25e7db887ca011f986aa0740308525f5174368c0adbe321f313bb63bdd015a
MBPP+,Per-Expert-SVD,42,mbppplus-576,False,FAIL,a3a8af41b769ba94e34034906268d09c5fef7f09a93ff202f57648ab638ddd02
MBPP+,Per-Expert-SVD,42,mbppplus-577,False,PARSE_FAILURE,01f1bcbe41ee19b082429d5bd12f7d97774943a8f084c7b8453bee882512ee2c
MBPP+,Per-Expert-SVD,42,mbppplus-583,False,FAIL,e1d1b6acd0d28ccaec5018725c3cacbd847bb8580530cb0451d5e4f0d26735c5
MBPP+,Per-Expert-SVD,42,mbppplus-586,False,FAIL,ec2044df4efe0de0ed81e4ea3d9c31bbcc68687bdc17d9865148e9eacc695ac1
MBPP+,Per-Expert-SVD,42,mbppplus-587,True,PASS,cee02073c02c63601c29e425e0779917e871a6b780d686595204c5e3b2d960ab
MBPP+,Per-Expert-SVD,42,mbppplus-589,False,FAIL,0555113063f1afcb94b365241db9600f16b15e7b4f49c98bb51822285e185f9f
MBPP+,Per-Expert-SVD,42,mbppplus-59,False,FAIL,ed23a7ca7c89486d69de2a7df50e8cbfffd127d0890c37ced5f8f2bd7f1f6c1e
MBPP+,Per-Expert-SVD,42,mbppplus-590,False,FAIL,9f6c98075f2af5dede7f34b538a6973d1275997b08d5c43dac0c3584fb572845
MBPP+,Per-Expert-SVD,42,mbppplus-591,False,FAIL,37ed77550c9fa6266cff7d0c1afdf1cb92b23dbf38ecc583d601e29af7b483f1
MBPP+,Per-Expert-SVD,42,mbppplus-592,False,FAIL,1fb938507b9f95e69fb2282b4b3a294562b8346f2f2ddc9264f4da09d2f04207
MBPP+,Per-Expert-SVD,42,mbppplus-593,False,FAIL,ac010d01da60d1a6b6297ac2783b5c316367fbf393b7a0255f4d760f2055e7a1
MBPP+,Per-Expert-SVD,42,mbppplus-596,False,PARSE_FAILURE,f00796ff358c3e275a7890fa65e88c86b24d0623d1b9ed9bbc437efdce09a2ee
MBPP+,Per-Expert-SVD,42,mbppplus-598,False,FAIL,0391f13e9d983002677e3d0915ed8c3b0cd5e2b24cd844d31ae01171d9d82fd1
MBPP+,Per-Expert-SVD,42,mbppplus-599,False,PARSE_FAILURE,77225cae177b45d0a827967c6b918d37d570b591975499807614495e0b713de3
MBPP+,Per-Expert-SVD,42,mbppplus-6,False,FAIL,27860c4534fe238bc0215c6fe7369732ea3049c67891b594a1cbea355f59e198
MBPP+,Per-Expert-SVD,42,mbppplus-600,True,PASS,31599de8f72d1163f023ce40c19b33f9b6e9188af7fb93ed37cccba952df786f
MBPP+,Per-Expert-SVD,42,mbppplus-602,False,FAIL,75b3165306ae16d4ee0d7cc3df3ce10a320a5a78220f60619b9202cc67b389cb
MBPP+,Per-Expert-SVD,42,mbppplus-603,False,PARSE_FAILURE,92284523cc128b4611ac2961b8acff87f67a51ec11db8c3e6386ac6faa34a633
MBPP+,Per-Expert-SVD,42,mbppplus-604,False,FAIL,a793432aaf7a6586870b4b364ecedc5e034f23ad9468bededc567917c50288da
MBPP+,Per-Expert-SVD,42,mbppplus-605,True,PASS,07d4698dcce0a73d2d049085a37fdd64f81b1879d23569bbd9b0d7ec43d87053
MBPP+,Per-Expert-SVD,42,mbppplus-606,False,FAIL,c63836fb1f3474e6b29acfda98a69435c8bbb5c1484832ab7609ccc64152e0db
MBPP+,Per-Expert-SVD,42,mbppplus-61,False,PARSE_FAILURE,f83db0fb46dc117bcbcb7021a0af61becbab118209964529b9ac6059c7d72678
MBPP+,Per-Expert-SVD,42,mbppplus-610,False,PARSE_FAILURE,ed5ec38da43c0259f93b6f1dcbcb5fd29ae88c3f045985632ae7c0cfe1831f0b
MBPP+,Per-Expert-SVD,42,mbppplus-611,False,PARSE_FAILURE,bbbf7f37b3d2a93080d214be47181e2130ed8a49fbb6335def1ff4a7e45b2611
MBPP+,Per-Expert-SVD,42,mbppplus-612,False,FAIL,56120434d57270bb823cce8f462e0d6f0a9d4c66be831328f9a7012caf48f1f0
MBPP+,Per-Expert-SVD,42,mbppplus-614,False,FAIL,ae08e79a077b6f171664164f279cc8bef61a8529fb4d252d72f18689a62c8935
MBPP+,Per-Expert-SVD,42,mbppplus-615,False,PARSE_FAILURE,a6925754b6cd60663b46b2a7354e4a5ad042f29993ef090303f82f8f0f989bf6
MBPP+,Per-Expert-SVD,42,mbppplus-616,False,PARSE_FAILURE,53a29fd64b8230e7c251ca76f5c9720126e4692d31dc5a49d3741a1f1f88368c
MBPP+,Per-Expert-SVD,42,mbppplus-618,True,PASS,d93c8626873ce062308899a6707f9307678f4c0bf254c1a532310d4a4c42556e
MBPP+,Per-Expert-SVD,42,mbppplus-619,False,PARSE_FAILURE,733a614b249aadbe5d66c62dc85057c45b3a80b19c2dc6a6ec2385c9c5c0f8b8
MBPP+,Per-Expert-SVD,42,mbppplus-62,True,PASS,25a07b73f6d57bba4799ca777bbf3a95864973f4b840d6308d355f61ffd4dfac
MBPP+,Per-Expert-SVD,42,mbppplus-620,False,PARSE_FAILURE,aeed94f9c513de1920d016dc8a697b37eda70c68b48ecf74a47607a8b28980c3
MBPP+,Per-Expert-SVD,42,mbppplus-622,False,FAIL,b76af5ab92acb2aa9f2f2067cd92d195538cc5fa9dc2c43bbfb053e4e4e82ab7
MBPP+,Per-Expert-SVD,42,mbppplus-623,False,FAIL,0d5898cd018fbeba2dc424e0827ed9721f17c625784e25156dd1143d392a87cc
MBPP+,Per-Expert-SVD,42,mbppplus-628,True,PASS,e919e618127331f183b4a6a25c5fe517b75f36e89a5b9d3b9077fdaa043a2f1a
MBPP+,Per-Expert-SVD,42,mbppplus-629,True,PASS,50d9b58a1f4ad44d0a8ca0d1a9e348933c52ab92bb27f418eb6629585b1d8629
MBPP+,Per-Expert-SVD,42,mbppplus-63,False,FAIL,e2b8d19875999b6a304d87b123da0b467b3aacd4c5e51226954404d243297f43
MBPP+,Per-Expert-SVD,42,mbppplus-637,False,FAIL,46d70cb658e8dd0300ea623b80510f16454fb7395c1b288dffe44eacff52b03c
MBPP+,Per-Expert-SVD,42,mbppplus-638,False,PARSE_FAILURE,8fc52a4efcf84c411a6c6d3f186e2cb8173136e924eccd4a86f693f795432e36
MBPP+,Per-Expert-SVD,42,mbppplus-64,True,PASS,ac036949875701049dab15c6c9fa0d0f502efbfb527cb9ac59e983b7984de3f0
MBPP+,Per-Expert-SVD,42,mbppplus-641,False,PARSE_FAILURE,d5a2b4502eb9af51c5c66a09a4dee77b2653f8632e5f743a119142709118f87e
MBPP+,Per-Expert-SVD,42,mbppplus-643,False,FAIL,4c35a6237d20fa6c4e07970a1f8e0bf82ff0acfbe45805040151ef497b3b3730
MBPP+,Per-Expert-SVD,42,mbppplus-66,True,PASS,beb708019f3c981612db8d0c6b889ddf3dd01a572f8e3ce53dd828fa5b3af80e
MBPP+,Per-Expert-SVD,42,mbppplus-67,False,PARSE_FAILURE,69c1a3cdedd970c5a2d5e6962e9a864c142fc3e02f27dcf5fd90158e1f40c889
MBPP+,Per-Expert-SVD,42,mbppplus-68,False,PARSE_FAILURE,193944bd810e9aac85e8778de11ea282de8828b315b450f0b6983db3d0dec3f8
MBPP+,Per-Expert-SVD,42,mbppplus-70,False,FAIL,d518fe20df44dc53508c0f82e81a9ee18a8dc889b97ba5ef651934b1e1289f18
MBPP+,Per-Expert-SVD,42,mbppplus-71,False,FAIL,6219bbdf8afd6bc2f7b402aac14bd52928b3c54db05991ed129b481e2f5adbe1
MBPP+,Per-Expert-SVD,42,mbppplus-72,False,FAIL,8016ac53d5a0a39eb011d43b163541a612c2bbd85e6a9214290efbb536e584fb
MBPP+,Per-Expert-SVD,42,mbppplus-720,True,PASS,076e6bd905a14ce131f86b0d26799de3d7a74f7086400c0a0c8ee83b8300c622
MBPP+,Per-Expert-SVD,42,mbppplus-723,False,PARSE_FAILURE,7333086655b2ada31294e26d09de396bf4e7c3c9a06e56b01171659a7537910a
MBPP+,Per-Expert-SVD,42,mbppplus-724,False,PARSE_FAILURE,379e5146e8f8845d5097561f7540e706384ebf7544d2036fecd7c0107b69c1e4
MBPP+,Per-Expert-SVD,42,mbppplus-726,False,PARSE_FAILURE,95a1252dc99ece9d0be7d51851022628288026c7e49c561077ce7ca3da42c29a
MBPP+,Per-Expert-SVD,42,mbppplus-730,False,FAIL,41aa5ede45a4357cfc66d126310e7d94f9c40a38b083bd969d4c24e2421394be
MBPP+,Per-Expert-SVD,42,mbppplus-731,False,ENTRYPOINT_MISSING,1eeb33e3f40897ea428aa638641348216f0b53258fb9acea372d99579005d92d
MBPP+,Per-Expert-SVD,42,mbppplus-732,True,PASS,74d1e3e8d12d0733339a96306ab8183ed2ed7ecf176fc1fbcc81553a4b86edad
MBPP+,Per-Expert-SVD,42,mbppplus-733,True,PASS,5b702264d1b169d607071931fd9f50e6ad76518844ed0e2c2e2a9ae476431c86
MBPP+,Per-Expert-SVD,42,mbppplus-736,True,PASS,73de63e589526352680c960d629572b886069954d899b6efff958f5e2b4f26ff
MBPP+,Per-Expert-SVD,42,mbppplus-737,False,PARSE_FAILURE,7ad7a21513147cb4f7309d58eccbc2ccb197d359cbaa901a3d7757e10255b635
MBPP+,Per-Expert-SVD,42,mbppplus-739,False,FAIL,597f4c954edb10e2bf8611057706b61540f4016efca6364ec4eb7dc229975a1a
MBPP+,Per-Expert-SVD,42,mbppplus-74,False,PARSE_FAILURE,e6fbb2f669866e00e6322fbb3130b74185733fc7a441df3a46072bf7e63e3e09
MBPP+,Per-Expert-SVD,42,mbppplus-740,False,FAIL,e8c3d1fe9ab023209e481fe2c7a476155e7b54d08cbd57214c09315f74d1ab55
MBPP+,Per-Expert-SVD,42,mbppplus-742,False,FAIL,d66ec6d1daba6e7da842fd96e8ea3cd6cce503bcfbdbfd1e13918f84bcb8854e
MBPP+,Per-Expert-SVD,42,mbppplus-743,False,FAIL,8c488c70e82ce78aee54b304f1ecedbb3cefc6fd2b7ddaba43548bddd1edaa0c
MBPP+,Per-Expert-SVD,42,mbppplus-744,True,PASS,bd5127381d975370d56ea98a3761577c22a1a92f96df49a6a7b6363282c667b7
MBPP+,Per-Expert-SVD,42,mbppplus-745,False,FAIL,a48784e2457e5cf7bd61f6dd42d198dad0471c657dcdd84c0cca3e9cc96a15ba
MBPP+,Per-Expert-SVD,42,mbppplus-748,False,PARSE_FAILURE,d557d1cace2fa274765dea6b53930970fefb8f1466af3be860de92861cb91b6e
MBPP+,Per-Expert-SVD,42,mbppplus-749,False,FAIL,34412ee207d98f2be4b448e0d86414c2ef114764555ef0e7912794f67b8a0a7f
MBPP+,Per-Expert-SVD,42,mbppplus-75,False,PARSE_FAILURE,8b644dc7e6870ec8bd81c980b5331a03625fdabfe9afc1792aa70141a97898ab
MBPP+,Per-Expert-SVD,42,mbppplus-750,False,FAIL,da7fe96d9bea4af4e3f363afa46682b789f965aa21730d30b709f1c7635b31eb
MBPP+,Per-Expert-SVD,42,mbppplus-751,False,FAIL,13dbfd6bdeac05daa6fac2793aed738befceb8fcd2baf13d1100b486fcf0a19a
MBPP+,Per-Expert-SVD,42,mbppplus-753,False,PARSE_FAILURE,7a3328f3c47909d6a7947335f01278f7567d28c4b6894acdedc46895acbaab2c
MBPP+,Per-Expert-SVD,42,mbppplus-754,False,FAIL,6f4b714cc1f60a543f3c191163e344e7c0a3cf4b88f43ee175f8a28ed82e96a2
MBPP+,Per-Expert-SVD,42,mbppplus-758,False,PARSE_FAILURE,0fe59c37e8c10302e575e43e5c4c0fe3fe6707c342ecdfe804fb0aabc4c186bc
MBPP+,Per-Expert-SVD,42,mbppplus-760,True,PASS,a50cbc8543bb003184806226dc43bd366ab6414d234063fe20979e45f568ddc3
MBPP+,Per-Expert-SVD,42,mbppplus-763,False,FAIL,e7634ea200f8ae72ff5b1760784fd501f513974e41d3edb286b50ed61aea0a64
MBPP+,Per-Expert-SVD,42,mbppplus-764,False,FAIL,c37da174c83538044af2187e55cd8e45235e4f5400c28b0a35c8e0a129b21c29
MBPP+,Per-Expert-SVD,42,mbppplus-765,False,PARSE_FAILURE,ecb036b2b4077ee8a50fe18ced8fcaaa3918ba8b403ce7b704dbd82962dbffc5
MBPP+,Per-Expert-SVD,42,mbppplus-766,True,PASS,e181e6c17d34cef308afbea6c4a7a65d704f5bf8de540e0c99c3facdd2f00dd1
MBPP+,Per-Expert-SVD,42,mbppplus-767,False,PARSE_FAILURE,6febde4f0b45327b4fb1c2f75841d8cc4bafdbec020c18e4c72654d14d275d93
MBPP+,Per-Expert-SVD,42,mbppplus-77,True,PASS,ab6d070b04652d9441e4b90354ef0aa8d8c4fcc71a54accd0ed3a53b6f8fc6b0
MBPP+,Per-Expert-SVD,42,mbppplus-772,False,ENTRYPOINT_MISSING,581442e741dc6a1d83414cbf4d33d7d807b7c29032a2a488b4f791711dd6ad9a
MBPP+,Per-Expert-SVD,42,mbppplus-773,False,PARSE_FAILURE,6112e0b8a9a1ec2af11c398d223f34c882381b88272286908f26f99de5ff277b
MBPP+,Per-Expert-SVD,42,mbppplus-777,False,PARSE_FAILURE,5be2061b409196b77fddd79c198c6a4d1181563d703e4e2e012b62468893dcd3
MBPP+,Per-Expert-SVD,42,mbppplus-778,False,PARSE_FAILURE,047a4bdcfa3c8f855508043f1c44d9dba23d78db401d84681478928affa29cdd
MBPP+,Per-Expert-SVD,42,mbppplus-780,False,FAIL,0327fbafbcd6efe90f686249e868272455012194313e5b356b21079658da1b34
MBPP+,Per-Expert-SVD,42,mbppplus-782,False,FAIL,2c946d993bc796a659e946b6398bbbe4437bec41ded001b8cde10a8eddb34b84
MBPP+,Per-Expert-SVD,42,mbppplus-784,False,PARSE_FAILURE,5b483290e77fe8afb6d0121448a7ea9242402568ed8b70d4e895d5b33029b19d
MBPP+,Per-Expert-SVD,42,mbppplus-786,False,PARSE_FAILURE,8fe6c55450df0bb7e011af00e16b5f98e11e75702394cfd0a164cc47567d107a
MBPP+,Per-Expert-SVD,42,mbppplus-787,False,PARSE_FAILURE,d92a375299aa0cb7c5f5a08a955e7deb76b20172c10c16a39ab3019bd21dc7e9
MBPP+,Per-Expert-SVD,42,mbppplus-79,False,PARSE_FAILURE,5fd1035fdf528ba94ad4dca9ec1c1f4af34efa3a8a4254f4eeba746fe85a03dc
MBPP+,Per-Expert-SVD,42,mbppplus-790,False,FAIL,3c0888ef02c79c0d7136ca161570d42a704c3258197bf482da17a4fd68076b18
MBPP+,Per-Expert-SVD,42,mbppplus-791,False,PARSE_FAILURE,04b933f8a6d8f07a6530f2db208e8f94a8b5d7d9a3a5b94312f32fc91666176b
MBPP+,Per-Expert-SVD,42,mbppplus-792,False,FAIL,bbe6ed9403cf8d7801f98bfd9b06dfcea368d9b02b66221c978978a7e98d4a70
MBPP+,Per-Expert-SVD,42,mbppplus-793,False,FAIL,c0e1da3d9bd8cef1304d86a8bd898b624406128758460884b83a73c32c73a031
MBPP+,Per-Expert-SVD,42,mbppplus-794,False,PARSE_FAILURE,525050ce693c4dbe5454131ef08756285fb0057fe56ff4c349fd54f9d79e3ea0
MBPP+,Per-Expert-SVD,42,mbppplus-796,True,PASS,b1c2295742d088fb5241221c28e0337f75d2c377464a355c76848f2224da7431
MBPP+,Per-Expert-SVD,42,mbppplus-797,False,PARSE_FAILURE,53a6760b30756118e8fec0b4f1ecebdf6789507266116d9f029c90fe84faa233
MBPP+,Per-Expert-SVD,42,mbppplus-80,False,FAIL,0723f7f21e902b37d25e8faadfcef76b5a5c66b37c2479e82040fa65e9156007
MBPP+,Per-Expert-SVD,42,mbppplus-800,False,FAIL,0acddafd54b8a6c7734be2462cf829bee9cd3b6072ec347d71d4c2c7cc217ef7
MBPP+,Per-Expert-SVD,42,mbppplus-803,False,FAIL,95c6beee514d22e881a78b48b523d6d76b76f5e77e74f8d62fc403502a7298fc
MBPP+,Per-Expert-SVD,42,mbppplus-804,True,PASS,c1af325fa83cc9b1a80088d25a66f0451243d9bbfbe8440e2cb13189a10bea6f
MBPP+,Per-Expert-SVD,42,mbppplus-805,False,FAIL,a04a71dcab86a74cf80ee3fa2921521940ce0b5d87ebc01e1a3140460f491133
MBPP+,Per-Expert-SVD,42,mbppplus-806,False,FAIL,d9da12ff39a6e46a752ea7a33c528011c7f480b391636f57b6dd43e76a02d305
MBPP+,Per-Expert-SVD,42,mbppplus-808,False,FAIL,467eca8297aaab05e612a38ef228225a910a47218e8329aa15dddc7006849672
MBPP+,Per-Expert-SVD,42,mbppplus-809,False,FAIL,123903f828b1e0c4784ba385afaeec14a56ca289d4036377539c689914ad758a
MBPP+,Per-Expert-SVD,42,mbppplus-82,False,FAIL,373a526793d16022a28427e2b657541099b04eef0224d1d630e0b9eca361491b
MBPP+,Per-Expert-SVD,42,mbppplus-84,False,PARSE_FAILURE,1c749a4906d8fa4b575a2e4fbddc16bbdf3e6fa245515df1d5f1f8516d1ada24
MBPP+,Per-Expert-SVD,42,mbppplus-86,False,FAIL,c197942e89bbbcc8e732c99a2311d393f30cae43776039db563dd4630429d0db
MBPP+,Per-Expert-SVD,42,mbppplus-87,True,PASS,68e3e7b7b6ca40f7369c2043113e6988e3533891e75da41f699d110f3feae32e
MBPP+,Per-Expert-SVD,42,mbppplus-88,True,PASS,aa911b4c195fb3da1b0288ca750188822e3cd4cba45a2794c9df4fd1286afadc
MBPP+,Per-Expert-SVD,42,mbppplus-9,False,PARSE_FAILURE,5d11fc737d2939076ea50f442c8f183080ee5f8ca8ca9ed88433d0928d95d3ea
MBPP+,Per-Expert-SVD,42,mbppplus-90,True,PASS,f2c4e806cdb702538b80972e369d5d5236d0760a2d77f2b290b7a6e708d09139
MBPP+,Per-Expert-SVD,42,mbppplus-91,False,FAIL,25c131f8ae4cfb174014af64d182274fde3c29daa741b5a7af5f7b912c0f5cde
MBPP+,Per-Expert-SVD,42,mbppplus-93,False,PARSE_FAILURE,c30d20a9bd1dc2ac32d753be9841101fb34dda4bb159652b2f57d58a46f9277e
MBPP+,Per-Expert-SVD,42,mbppplus-94,False,PARSE_FAILURE,e6fe600b6ca81c4b6ac45b012c4f7fa1fc48f6387839e377ca9eef3df39cb72d
MBPP+,Per-Expert-SVD,42,mbppplus-95,False,PARSE_FAILURE,69b5624ad8cf5fde8e36da81c4ababc01074718701898689989e1fddbabd88f0
MBPP+,Per-Expert-SVD,42,mbppplus-98,False,FAIL,b01b822875de81cf1abe4139170fb084756f0cf978c0ac678d303fa8f0da6783
MBPP+,Per-Expert-SVD,42,mbppplus-99,False,FAIL,769595eeb40a2c483f24bc23c153f542cb64cf7dc507b64b68458efa6b6f7be5
MBPP+,Per-Expert-SVD,43,mbppplus-100,False,PARSE_FAILURE,eacfa382d528ffc1681305ecb42a8398be34b6e3119e31ae021637aeaa2806ca
MBPP+,Per-Expert-SVD,43,mbppplus-101,True,PASS,2a955da13a1c4f57c61b338200bf26a3e93ff7764e7cf547bd054dbecb401238
MBPP+,Per-Expert-SVD,43,mbppplus-103,False,PARSE_FAILURE,0be67feda3187d6879a6e4300b20edb3e30934c913f08ffa2d390bd760d52eb4
MBPP+,Per-Expert-SVD,43,mbppplus-104,False,ENTRYPOINT_MISSING,0d0fd99c46dd62ca04b28b091a4e2d11c9262ba818850c6e4d0c2b9cc46092c4
MBPP+,Per-Expert-SVD,43,mbppplus-105,True,PASS,dee41c94e02735fa80f612d320e9adead8660c64415257cca9b517925be41e3b
MBPP+,Per-Expert-SVD,43,mbppplus-106,False,FAIL,bfdf316b6e8da1e8c7e032e7278bf33b6109dd5c47dd16e2c4993a22e7294d08
MBPP+,Per-Expert-SVD,43,mbppplus-108,False,FAIL,cd844ed2f64b0aef701d175ea36bd603f468bdb47e9aaa962437fb2784a22a6e
MBPP+,Per-Expert-SVD,43,mbppplus-109,False,PARSE_FAILURE,987037fe264c626a302ea2a05943ab0931cf826259968de75f03b085ce0ea4b5
MBPP+,Per-Expert-SVD,43,mbppplus-111,False,FAIL,48b72f7bdccbba12a8a3a88c265d13eab6071819f5dc8aa87f9c2ae9f6e4dac6
MBPP+,Per-Expert-SVD,43,mbppplus-113,False,FAIL,0c6ff1fffe8abdf5e7ba011112da11dc114165d7de3c81f976d74ad102be1179
MBPP+,Per-Expert-SVD,43,mbppplus-116,False,PARSE_FAILURE,7de8465f631b02f489da79c69e336485af4ee7985584cc9be11ae2efc8269fd2
MBPP+,Per-Expert-SVD,43,mbppplus-118,False,FAIL,e8b7cb3cd1d97745874439e8ad336b9e438553fe1f521d6096d5a85054b3f3e2
MBPP+,Per-Expert-SVD,43,mbppplus-123,False,PARSE_FAILURE,2e37aa945083ecf6deb3e2c09d56b468212f2dbe766917d5fff4f98e47867350
MBPP+,Per-Expert-SVD,43,mbppplus-125,False,FAIL,316ca84da64f275790beb79731a12d28106c15c8d144ec3e5e11b3b4635f74c6
MBPP+,Per-Expert-SVD,43,mbppplus-127,True,PASS,1b67d75c7bb3fd3a3f81615f4b994d57071cfc3b9966b062b7e42bd1c5b967dd
MBPP+,Per-Expert-SVD,43,mbppplus-129,False,FAIL,794642b81261b556aa6ea9520cdef04c3421bcc4fc1d7a9b9c1a40c54e7b2e47
MBPP+,Per-Expert-SVD,43,mbppplus-133,True,PASS,2fca04809b8f865d4a9b7920f43d3b4664bd69f8b0a8b52b25a62579ea6cefe2
MBPP+,Per-Expert-SVD,43,mbppplus-135,False,PARSE_FAILURE,4e9b23a493ccf4167cb719cc67cd34835c876de62976dedcdbb44ae3b73c4c1a
MBPP+,Per-Expert-SVD,43,mbppplus-137,False,PARSE_FAILURE,4c9ee3d89e99a49fa680d472475e0263bf2ee71948b07d11c89f7a798a8e9cc1
MBPP+,Per-Expert-SVD,43,mbppplus-138,False,FAIL,25d3b36154611c84f6a4b4e65b154b0e1898a7a2717d1a840c84a2726e033788
MBPP+,Per-Expert-SVD,43,mbppplus-139,False,FAIL,2d7c1936cb63106da57acef60fd8bcf9008ab2f2950fd09170cf703f7a17531b
MBPP+,Per-Expert-SVD,43,mbppplus-14,False,FAIL,c886a9c0cec952a6b0e802691a6e687e18a183ae20b432fcb833dfdd26762486
MBPP+,Per-Expert-SVD,43,mbppplus-141,False,PARSE_FAILURE,261a07a54b2dd3848140ce4bd6ed1f2c9b21bb39edb566363845636f6479e69c
MBPP+,Per-Expert-SVD,43,mbppplus-142,False,FAIL,48fa917197ef7ecd04932ef6e5db9738d1c367e41cb51d3d8b7e28eac2708ac3
MBPP+,Per-Expert-SVD,43,mbppplus-145,False,PARSE_FAILURE,6c92a96cece40033a4b9c7d2a5153d6e9c0a8bb9d87307606be9777664db51b3
MBPP+,Per-Expert-SVD,43,mbppplus-16,False,FAIL,6b73eeb9c7e16e112b79e066f5604a25cdfe720086d57aa0146297f036c4ebe1
MBPP+,Per-Expert-SVD,43,mbppplus-166,False,FAIL,6f9e983dd6bbbc9880dbe8eb85fcf1bf4eb40746cc447912fc20668a3d4d6b3a
MBPP+,Per-Expert-SVD,43,mbppplus-167,False,PARSE_FAILURE,dc3e2a77fa1653e2c554b6727d09fc69b718107fb3badb912fb4cc5783a85bf9
MBPP+,Per-Expert-SVD,43,mbppplus-168,False,ENTRYPOINT_MISSING,ebfc8053772fcbccfc2bb676ef6a4715c957e68e9caccc36b366d47744609201
MBPP+,Per-Expert-SVD,43,mbppplus-171,False,PARSE_FAILURE,abfa31ab0615f17d3fe8c5261510526d79dcf684f90396419bac4a27295597b6
MBPP+,Per-Expert-SVD,43,mbppplus-172,False,PARSE_FAILURE,1aa380a8daf1f8a6a0f93724ce88f6fe3c577ce5327b4a512d824feb50522cab
MBPP+,Per-Expert-SVD,43,mbppplus-18,False,PARSE_FAILURE,aaa9eaae1c1246b0c8daaeec19a2afe31a380b3f117736ce1ccc2273ab95e1e1
MBPP+,Per-Expert-SVD,43,mbppplus-20,False,PARSE_FAILURE,2b00dddbffb50921670b84c850994f0fce64687b698fb5a98ec47d30ed3cf654
MBPP+,Per-Expert-SVD,43,mbppplus-222,True,PASS,d09c415ebe00204c8029b389d41765115d315c7e82739382ac7afab274b6ca5e
MBPP+,Per-Expert-SVD,43,mbppplus-223,False,FAIL,af63dea67fd3004838ba31f901051a62e62e64ce36ea0fe131bc9bd1f3a94688
MBPP+,Per-Expert-SVD,43,mbppplus-226,False,FAIL,cfc45be137cc49c560aa3f693302a12aa37dbbc65f439bb1e146c8fdf405ee61
MBPP+,Per-Expert-SVD,43,mbppplus-227,False,ENTRYPOINT_MISSING,14a2842fa29b24d2989b81b6620a5fad7b258b6df61a9788b0ce8aedc0231297
MBPP+,Per-Expert-SVD,43,mbppplus-230,True,PASS,14747009223af36cf081744808c2b46ce98ebfa1d61322409cfee5b2c93ffe95
MBPP+,Per-Expert-SVD,43,mbppplus-232,False,FAIL,e87177f9f4dc22bffe2b1aa9b46a4a8cad66f2053a9bf819e1c6d9d427d8dcf5
MBPP+,Per-Expert-SVD,43,mbppplus-233,False,FAIL,dc30de2b4348ad38dbb7d7d6c90f9b9b1d046b551a554fd62a0823b1b5905751
MBPP+,Per-Expert-SVD,43,mbppplus-234,True,PASS,5e2a245a680b3950e3655e3a0bfc0a0b0524986ee4259fc03115e7ed7ceb08a7
MBPP+,Per-Expert-SVD,43,mbppplus-235,False,PARSE_FAILURE,ca7f1eea9bb3c51f923e30c07c7e1c92082403e6fcf8f0db8e57f2cdde1e463e
MBPP+,Per-Expert-SVD,43,mbppplus-238,False,FAIL,c7a188c84c120e5bf85844ab5b4b85dd4371cd0b5d54ecd8007145a57143b3a6
MBPP+,Per-Expert-SVD,43,mbppplus-240,False,PARSE_FAILURE,a232600a6df124cf5b5de7b7344a5ea710f5be6285bac09fcd666f2934105120
MBPP+,Per-Expert-SVD,43,mbppplus-242,True,PASS,f989f9a84d567f98412aa473e02167f32a190608d508ccade7d173c9919d6d74
MBPP+,Per-Expert-SVD,43,mbppplus-244,False,PARSE_FAILURE,5b97490e03b4cb6ba10df4925255244114ec578e019b24334243b6008eba20d7
MBPP+,Per-Expert-SVD,43,mbppplus-245,False,PARSE_FAILURE,2a8e8e728ef8c3b61ade0c7bcb037c9852473ba36be18d1b772c5f9b8b17f057
MBPP+,Per-Expert-SVD,43,mbppplus-247,False,PARSE_FAILURE,2bb68a78735384205a7cd1abba7cbfd07cbc1962f35f7ea9fbcc421a6ff9d6be
MBPP+,Per-Expert-SVD,43,mbppplus-251,False,FAIL,41080826de6b913b9663833a2b4a8f2e3b34cc6ec7f1f5766d37ec1d75e6b8be
MBPP+,Per-Expert-SVD,43,mbppplus-253,True,PASS,1e623cea6a19c8a98d0ba1be50119a10c4883a342526e712415195db2c5290a6
MBPP+,Per-Expert-SVD,43,mbppplus-255,False,ENTRYPOINT_MISSING,71e81d59ca32a496bda6df1a1b6fdaf7bc9622e5d86ae7f6720f8923c293d174
MBPP+,Per-Expert-SVD,43,mbppplus-256,False,PARSE_FAILURE,cb8eb06e35f871fa56b0c3a0ec728b169fc7ebb2203fd8685a8e2834a8075241
MBPP+,Per-Expert-SVD,43,mbppplus-257,False,PARSE_FAILURE,0b4437bbd8c23893c03a71889c4a9085b0a6c4483797bd8e444282587a4abfd3
MBPP+,Per-Expert-SVD,43,mbppplus-259,False,FAIL,68c4e8b5ff327e36b3548b59d9a70e000ffd3b0ac5568980d3e861cf7e3ef17a
MBPP+,Per-Expert-SVD,43,mbppplus-260,False,PARSE_FAILURE,b62f38d4f6ee998ec5085d3a7e716c8b7f6d103e11dcf2c1628533da2e541c6c
MBPP+,Per-Expert-SVD,43,mbppplus-261,False,FAIL,c30a1f8e29ad4218693e591ac4b760fe5ae0b899029731852cfa807ed0f357de
MBPP+,Per-Expert-SVD,43,mbppplus-262,False,PARSE_FAILURE,f7925d7a05188456d1ece89d899542ced5128d72b927069096f2536078ef99ca
MBPP+,Per-Expert-SVD,43,mbppplus-265,False,FAIL,da426beb450cfc55a8226ebed7c564e3c5ac47ecbf14ca4801688cfb96b4347a
MBPP+,Per-Expert-SVD,43,mbppplus-267,False,FAIL,11f15456398ec565f867b4de6f71261fd1b50ffe74f365cc4f9fc90f2d70092a
MBPP+,Per-Expert-SVD,43,mbppplus-268,False,PARSE_FAILURE,38bfd5f3b95de838783932f26ada9bb5e3619a6704b0dd78edeec4b4ce1fc7af
MBPP+,Per-Expert-SVD,43,mbppplus-270,False,FAIL,594bc64334789821e297226dc4eb4d22cf80c02dcf0eed0d00ee8ca391ddfe5f
MBPP+,Per-Expert-SVD,43,mbppplus-271,False,PARSE_FAILURE,6c5a1567dc7ae319ddd6a4798c75a3127abf845258015e6f558b9cb544cbd871
MBPP+,Per-Expert-SVD,43,mbppplus-273,False,PARSE_FAILURE,930ad68f5c5817bb3b118c57bb0c23f22e1429dfb3bdc181fcacca66ef346d05
MBPP+,Per-Expert-SVD,43,mbppplus-279,False,PARSE_FAILURE,78e037ec462d5bbca1e35c8e31fb91ec954e027e685e4b48017384215d25685f
MBPP+,Per-Expert-SVD,43,mbppplus-280,False,FAIL,9461907530ec7a972bd24afd0e20ef00615ef003b4b7775a6dcb3c5c57b924e0
MBPP+,Per-Expert-SVD,43,mbppplus-281,True,PASS,b6183e083decbb7973a7a797d6be97fa911a0a2faf2612ff3ceba70c556c5dfe
MBPP+,Per-Expert-SVD,43,mbppplus-282,True,PASS,230ea938feb2f3993ddacae4a1f321c7cc25ebcada7d063480bc1305c538183c
MBPP+,Per-Expert-SVD,43,mbppplus-283,False,FAIL,f633ff954eb69cf656c7b462f36a7d76e9af6e210a31e8ae70afe53fc122ef86
MBPP+,Per-Expert-SVD,43,mbppplus-284,False,ENTRYPOINT_MISSING,bf9dc92397a56103d36bdd862e9ac734d8728beee356311784efb38fc7709b7b
MBPP+,Per-Expert-SVD,43,mbppplus-285,True,PASS,ba44153632a965696b97ab8ffc23a57a352f3a8216f62d08dfd098fbe71aa2d1
MBPP+,Per-Expert-SVD,43,mbppplus-286,False,ENTRYPOINT_MISSING,6a801720018ecf1766458cdcba67ba43331763e6e8e909a98d024e12663b2403
MBPP+,Per-Expert-SVD,43,mbppplus-287,False,PARSE_FAILURE,fd02021df8a280b0cf45d9a49ef71bebb1710756ec5566f5ef58a9a10c796666
MBPP+,Per-Expert-SVD,43,mbppplus-290,False,FAIL,35ab623b462d123a48f2e24192508678b12b9a72cff284eb6b4b44adbcada2d3
MBPP+,Per-Expert-SVD,43,mbppplus-292,False,ENTRYPOINT_MISSING,a76dbb296a22b351f3f04c084154fd6a2b480f5ebaafa848fd502b07003c58dd
MBPP+,Per-Expert-SVD,43,mbppplus-293,False,FAIL,f9398c56db1c7ca28ccfe64da4ec7fc7b4ca5f0c7ff87c94d510f24573ee1c60
MBPP+,Per-Expert-SVD,43,mbppplus-294,False,ENTRYPOINT_MISSING,54377f0c912642a7515e20752b61f233ee45f24fb2220aa4347a310ef52e9591
MBPP+,Per-Expert-SVD,43,mbppplus-296,False,PARSE_FAILURE,1e38078c99cbeb6afb63cd1c5141a38a99b54348cb9a7fbcaec1e2517221b09c
MBPP+,Per-Expert-SVD,43,mbppplus-297,False,FAIL,0e72f3c4d65f903df686cfc327e7dc10de510b6dddb779ae0f275835ece88e56
MBPP+,Per-Expert-SVD,43,mbppplus-3,False,FAIL,350aaf47965bf6ba58df2887a02d16be7993fca5727921a587666906cc037122
MBPP+,Per-Expert-SVD,43,mbppplus-301,False,FAIL,8f36ae0a69c4482604605273aee6e74b6a0eae05e8b8f81304ccb206622400c8
MBPP+,Per-Expert-SVD,43,mbppplus-305,False,FAIL,b816780eea16a7e9af5fdaf0b65ca8bdbc096ef4111b5802153553b8ac753071
MBPP+,Per-Expert-SVD,43,mbppplus-306,False,PARSE_FAILURE,00a7d15f0699f55b93fbc1a4e544dfb9d378482e59be8e57cfdb5cb63bfbfd31
MBPP+,Per-Expert-SVD,43,mbppplus-310,False,PARSE_FAILURE,c073e35282a671a718ebaf0e9729cb5e2068e23e3cb249c1c07aadd13a058ef5
MBPP+,Per-Expert-SVD,43,mbppplus-312,False,FAIL,1cc114b0be1fa0ceb4908c24431950d5f94972643b95fe97244f3d1226ee52b6
MBPP+,Per-Expert-SVD,43,mbppplus-388,False,PARSE_FAILURE,06849ef76bc94c093ea7fae4685e0f192faea9d1863822f348dfed881138604d
MBPP+,Per-Expert-SVD,43,mbppplus-390,False,FAIL,fe54b7c83c55a0e32eb53f1d792579ce9dbc76f2b5b93c27632340d7626b2c5c
MBPP+,Per-Expert-SVD,43,mbppplus-391,False,FAIL,a066f882b160029fb9fcc750cf2cdec54aec4db5b81c3f4bf15105cddbb7e256
MBPP+,Per-Expert-SVD,43,mbppplus-394,False,PARSE_FAILURE,b3e47a02e516351107423c9dc794d0987bc92bf915b0ca9263998ec4184079a0
MBPP+,Per-Expert-SVD,43,mbppplus-397,False,FAIL,779aef692e061fb8852c084b89f3a2405b80f835c42c55d4fdfad4d45104c8b8
MBPP+,Per-Expert-SVD,43,mbppplus-398,False,PARSE_FAILURE,aa8c65cf868f4994b3af7d4ed6991b22e59b06c3bcdea36d268d607a289a5214
MBPP+,Per-Expert-SVD,43,mbppplus-404,True,PASS,ad3f4b44b4e9d3975c9bba6949be52b60522e84162a1458cd44dbb30cdec5f95
MBPP+,Per-Expert-SVD,43,mbppplus-410,False,FAIL,ccd64c7729c02f4d3e0f470e6b367ddc02f3fe31e4353553c401f6addd8fa46e
MBPP+,Per-Expert-SVD,43,mbppplus-413,False,ENTRYPOINT_MISSING,4d52172d188bdeb7aa23da298c99c12ea141b0705b106ee71993ce03f55c2448
MBPP+,Per-Expert-SVD,43,mbppplus-414,True,PASS,bb0be990db913f91d6415f8282b36b8f8f329a7b2d8d360098996e511c6b9bd2
MBPP+,Per-Expert-SVD,43,mbppplus-420,False,FAIL,21954388f2c7e30dded924bfd7033a03395a26c0acaab6ac2e421d5aaf692f09
MBPP+,Per-Expert-SVD,43,mbppplus-421,False,FAIL,d6d10c3bf8bb52133f38e9b85347810d4a7375281ed3a754c6b10c892ad66329
MBPP+,Per-Expert-SVD,43,mbppplus-424,True,PASS,001708982baba98de2b1192fad06e163182907520cc113c1f33265cc0b3cb897
MBPP+,Per-Expert-SVD,43,mbppplus-425,False,FAIL,a86fb227d6964e426f6f8d090c074229241dc03cd04eb51d06e654fef334d595
MBPP+,Per-Expert-SVD,43,mbppplus-426,True,PASS,673a94b4cd7b43d55053d0dcb53bbe21af19987bd43a62c89307b664cb024b5f
MBPP+,Per-Expert-SVD,43,mbppplus-427,False,FAIL,4f68b72c33db41d2421ccd8113f9a211e8a36363c4cf95f72a44973805fd538d
MBPP+,Per-Expert-SVD,43,mbppplus-428,False,ENTRYPOINT_MISSING,db3a10d8ea19589f3734bff200db067e37af3703ff9fa46b42fe32826165f99e
MBPP+,Per-Expert-SVD,43,mbppplus-430,False,FAIL,b5bee53b259e5e65b33e1f516d43de3069a59845b6c4d944449c4c952e35121b
MBPP+,Per-Expert-SVD,43,mbppplus-432,False,ENTRYPOINT_MISSING,2ce784b2c341848a7c2875e5bceb2ed7543450f5843b28332c6ddf76a11e893b
MBPP+,Per-Expert-SVD,43,mbppplus-435,False,PARSE_FAILURE,e92283970f1d0647dbbf56692e41ee1702bf113e3dfb698f281b2fccb39d3bac
MBPP+,Per-Expert-SVD,43,mbppplus-436,True,PASS,47c6bd4032bf8c994da749876704acd2323da8847811fb97b95d3dea7e22d57b
MBPP+,Per-Expert-SVD,43,mbppplus-447,True,PASS,4ad9e91facf9416f90984f1ffa7a20973b4b963d02d168e12250cada84af4354
MBPP+,Per-Expert-SVD,43,mbppplus-450,False,FAIL,9d6633a113ffe9d3d22cf64ae368e506f78ff9ccdb1dfcae421d8495e8b55277
MBPP+,Per-Expert-SVD,43,mbppplus-451,False,ENTRYPOINT_MISSING,6a3f5ef16a96cda977be9e7bb866dc7358182e02db63ce4a02fe345fcc23c7ee
MBPP+,Per-Expert-SVD,43,mbppplus-454,False,PARSE_FAILURE,f61c513d06dfb0ce5f8883447e69be17ab3d4c9111539d8406ecbffeee0b7ad9
MBPP+,Per-Expert-SVD,43,mbppplus-455,False,FAIL,505e3bb5b2de2428c2ce4b760e6e2bd9680a522f9a6df0a4bf540a05e268e742
MBPP+,Per-Expert-SVD,43,mbppplus-457,False,ENTRYPOINT_MISSING,68162d33621d1e22b7b46ce89bc42a66c0a59d5787b47eaa2e20e160d6241546
MBPP+,Per-Expert-SVD,43,mbppplus-459,False,FAIL,63c0243cf6e729216ea94ad0616ac98f1500fbe4e28af4b15076d7bf54187d07
MBPP+,Per-Expert-SVD,43,mbppplus-462,False,FAIL,95fd2e5b2982e6032e5f0758be01ef4f33e31fe32f31c64a3b136cdb05764315
MBPP+,Per-Expert-SVD,43,mbppplus-463,False,FAIL,a92e5eaa48fd92a3f8abce14126c8910a1dba8bd0d8b443d231995c41367d9e7
MBPP+,Per-Expert-SVD,43,mbppplus-465,True,PASS,409444266e07105736e30ba429f3f2b5da32a1f6e4ca826ca80f82a7b6dd81a6
MBPP+,Per-Expert-SVD,43,mbppplus-468,False,PARSE_FAILURE,084f6af1f205ebb51961cfc4439a7bb3cfd641f90ff56f231f3bc94211cd5b79
MBPP+,Per-Expert-SVD,43,mbppplus-472,False,PARSE_FAILURE,250d5dd7762a381b0624291c4b5f30a5684328c742d973f522b2f7b0c5892e4f
MBPP+,Per-Expert-SVD,43,mbppplus-474,False,ENTRYPOINT_MISSING,a9f669aa07e3e6eafbd1a88a5a173e22e0f914aaa57a4c5d43770dd1c3ad0891
MBPP+,Per-Expert-SVD,43,mbppplus-477,True,PASS,26556f33625140a0a97ff7c6412ea62c5feed0ac2effe81d7933fe701123c102
MBPP+,Per-Expert-SVD,43,mbppplus-478,False,FAIL,304021ca9faba6990614746dee6c8bde7007921a8eeb45e8cf3ee47a762c1884
MBPP+,Per-Expert-SVD,43,mbppplus-479,False,PARSE_FAILURE,daf01bc5cbde24cff153ecd63bda8e33996f84e33260392e1c9dc2800644a9a0
MBPP+,Per-Expert-SVD,43,mbppplus-554,True,PASS,e0482380ff763ee5b6fdc8997cb901836f5f9e534b2620032196d3d9af55bb5d
MBPP+,Per-Expert-SVD,43,mbppplus-555,False,FAIL,3fb697a03764747c1d14008d091fea9dd79a81c0cdc7028273f38d3377e58e68
MBPP+,Per-Expert-SVD,43,mbppplus-557,False,PARSE_FAILURE,c51e243d6a3f03a85cb0170d5bf498c8cbd69800fb74e2d6859f2224ca3a4370
MBPP+,Per-Expert-SVD,43,mbppplus-559,False,ENTRYPOINT_MISSING,1f8565574f417fb1527680c1e2ff6d69f73df2a27e1ca784c56d939744bf6563
MBPP+,Per-Expert-SVD,43,mbppplus-56,False,PARSE_FAILURE,d603bcdbce33672d256717a94567d78fe4c91d21ba6b70c28d3bc7f4798343c9
MBPP+,Per-Expert-SVD,43,mbppplus-562,False,PARSE_FAILURE,9fbc82d1ce45921f141dcf5e5d4fe8802579e1601c7156a99f4bc94048b082b7
MBPP+,Per-Expert-SVD,43,mbppplus-564,False,PARSE_FAILURE,cfa30672928dd4d0dc146b35bdb73b71b400ee5705b7855e178f8fdc553b2c60
MBPP+,Per-Expert-SVD,43,mbppplus-568,False,FAIL,545a09af58e3e9c08e7295125d49d8ce05d8f166197bddaee73bb01fad4df969
MBPP+,Per-Expert-SVD,43,mbppplus-569,False,ENTRYPOINT_MISSING,0d0fd99c46dd62ca04b28b091a4e2d11c9262ba818850c6e4d0c2b9cc46092c4
MBPP+,Per-Expert-SVD,43,mbppplus-57,False,PARSE_FAILURE,59870174869ae6d1f0261cd38c97bc3f7db481ef318a3c63106bfc2bb9e055f1
MBPP+,Per-Expert-SVD,43,mbppplus-573,True,PASS,ec9b5e0d82dd7b97292d4bf350a8f451da6a34a71a30564c6ec603d944b30e3e
MBPP+,Per-Expert-SVD,43,mbppplus-576,False,FAIL,569ac03478e36782d55119066e081e55d1f67587828c487bcdabf3a3e94c6f8d
MBPP+,Per-Expert-SVD,43,mbppplus-577,False,PARSE_FAILURE,fbc0748205b6f3930376450fa188f72b7ab87d6727d42556477e7dd247a86347
MBPP+,Per-Expert-SVD,43,mbppplus-583,False,PARSE_FAILURE,b196c468b5693a83bed9c0553186837737e7b3db09a36c8a901c6c39d857cc95
MBPP+,Per-Expert-SVD,43,mbppplus-586,False,FAIL,2a341ce8b089a5f1d2ae8ea6c20e9b3f3e86103d40411c370c4af195a305a9d4
MBPP+,Per-Expert-SVD,43,mbppplus-587,False,ENTRYPOINT_MISSING,7c3e37dffb7f8070436fcf47a685a01dd7318e4c9012aabfffcf0fee84bca302
MBPP+,Per-Expert-SVD,43,mbppplus-589,False,FAIL,19292d316d5376136c1358ec451b8e04ffc99b9c1ad9ebca0e2da7ccfd6fb06a
MBPP+,Per-Expert-SVD,43,mbppplus-59,False,PARSE_FAILURE,2c1b8118fc57371964e1c5db12bf96b0b16a1c1629c45023a40d48948489990e
MBPP+,Per-Expert-SVD,43,mbppplus-590,False,FAIL,27e5f543233c65838a9e07470add3fbf53982431a2e84316aa5f8961f2a6af07
MBPP+,Per-Expert-SVD,43,mbppplus-591,False,ENTRYPOINT_MISSING,5775d6bf207fc92e24d5ba6b708f3adc80da7076e2b9967fc91a1bf15e3fc7db
MBPP+,Per-Expert-SVD,43,mbppplus-592,False,FAIL,6ccf92cb288d97e0eb9a24fc41165a9d8e9ae70a59ee439596d4bc385cde885a
MBPP+,Per-Expert-SVD,43,mbppplus-593,False,FAIL,af4e44b5070ab7b4bd795a288dc5a72480e0d2252c2bb93457f1d3e6927ab2ee
MBPP+,Per-Expert-SVD,43,mbppplus-596,False,PARSE_FAILURE,f1eaa6f2f961679208a69f5abb62477d7b8ba32781c876bd0baf5920ebfb845d
MBPP+,Per-Expert-SVD,43,mbppplus-598,False,FAIL,57b33751a10322772fda6da046949f495888d681da397cda253d373c8f2be76d
MBPP+,Per-Expert-SVD,43,mbppplus-599,False,FAIL,b891d32ef45a60fccabf40e2176fbdf4de4cc025d000f6d56cfdd47bdfd05cc3
MBPP+,Per-Expert-SVD,43,mbppplus-6,False,FAIL,269464ff2689478c804f7d9794392ca9f1903fc6db58a1e9f5b10eb481ff655f
MBPP+,Per-Expert-SVD,43,mbppplus-600,True,PASS,a17afa993d28f9eaa0e54c18a0397077c70674d7df4f4ec0021db717c914ae31
MBPP+,Per-Expert-SVD,43,mbppplus-602,False,FAIL,46461da1fdafef4b6f59f84b93eb3e805c3d4957a544e0131659dbeffa08216b
MBPP+,Per-Expert-SVD,43,mbppplus-603,False,FAIL,fba5db12e89f258097b656f376b07885203b4185efdb0130af6e3e933bbc7404
MBPP+,Per-Expert-SVD,43,mbppplus-604,False,PARSE_FAILURE,f787ac1275964fca0b8cd80c90a54f8be89cec63154afd19fdf18c8bf73e1b44
MBPP+,Per-Expert-SVD,43,mbppplus-605,False,FAIL,b0c8452da95341d00bc912822ba7baef3d3915729e5253806c53b5ff081ac64b
MBPP+,Per-Expert-SVD,43,mbppplus-606,False,ENTRYPOINT_MISSING,a6abce6096479aa8aa007acfebe9119a00e38dc160593fc603d46add121350cb
MBPP+,Per-Expert-SVD,43,mbppplus-61,False,PARSE_FAILURE,f08d6e0617216752f34d3569db0914281a62b65719296e50733c1cb5ace86255
MBPP+,Per-Expert-SVD,43,mbppplus-610,False,PARSE_FAILURE,5e1d49bf8ef695ae377464cdd07fd95e3c6271944ff4ba442e85051bf9456c07
MBPP+,Per-Expert-SVD,43,mbppplus-611,False,PARSE_FAILURE,0baebf805563f4bd585f99b7668b11d703caa60be442f9833cf0f138eefacdc5
MBPP+,Per-Expert-SVD,43,mbppplus-612,False,FAIL,26db2c36684e3cbe7d6c402d93b1bb77ae857a349eb8f814c661ba717732c283
MBPP+,Per-Expert-SVD,43,mbppplus-614,False,FAIL,8152a40b9e34ee8a638caa790b83d51deb4cf180fcd2e06907b61da883044315
MBPP+,Per-Expert-SVD,43,mbppplus-615,False,FAIL,50880c1fc947c3881f3020ac530bb6736745d8a0acba41dedf48901ceda62385
MBPP+,Per-Expert-SVD,43,mbppplus-616,False,FAIL,f0e41e718849c7b50da27ec7bf926c4ffe5a751672c76301cae92115444719ff
MBPP+,Per-Expert-SVD,43,mbppplus-618,False,ENTRYPOINT_MISSING,f924dccb4d626c5da28f92147ad2cb1c7c3d10fbdd1ff1a384b90cdeac337a6a
MBPP+,Per-Expert-SVD,43,mbppplus-619,False,PARSE_FAILURE,8538aa90e22f37d4ce43f5c1a6a1adce35268c31f3abeb1f6e700a71a9c6cea4
MBPP+,Per-Expert-SVD,43,mbppplus-62,False,ENTRYPOINT_MISSING,cd4d97a69a1a1603c1d530f4dd9d0c6abcc0ed8f75d52efb5ec6eccff53bc747
MBPP+,Per-Expert-SVD,43,mbppplus-620,False,FAIL,50f6853df3f1eab133b7c091d59f126983b55344e86ae1f8dffcab1af0aeaa38
MBPP+,Per-Expert-SVD,43,mbppplus-622,False,FAIL,f1246306c6b0c7ec2047093c502b3fd889732fe46b743e551711bcf2eb33f128
MBPP+,Per-Expert-SVD,43,mbppplus-623,False,ENTRYPOINT_MISSING,1c7e5dae8f3950afdfa9c558dbca09295d2f1705b604a6f56932e547e460f9bc
MBPP+,Per-Expert-SVD,43,mbppplus-628,False,ENTRYPOINT_MISSING,116b4b871d83f186fe319c88b4e6c06f30eb1e7e569ddcd6035fc3b0d84a25c0
MBPP+,Per-Expert-SVD,43,mbppplus-629,True,PASS,2500fdda44bf074e6e8a17ac6930cf07ed1110bb3c2715db01fa5b2b48db2415
MBPP+,Per-Expert-SVD,43,mbppplus-63,False,PARSE_FAILURE,a3e62a3dfc9d54b07bc9e0c8e0565927b7914cb0091bffc4b589c9fc9cdfe6d3
MBPP+,Per-Expert-SVD,43,mbppplus-637,False,FAIL,c68c986babd704e8926053146de922a09ec4d1e7e1f6fc9466c9dab2835187bc
MBPP+,Per-Expert-SVD,43,mbppplus-638,False,PARSE_FAILURE,a9eed4c9e104ff4fd091af2cc99e27c16c6ab8f7f39cd387803a4e1b825237a6
MBPP+,Per-Expert-SVD,43,mbppplus-64,True,PASS,9007680de70370e57894252e9d8ebf56fedd2a06c5d3418a8afce96d3468adf3
MBPP+,Per-Expert-SVD,43,mbppplus-641,False,PARSE_FAILURE,17719b40bdc6912d63336200b19bda531afc09199f0610400f24a3f2547cf4e7
MBPP+,Per-Expert-SVD,43,mbppplus-643,False,PARSE_FAILURE,6ec8269664114908dc5d9ffb9ebb57ca2788c085c9d918b8056d8d8af221514e
MBPP+,Per-Expert-SVD,43,mbppplus-66,True,PASS,3f2dc2eeaecf233d9c6f8a5d183f7c67772d7132e22d08b09c2882a8a0e408dd
MBPP+,Per-Expert-SVD,43,mbppplus-67,False,PARSE_FAILURE,1ea7a7075eef8cbf61db4f7cc9cc0586e2fc769178ef6e7d3703a53b5e3262fe
MBPP+,Per-Expert-SVD,43,mbppplus-68,False,PARSE_FAILURE,cd7454b314e17ad3786114ac166517eedb15c8246bdfcb2ea480094454bd61c4
MBPP+,Per-Expert-SVD,43,mbppplus-70,False,ENTRYPOINT_MISSING,567869b050409e67dd1fbdb675cf51edcaad4a96e69c45a167e172c2e873a142
MBPP+,Per-Expert-SVD,43,mbppplus-71,False,ENTRYPOINT_MISSING,3a6be2d1b551cd2cb2b4f2255006413b374ca3b67d264f5815bf9616cedd1d1f
MBPP+,Per-Expert-SVD,43,mbppplus-72,False,FAIL,b1491bb55cc6f2171e51cf67c4441059cc6453ba6f82559261684e1ff031e04a
MBPP+,Per-Expert-SVD,43,mbppplus-720,True,PASS,1c56261b595145844f8a9a8ab48a3317d14ae3052674bec18949bed45577ea3d
MBPP+,Per-Expert-SVD,43,mbppplus-723,False,PARSE_FAILURE,c1398c2362ba9dbb6dd02b357db6aec04888960ede8386ee3d0a4fb609a69fcc
MBPP+,Per-Expert-SVD,43,mbppplus-724,False,PARSE_FAILURE,379e5146e8f8845d5097561f7540e706384ebf7544d2036fecd7c0107b69c1e4
MBPP+,Per-Expert-SVD,43,mbppplus-726,False,FAIL,ac647c5f19aebaa0c7874512fd0713971a6a86384acd21bfaf690943c8811eeb
MBPP+,Per-Expert-SVD,43,mbppplus-730,False,PARSE_FAILURE,4d2d4201b28747f2466be634491fa00462ffd2e7b450315fa2155f49ed8746d6
MBPP+,Per-Expert-SVD,43,mbppplus-731,False,FAIL,660533b923cd81cad53179698e8c0589c912ab52c17bd8e2906e2e6ef4cf7315
MBPP+,Per-Expert-SVD,43,mbppplus-732,True,PASS,3e68bd916ad5a6cfc3ec19bddf084006d61e4b98153781b4d3df3d6af18dcc95
MBPP+,Per-Expert-SVD,43,mbppplus-733,True,PASS,62174a33b34b6d0616d57f157a7f8022faa0c6affbc546f03547b66793ac5c49
MBPP+,Per-Expert-SVD,43,mbppplus-736,False,FAIL,b99895e7374aeb781108be745adde6182ac9ed89b6cc22a6d63d29f740127765
MBPP+,Per-Expert-SVD,43,mbppplus-737,False,PARSE_FAILURE,64c07d9fb6ad16f2e3a14c72b3e30a93110a91610ee93fe70c8d7f436dfa37aa
MBPP+,Per-Expert-SVD,43,mbppplus-739,False,FAIL,bbe15ca1ec043a448872f9c2f57d9923470ec847f4a5f161f1e05ebe7e633f4c
MBPP+,Per-Expert-SVD,43,mbppplus-74,False,PARSE_FAILURE,f535df198dea787f9ab71b7239382fc8773245da81684d85ecc48c2f8ede9faa
MBPP+,Per-Expert-SVD,43,mbppplus-740,False,PARSE_FAILURE,4b05e5132d65bffcd828321db22c628e594750f251637c1460ceb5c6663d8079
MBPP+,Per-Expert-SVD,43,mbppplus-742,False,FAIL,e1b6f196d25dd31cc9f9c865b8e58d1eed4ab87b59663251da258a5814f29833
MBPP+,Per-Expert-SVD,43,mbppplus-743,False,FAIL,7c52e01cc0a8808c9a13b104e9ea7690ef531b4bc717c685ed44e31cfdfec71f
MBPP+,Per-Expert-SVD,43,mbppplus-744,True,PASS,10a40f68e6977036f26df7014bd791d17b5d7f5211fd31195f2acdd49b6ad378
MBPP+,Per-Expert-SVD,43,mbppplus-745,False,FAIL,6104460ef24260a24c3a28a0f9ed08688e8abee6e1ea12ff89f4519be6766326
MBPP+,Per-Expert-SVD,43,mbppplus-748,False,PARSE_FAILURE,a56038b0d2af96eec1357f46f4b109e15efceeb1fb944bd600da28141bc2ab7a
MBPP+,Per-Expert-SVD,43,mbppplus-749,False,FAIL,a713b453e6e730c78813d81e4d6ed55d0333d7baa6f4b40e80a7fed9361251cf
MBPP+,Per-Expert-SVD,43,mbppplus-75,False,PARSE_FAILURE,8b177f82a29ad6331968b0f297d618eeee1a0c05ea1ce09b43bac885afc7a3b9
MBPP+,Per-Expert-SVD,43,mbppplus-750,False,FAIL,0c93fac87cd849985a07ecc06ccb978dd48727e342f69fa6416806ad7e47977c
MBPP+,Per-Expert-SVD,43,mbppplus-751,False,FAIL,86ef0b5045f9805e283252dc14420d36ed6b5c80f79ff7a37dd017c4ffd6f222
MBPP+,Per-Expert-SVD,43,mbppplus-753,False,PARSE_FAILURE,c4544e024b74de8f56f50b63e76cffbd4be5f1d54cdfefdcd060a44632c7b1da
MBPP+,Per-Expert-SVD,43,mbppplus-754,False,FAIL,bdc504abf349eb97cef6617373c126c7cd60e97a270f9d6fa41ef222f8f2ad3e
MBPP+,Per-Expert-SVD,43,mbppplus-758,False,PARSE_FAILURE,0d1a0f539cddfd40d4a28bef13323f951df6ee7d985154ff1c14460d8a02cee1
MBPP+,Per-Expert-SVD,43,mbppplus-760,True,PASS,cae3df3355468c8a8046366b66378e6f4711ffaa73e61141b11f694534824497
MBPP+,Per-Expert-SVD,43,mbppplus-763,False,FAIL,3ee3f39a3db5299b63cf09d97fff3ed4a44155a8523bbaade80cdc4a7705e373
MBPP+,Per-Expert-SVD,43,mbppplus-764,False,FAIL,5030e5deca5ca5b5a7bda42ad2d2fd495b7ec23ff56c8d533fa82d756c73649c
MBPP+,Per-Expert-SVD,43,mbppplus-765,False,FAIL,74c4d9a2d9ffbbbfa0cae614867f14d5cd3bd46b4c558270b62cb83bbecc40fc
MBPP+,Per-Expert-SVD,43,mbppplus-766,True,PASS,f21ea639c87a95c11614de92ecbbd9ea78a95e97933f386abdafa370b12a6808
MBPP+,Per-Expert-SVD,43,mbppplus-767,True,PASS,c2ac3a799412a03bfbcac77e6b8d68904960329de745ab082f2802c1b8713220
MBPP+,Per-Expert-SVD,43,mbppplus-77,True,PASS,077b9c4204728b7d8ab6423ac1f363144e654820c7e72f0f4e298623a8204067
MBPP+,Per-Expert-SVD,43,mbppplus-772,False,FAIL,5096f5737689aaa210901d6ee38d81bfbf6e60965ae0da381bae4e82d7c50fe4
MBPP+,Per-Expert-SVD,43,mbppplus-773,False,PARSE_FAILURE,00ee270b454ec276ffd290b158fdd00f615334c00e195e1caf6f022f7c116f4d
MBPP+,Per-Expert-SVD,43,mbppplus-777,False,PARSE_FAILURE,574ef9f3c2656f1aa91e7ee7aeb1c131c2aaf87278d1d2f4865d267b8c6b3766
MBPP+,Per-Expert-SVD,43,mbppplus-778,False,PARSE_FAILURE,047a4bdcfa3c8f855508043f1c44d9dba23d78db401d84681478928affa29cdd
MBPP+,Per-Expert-SVD,43,mbppplus-780,False,PARSE_FAILURE,fe061b159d46bba1eb3950c9bdcdd87dc985c23cd4d2836dcff3a1e627effd18
MBPP+,Per-Expert-SVD,43,mbppplus-782,False,PARSE_FAILURE,95b89691ef0b1a9de52c64c60530bdce969e821ab7702d5e6fdb391d65e34451
MBPP+,Per-Expert-SVD,43,mbppplus-784,False,FAIL,f32e8a79c58abb4eee64d26c3579242aca322f290f4640fd78bec7ca2ef54561
MBPP+,Per-Expert-SVD,43,mbppplus-786,False,PARSE_FAILURE,0104f87ed762714fc455caae1ff715639e09e726213dae513beb049798998e98
MBPP+,Per-Expert-SVD,43,mbppplus-787,False,PARSE_FAILURE,d92a375299aa0cb7c5f5a08a955e7deb76b20172c10c16a39ab3019bd21dc7e9
MBPP+,Per-Expert-SVD,43,mbppplus-79,False,PARSE_FAILURE,e0bc1d2c621c582cae368ae7a28277f018c6561a4f073c5e7fea47853ffb9ee4
MBPP+,Per-Expert-SVD,43,mbppplus-790,False,FAIL,a55f3206f110cbae738520fee0e03d56d7d47fbf6d9253f3aa2d10ca753a6eea
MBPP+,Per-Expert-SVD,43,mbppplus-791,False,FAIL,cbe2dc341c25b42782c94d4f936273a2def21db66d8a95f89d95696c2d8d4683
MBPP+,Per-Expert-SVD,43,mbppplus-792,False,FAIL,da4b91bd977449c71e49b9bec92cacc76e628a596c055e4a522781d1a1ff7ece
MBPP+,Per-Expert-SVD,43,mbppplus-793,False,PARSE_FAILURE,768d4caceb7723e72d4899f12f9bdb4638f1c5c76291dbb9706d8e1d7ae03063
MBPP+,Per-Expert-SVD,43,mbppplus-794,True,PASS,eac23eb58a2d992d0d12137319285276e9aa217433ca027263d3e1d2653f74ab
MBPP+,Per-Expert-SVD,43,mbppplus-796,True,PASS,6c431eb9cf48c863f29b31750de6bc4c39cf4de278a99f8e25fc928fdeaf9e55
MBPP+,Per-Expert-SVD,43,mbppplus-797,False,PARSE_FAILURE,b94279bccedd1c3e204610f28372f8350bfa4a1dd19dea6fbad20ec0578e05dd
MBPP+,Per-Expert-SVD,43,mbppplus-80,False,PARSE_FAILURE,c6fa96284fa7fb2fa60c31568f2f6b30ed73b0e2a5f7ae4bc05a10dfdafe053b
MBPP+,Per-Expert-SVD,43,mbppplus-800,False,ENTRYPOINT_MISSING,6042e2062da74c46a3691392214ed5c8b9c80d15aec43fde2c1f43d53ac95c87
MBPP+,Per-Expert-SVD,43,mbppplus-803,False,FAIL,a5684b5004546e3fbc078068c98e2abbac5a25da91d6bfbfccd14193351a5808
MBPP+,Per-Expert-SVD,43,mbppplus-804,False,ENTRYPOINT_MISSING,3814c5845ac0d16cb8bb08e80a47c1e9272a79593e11a55ffa5d5422ec6a029f
MBPP+,Per-Expert-SVD,43,mbppplus-805,False,FAIL,3690ad04b1471ab4e1f50b4a2cdf865bd4bb2b450eb54361bb2829e1ca53e462
MBPP+,Per-Expert-SVD,43,mbppplus-806,False,FAIL,97498dfefd421c129ce0bf21004ff45f2bf238aa343533bb655fa98c7399fd5b
MBPP+,Per-Expert-SVD,43,mbppplus-808,False,ENTRYPOINT_MISSING,b98eecc11b96d50c8abc366d90eeb78f2fc710e620c652b64edfe743d40bee05
MBPP+,Per-Expert-SVD,43,mbppplus-809,False,FAIL,b025bda2e1403399d33aa8a771651fd742055f720d196225dc9c0eee03bb759b
MBPP+,Per-Expert-SVD,43,mbppplus-82,False,FAIL,1c79320464c9b20347d773610baceb09386caccdfad24e43de52e9760475feaf
MBPP+,Per-Expert-SVD,43,mbppplus-84,False,PARSE_FAILURE,2f06b9f713a132e8f00c09725ca3d20cbfa99b6a5ef522fc0c51210db2375d47
MBPP+,Per-Expert-SVD,43,mbppplus-86,False,PARSE_FAILURE,ddc93ca10bf5f777c917b7f27496c75a43629d0ac00c8a2297828ba097e5969b
MBPP+,Per-Expert-SVD,43,mbppplus-87,False,PARSE_FAILURE,b140df5baee51c5dc8c37787fa34ce935545c112403391d977eed0667554d196
MBPP+,Per-Expert-SVD,43,mbppplus-88,True,PASS,dff0e573004f3dde0aff15a95600d3aae960fccc5c1be1eeae4837e36f292e38
MBPP+,Per-Expert-SVD,43,mbppplus-9,False,PARSE_FAILURE,f21f6dfa370a351961c1c7aa06de18503aa05a56817d468a5d6058694d330174
MBPP+,Per-Expert-SVD,43,mbppplus-90,True,PASS,31dccf53303180b50a6d39292910112642806e30da1c07037291886f142bb50f
MBPP+,Per-Expert-SVD,43,mbppplus-91,False,FAIL,1e2bd07b5840ac86bdd048688c799b6a45e41efaff68ed4861d2ec543e681e97
MBPP+,Per-Expert-SVD,43,mbppplus-93,False,PARSE_FAILURE,4600f404349033390ba7768b95c24059f427b8dee83f6405999bcf58bb66ad02
MBPP+,Per-Expert-SVD,43,mbppplus-94,False,FAIL,391c5aec1e4335a8e80697f7d319c9f8e7f16a9c3ebc995db45b37e72fbaa14f
MBPP+,Per-Expert-SVD,43,mbppplus-95,False,PARSE_FAILURE,1bea0157a10cd17cc74939a5f6eab6aff4ba1219a37b62bfd657cfee79188d2a
MBPP+,Per-Expert-SVD,43,mbppplus-98,False,FAIL,aa6a068e33e4b0643f0751eb8c7dbab940a5f747a16dc6cd3bb9e1090e5a93f4
MBPP+,Per-Expert-SVD,43,mbppplus-99,False,FAIL,9fc708ad54817bb1b1c41d2c2e2741176a295685c47800555ff1e96ab7539f10
